query_id,date,source,query,url,title,returned_count,decision,exclusion_reason,access_status,study_id,raw_record
ac-q02,2026-09-14,web.search_query,surfing wave preferences surfers skill wave height empirical survey study environmental conditions,https://pubmed.ncbi.nlm.nih.gov/22661009/,Assessing preferences of beach users for certain aspects of weather and ocean conditions: case studies from Australia - PubMed,37,selected_for_review,총괄 통합중 직접관련성 재검토하여 ac-q18로 보완; 초기 handoff 결정을 변경,search_return_screen_only,AC-S10,search_records/ac-q02.json#turn12search0
ac-q02,2026-09-14,web.search_query,surfing wave preferences surfers skill wave height empirical survey study environmental conditions,https://pubmed.ncbi.nlm.nih.gov/24736778/,The effect of wave conditions and surfer ability on performance and the physiological response of recreational surfers - PubMed,37,selected_for_review,,search_return_screen_only,AC-S01,search_records/ac-q02.json#turn12search1
ac-q02,2026-09-14,web.search_query,surfing wave preferences surfers skill wave height empirical survey study environmental conditions,https://www.sciencedirect.com/science/article/abs/pii/S0308597X16000361,The utility of surfers’ wave knowledge for coastal management - ScienceDirect,37,not_prioritized,주변 관련 후보; 직접 확인한 핵심 원연구·공식자료를 우선하며 전원문 검토는 수행하지 않음,search_return_screen_only,,search_records/ac-q02.json#turn12search2
ac-q02,2026-09-14,web.search_query,surfing wave preferences surfers skill wave height empirical survey study environmental conditions,https://doi.org/10.1108/SBM-07-2013-0026,"The tragedy of the waves | Sport, Business and Management | Emerald Publishing",37,not_prioritized,관련성 있는 주변 후보도 포함될 수 있으나 이번 제한된 원문검토 우선순위에서 미선정; 원문 미열람,search_return_screen_only,,search_records/ac-q02.json#turn12search3
ac-q02,2026-09-14,web.search_query,surfing wave preferences surfers skill wave height empirical survey study environmental conditions,https://researchportal.plymouth.ac.uk/en/publications/the-effect-of-wave-conditions-and-surfer-ability-on-performance-a/,The effect of wave conditions and surfer ability on performance and the physiological response of recreational surfers. - University of Plymouth,37,duplicate_or_alternative_access,같은 연구의 재반환 또는 다른 접근주소; 독립연구로 세지 않음,search_return_screen_only,AC-S01,search_records/ac-q02.json#turn12search4
ac-q02,2026-09-14,web.search_query,surfing wave preferences surfers skill wave height empirical survey study environmental conditions,https://pubmed.ncbi.nlm.nih.gov/29390944/,Goofy vs. Regular: Laterality effects in surfing.,37,not_prioritized,주변 관련 후보; 직접 확인한 핵심 원연구·공식자료를 우선하며 전원문 검토는 수행하지 않음,search_return_screen_only,,search_records/ac-q02.json#turn12search5
ac-q02,2026-09-14,web.search_query,surfing wave preferences surfers skill wave height empirical survey study environmental conditions,https://www.sciencedirect.com/org/science/article/abs/pii/S2042678X16000226,The tragedy of the waves - ScienceDirect,37,not_prioritized,관련성 있는 주변 후보도 포함될 수 있으나 이번 제한된 원문검토 우선순위에서 미선정; 원문 미열람,search_return_screen_only,,search_records/ac-q02.json#turn12search6
ac-q02,2026-09-14,web.search_query,surfing wave preferences surfers skill wave height empirical survey study environmental conditions,https://www.sciencedirect.com/science/article/pii/S0964569117300613,Using local knowledge to project sea level rise impacts on wave resources in California - ScienceDirect,37,not_prioritized,관련성 있는 주변 후보도 포함될 수 있으나 이번 제한된 원문검토 우선순위에서 미선정; 원문 미열람,search_return_screen_only,,search_records/ac-q02.json#turn12search7
ac-q02,2026-09-14,web.search_query,surfing wave preferences surfers skill wave height empirical survey study environmental conditions,https://www.mdpi.com/2073-4433/12/3/293,Which Meteorological and Climatological Information Is Requested for Better Surfing Experiences? A Survey-Based Analysis,37,selected_for_review,,search_return_screen_only,AC-S02,search_records/ac-q02.json#turn12search8
ac-q02,2026-09-14,web.search_query,surfing wave preferences surfers skill wave height empirical survey study environmental conditions,https://journals.sagepub.com/doi/full/10.1177/17479541241279044,"A principled approach to skill acquisition in competitive surfing: Embracing representative learning design - Rick Dann, Steven Duhig, Llion Roberts, Vincent Kelly, Ian Renshaw, Jonathon Headrick, 2024",37,not_prioritized,주변 관련 후보; 직접 확인한 핵심 원연구·공식자료를 우선하며 전원문 검토는 수행하지 않음,search_return_screen_only,,search_records/ac-q02.json#turn12search9
ac-q02,2026-09-14,web.search_query,surfing wave preferences surfers skill wave height empirical survey study environmental conditions,https://www.tandfonline.com/doi/full/10.1080/1357650X.2018.1433192,"Goofy vs. Regular: Laterality effects in surfing: Laterality: Vol 23 , No 6 - Get Access",37,not_prioritized,주변 관련 후보; 직접 확인한 핵심 원연구·공식자료를 우선하며 전원문 검토는 수행하지 않음,search_return_screen_only,,search_records/ac-q02.json#turn12search10
ac-q02,2026-09-14,web.search_query,surfing wave preferences surfers skill wave height empirical survey study environmental conditions,https://research.leedstrinity.ac.uk/en/publications/the-effect-of-wave-conditions-and-surfer-ability-on-performance-a/,The effect of wave conditions and surfer ability on performance and the physiological response of recreational surfers - Leeds Trinity University Research Portal,37,duplicate_or_alternative_access,같은 연구의 재반환 또는 다른 접근주소; 독립연구로 세지 않음,search_return_screen_only,AC-S01,search_records/ac-q02.json#turn12search11
ac-q02,2026-09-14,web.search_query,surfing wave preferences surfers skill wave height empirical survey study environmental conditions,https://pure.plymouth.ac.uk/ws/portalfiles/portal/38494136/2015Stokes308501PhD.pdf,"varied more significantly than the perceptions of mean wave height or large wave occurrence. There were significant differences between novice, experienced, and expert water-users, who perceived ideal waves to occur on 48%, 37%, and 27% of days in a typical year, respectively. Surfers and non-surfers also had different perceptions, at 32% and 43% of days, respectively, as did men and women, at 35% and 45% of days, respectively. The joint probability of the measured wave height ($H_{s,b}$) and period ($T_p$) being within the (perception-adjusted) preferred range for each group was then calculated to compare to these perceptions. As the measured probabilities came from daily-averaged wave conditions, $T_p$ was assumed to be equivalent to $T_{1/3}$ (used to determine preferred wave period) rather than attempting to account for the 5% overestimation of $T_{1/3}$ during windseas (Goda, 1978). Fig. 4.14 (lower panel) shows that experts, surfers, and men accurately estimated the occurrence of preferred wave conditions, with their average estimates being statistically indifferent to the measured probabilities. Novice, experienced, non-surfing, and female water-users all underestimated the occurrence of ideal waves, by between 11% (novices) and 36% (non-surfers). The range of preferred wave periods is largest for non-surfers, which explains why the measured probability of their preferred wave conditions occurring is also the largest, but doesn’t necessarily explain the disparity with their perceptions.",37,not_prioritized,주변 관련 후보; 직접 확인한 핵심 원연구·공식자료를 우선하며 전원문 검토는 수행하지 않음,search_return_screen_only,,search_records/ac-q02.json#turn12search12
ac-q02,2026-09-14,web.search_query,surfing wave preferences surfers skill wave height empirical survey study environmental conditions,https://escholarship.org/content/qt6h72j1fz/qt6h72j1fz_noSplash_e9acf23aaf1f89711020355d7c3f66eb.pdf?t=lnpkzx,The Science of Surfing Waves and Surfing Breaks - A Review,37,not_prioritized,주변 관련 후보; 직접 확인한 핵심 원연구·공식자료를 우선하며 전원문 검토는 수행하지 않음,search_return_screen_only,,search_records/ac-q02.json#turn12search13
ac-q02,2026-09-14,web.search_query,surfing wave preferences surfers skill wave height empirical survey study environmental conditions,https://citeseerx.ist.psu.edu/document?doi=685bb8f47eb6866ff67aa2e8d1c3b65f9f0fe3fe&repid=rep1&type=pdf,Limitations On The Creation of Continuously Surfable Waves,37,not_prioritized,주변 관련 후보; 직접 확인한 핵심 원연구·공식자료를 우선하며 전원문 검토는 수행하지 않음,search_return_screen_only,,search_records/ac-q02.json#turn12search14
ac-q02,2026-09-14,web.search_query,surfing wave preferences surfers skill wave height empirical survey study environmental conditions,https://journals.sagepub.com/doi/pdf/10.1177/17479541241279044,A principled approach to skill acquisition in competitive surfing: Embracing representative learning design,37,not_prioritized,주변 관련 후보; 직접 확인한 핵심 원연구·공식자료를 우선하며 전원문 검토는 수행하지 않음,search_return_screen_only,,search_records/ac-q02.json#turn12search15
ac-q02,2026-09-14,web.search_query,surfing wave preferences surfers skill wave height empirical survey study environmental conditions,https://bioone.org/journals/journal-of-coastal-research/volume-2009/issue-253/07-0958.1/Research-Based-Surfing-Literature-for-Coastal-Management-and-the-Science/10.2112/07-0958.1.pdf,Research-Based Surfing Literature for Coastal,37,not_prioritized,주변 관련 후보; 직접 확인한 핵심 원연구·공식자료를 우선하며 전원문 검토는 수행하지 않음,search_return_screen_only,,search_records/ac-q02.json#turn12search16
ac-q02,2026-09-14,web.search_query,surfing wave preferences surfers skill wave height empirical survey study environmental conditions,https://escholarship.org/content/qt28612336/qt28612336.pdf,UC San Diego,37,not_prioritized,관련성 있는 주변 후보도 포함될 수 있으나 이번 제한된 원문검토 우선순위에서 미선정; 원문 미열람,search_return_screen_only,,search_records/ac-q02.json#turn12search17
ac-q02,2026-09-14,web.search_query,surfing wave preferences surfers skill wave height empirical survey study environmental conditions,https://en.wikipedia.org/wiki/Surfing,Surfing,37,excluded,비원자료/비공식 홍보·커뮤니티·백과 또는 주제무관; 수치규칙의 과학근거로 미채택,search_return_screen_only,,search_records/ac-q02.json#turn12search18
ac-q02,2026-09-14,web.search_query,surfing wave preferences surfers skill wave height empirical survey study environmental conditions,https://www.reddit.com/r/BeginnerSurfers/comments/1rtg866/survey_developing_a_physicsbased_simulator_to/,[Survey] Developing a physics-based simulator to help with wave reading & dry training. Need your feedback!,37,excluded,비원자료/비공식 홍보·커뮤니티·백과 또는 주제무관; 수치규칙의 과학근거로 미채택,search_return_screen_only,,search_records/ac-q02.json#turn12reddit19
ac-q02,2026-09-14,web.search_query,surfing wave preferences surfers skill wave height empirical survey study environmental conditions,https://en.wikipedia.org/wiki/World_Surf_League,World Surf League,37,excluded,비원자료/비공식 홍보·커뮤니티·백과 또는 주제무관; 수치규칙의 과학근거로 미채택,search_return_screen_only,,search_records/ac-q02.json#turn12search20
ac-q02,2026-09-14,web.search_query,surfing wave preferences surfers skill wave height empirical survey study environmental conditions,https://www.reddit.com/r/surfing/comments/1ejav0e,Wave selection at the Olympics.,37,excluded,비원자료/비공식 홍보·커뮤니티·백과 또는 주제무관; 수치규칙의 과학근거로 미채택,search_return_screen_only,,search_records/ac-q02.json#turn12reddit21
ac-q02,2026-09-14,web.search_query,surfing wave preferences surfers skill wave height empirical survey study environmental conditions,https://arxiv.org/abs/2102.11694,Capillary surfers: wave-driven particles at a vibrating fluid interface,37,not_prioritized,주변 관련 후보; 직접 확인한 핵심 원연구·공식자료를 우선하며 전원문 검토는 수행하지 않음,search_return_screen_only,,search_records/ac-q02.json#turn12academia22
ac-q02,2026-09-14,web.search_query,surfing wave preferences surfers skill wave height empirical survey study environmental conditions,https://en.wikipedia.org/wiki/Surf_forecasting,Surf forecasting,37,excluded,비원자료/비공식 홍보·커뮤니티·백과 또는 주제무관; 수치규칙의 과학근거로 미채택,search_return_screen_only,,search_records/ac-q02.json#turn12search23
ac-q02,2026-09-14,web.search_query,surfing wave preferences surfers skill wave height empirical survey study environmental conditions,https://en.wikipedia.org/wiki/Wind_wave,Wind wave,37,excluded,비원자료/비공식 홍보·커뮤니티·백과 또는 주제무관; 수치규칙의 과학근거로 미채택,search_return_screen_only,,search_records/ac-q02.json#turn12search24
ac-q02,2026-09-14,web.search_query,surfing wave preferences surfers skill wave height empirical survey study environmental conditions,https://en.wikipedia.org/wiki/Surf_culture,Surf culture,37,excluded,비원자료/비공식 홍보·커뮤니티·백과 또는 주제무관; 수치규칙의 과학근거로 미채택,search_return_screen_only,,search_records/ac-q02.json#turn12search25
ac-q02,2026-09-14,web.search_query,surfing wave preferences surfers skill wave height empirical survey study environmental conditions,https://www.reddit.com/r/Sup/comments/15qys4e,Preferred wave height or no waves?,37,excluded,비원자료/비공식 홍보·커뮤니티·백과 또는 주제무관; 수치규칙의 과학근거로 미채택,search_return_screen_only,,search_records/ac-q02.json#turn12reddit26
ac-q02,2026-09-14,web.search_query,surfing wave preferences surfers skill wave height empirical survey study environmental conditions,https://www.reddit.com/r/surfing/comments/15f70no/how_do_you_predict_wave_heights/,How do you predict wave heights?,37,excluded,비원자료/비공식 홍보·커뮤니티·백과 또는 주제무관; 수치규칙의 과학근거로 미채택,search_return_screen_only,,search_records/ac-q02.json#turn12reddit27
ac-q02,2026-09-14,web.search_query,surfing wave preferences surfers skill wave height empirical survey study environmental conditions,https://arxiv.org/abs/0907.4240,"Semi-empirical dissipation source functions for ocean waves: Part I, definition, calibration and validation",37,not_prioritized,관련성 있는 주변 후보도 포함될 수 있으나 이번 제한된 원문검토 우선순위에서 미선정; 원문 미열람,search_return_screen_only,,search_records/ac-q02.json#turn12academia28
ac-q02,2026-09-14,web.search_query,surfing wave preferences surfers skill wave height empirical survey study environmental conditions,https://arxiv.org/abs/0806.2718,Palm distributions of wave characteristics in encountering seas,37,not_prioritized,관련성 있는 주변 후보도 포함될 수 있으나 이번 제한된 원문검토 우선순위에서 미선정; 원문 미열람,search_return_screen_only,,search_records/ac-q02.json#turn12academia29
ac-q02,2026-09-14,web.search_query,surfing wave preferences surfers skill wave height empirical survey study environmental conditions,https://en.wikipedia.org/wiki/Cortes_Bank,Cortes Bank,37,excluded,비원자료/비공식 홍보·커뮤니티·백과 또는 주제무관; 수치규칙의 과학근거로 미채택,search_return_screen_only,,search_records/ac-q02.json#turn12search30
ac-q02,2026-09-14,web.search_query,surfing wave preferences surfers skill wave height empirical survey study environmental conditions,https://www.reddit.com/r/BeginnerSurfers/comments/146cdsw,Becoming more selective about waves?,37,excluded,비원자료/비공식 홍보·커뮤니티·백과 또는 주제무관; 수치규칙의 과학근거로 미채택,search_return_screen_only,,search_records/ac-q02.json#turn12reddit31
ac-q02,2026-09-14,web.search_query,surfing wave preferences surfers skill wave height empirical survey study environmental conditions,https://arxiv.org/abs/1709.08725,A Machine Learning Framework to Forecast Wave Conditions,37,not_prioritized,관련성 있는 주변 후보도 포함될 수 있으나 이번 제한된 원문검토 우선순위에서 미선정; 원문 미열람,search_return_screen_only,,search_records/ac-q02.json#turn12academia32
ac-q02,2026-09-14,web.search_query,surfing wave preferences surfers skill wave height empirical survey study environmental conditions,https://www.reddit.com/r/surfing/comments/1kmu9ic,Do you reckon it’s harder to get good at big wave surfing or at the skill side of things,37,excluded,비원자료/비공식 홍보·커뮤니티·백과 또는 주제무관; 수치규칙의 과학근거로 미채택,search_return_screen_only,,search_records/ac-q02.json#turn12reddit33
ac-q02,2026-09-14,web.search_query,surfing wave preferences surfers skill wave height empirical survey study environmental conditions,https://www.reddit.com/r/surfing/comments/1f0v5ez,Wave quality vs crowd quality,37,excluded,비원자료/비공식 홍보·커뮤니티·백과 또는 주제무관; 수치규칙의 과학근거로 미채택,search_return_screen_only,,search_records/ac-q02.json#turn12reddit34
ac-q02,2026-09-14,web.search_query,surfing wave preferences surfers skill wave height empirical survey study environmental conditions,https://www.reddit.com/r/geography/comments/1j9j1ry,What is the perfect geography conditions for surfing?,37,excluded,비원자료/비공식 홍보·커뮤니티·백과 또는 주제무관; 수치규칙의 과학근거로 미채택,search_return_screen_only,,search_records/ac-q02.json#turn12reddit35
ac-q02,2026-09-14,web.search_query,surfing wave preferences surfers skill wave height empirical survey study environmental conditions,https://www.reddit.com/r/surfing/comments/tfzo7u,minimum fetch distance for surf. what's the shortest amount of fetch people score waves,37,excluded,비원자료/비공식 홍보·커뮤니티·백과 또는 주제무관; 수치규칙의 과학근거로 미채택,search_return_screen_only,,search_records/ac-q02.json#turn12reddit36
ac-q03,2026-09-14,web.search_query,서핑 파고 주기 바람 숙련도 선호 연구,https://info.koreacharts.com/surfing/10011/contents.html?date=2026-07-07,송지호해수욕장 서핑 파도정보 | 파고·파주기·수온,20,excluded,비원자료/비공식 홍보·커뮤니티·백과 또는 주제무관; 수치규칙의 과학근거로 미채택,search_return_screen_only,,search_records/ac-q03.json#turn14search0
ac-q03,2026-09-14,web.search_query,서핑 파고 주기 바람 숙련도 선호 연구,https://info.koreacharts.com/surfing/10011/contents.html?date=2026-08-14,송지호해수욕장 서핑 파도정보 | 파고·파주기·수온,20,excluded,비원자료/비공식 홍보·커뮤니티·백과 또는 주제무관; 수치규칙의 과학근거로 미채택,search_return_screen_only,,search_records/ac-q03.json#turn14search1
ac-q03,2026-09-14,web.search_query,서핑 파고 주기 바람 숙련도 선호 연구,https://info.koreacharts.com/surfing/10011/contents.html?date=2026-08-25,송지호해수욕장 서핑 파도정보 | 파고·파주기·수온,20,excluded,비원자료/비공식 홍보·커뮤니티·백과 또는 주제무관; 수치규칙의 과학근거로 미채택,search_return_screen_only,,search_records/ac-q03.json#turn14search2
ac-q03,2026-09-14,web.search_query,서핑 파고 주기 바람 숙련도 선호 연구,https://info.koreacharts.com/surfing/10011/contents.html?date=2026-06-25,송지호해수욕장 서핑 파도정보 | 파고·파주기·수온,20,excluded,비원자료/비공식 홍보·커뮤니티·백과 또는 주제무관; 수치규칙의 과학근거로 미채택,search_return_screen_only,,search_records/ac-q03.json#turn14search3
ac-q03,2026-09-14,web.search_query,서핑 파고 주기 바람 숙련도 선호 연구,https://info.koreacharts.com/surfing/10011/contents.html?date=2026-08-17,송지호해수욕장 서핑 파도정보 | 파고·파주기·수온,20,excluded,비원자료/비공식 홍보·커뮤니티·백과 또는 주제무관; 수치규칙의 과학근거로 미채택,search_return_screen_only,,search_records/ac-q03.json#turn14search4
ac-q03,2026-09-14,web.search_query,서핑 파고 주기 바람 숙련도 선호 연구,https://info.koreacharts.com/surfing/10011/contents.html?date=2026-09-08,송지호해수욕장 서핑 파도정보 | 파고·파주기·수온,20,excluded,비원자료/비공식 홍보·커뮤니티·백과 또는 주제무관; 수치규칙의 과학근거로 미채택,search_return_screen_only,,search_records/ac-q03.json#turn14search5
ac-q03,2026-09-14,web.search_query,서핑 파고 주기 바람 숙련도 선호 연구,https://info.koreacharts.com/surfing/10011/contents.html?date=2026-09-05,송지호해수욕장 서핑 파도정보 | 파고·파주기·수온,20,excluded,비원자료/비공식 홍보·커뮤니티·백과 또는 주제무관; 수치규칙의 과학근거로 미채택,search_return_screen_only,,search_records/ac-q03.json#turn14search6
ac-q03,2026-09-14,web.search_query,서핑 파고 주기 바람 숙련도 선호 연구,https://info.koreacharts.com/surfing/10011/contents.html?date=2026-09-03,송지호해수욕장 서핑 파도정보 | 파고·파주기·수온,20,excluded,비원자료/비공식 홍보·커뮤니티·백과 또는 주제무관; 수치규칙의 과학근거로 미채택,search_return_screen_only,,search_records/ac-q03.json#turn14search7
ac-q03,2026-09-14,web.search_query,서핑 파고 주기 바람 숙련도 선호 연구,https://www.tabling.co.kr/place/677cccc666de5f06987fba4d,파고 - 테이블링,20,excluded,비원자료/비공식 홍보·커뮤니티·백과 또는 주제무관; 수치규칙의 과학근거로 미채택,search_return_screen_only,,search_records/ac-q03.json#turn14search8
ac-q03,2026-09-14,web.search_query,서핑 파고 주기 바람 숙련도 선호 연구,https://www.kma.go.kr/kma/servlet/NeoboardProcess?bid=rndintro&callback=https%3A%2F%2Fwww.kma.go.kr%2Fkma%2Fpublic%2Fadm%2Frnd_01.jsp&fno=1&k=ATC202301170737371_1eab637a-323d-4e4e-9c47-cf427377eb9b.pdf&mode=download&num=75&ses=USERSESSION,2023년도 연구용역사업 추진계획,20,not_prioritized,관련성 있는 주변 후보도 포함될 수 있으나 이번 제한된 원문검토 우선순위에서 미선정; 원문 미열람,search_return_screen_only,,search_records/ac-q03.json#turn14search12
ac-q03,2026-09-14,web.search_query,서핑 파고 주기 바람 숙련도 선호 연구,https://v.daum.net/v/bHDnrpFYw5,"양양 죽도·인구해변 서핑 강습, 바람·파고·장비 대여 조건 확인 한눈에 보기 | 여행다이어리",20,not_prioritized,관련성 있는 주변 후보도 포함될 수 있으나 이번 제한된 원문검토 우선순위에서 미선정; 원문 미열람,search_return_screen_only,,search_records/ac-q03.json#turn14search9
ac-q03,2026-09-14,web.search_query,서핑 파고 주기 바람 숙련도 선호 연구,https://www.kma.go.kr/kma/servlet/NeoboardProcess?bid=rndintro&callback=https%3A%2F%2Fwww.kma.go.kr%2Fkma%2Fpublic%2Fadm%2Frnd.jsp&fno=1&k=ATC202301170737371_1eab637a-323d-4e4e-9c47-cf427377eb9b.pdf&mode=download&num=75&ses=USERSESSION,일반  융합11  (단년도) 강원도 동해안 서핑 안전·활동 기상융합정보 생산 기술 개발  강원지방기상청 기후서비스과,20,not_prioritized,관련성 있는 주변 후보도 포함될 수 있으나 이번 제한된 원문검토 우선순위에서 미선정; 원문 미열람,search_return_screen_only,,search_records/ac-q03.json#turn14search13
ac-q03,2026-09-14,web.search_query,서핑 파고 주기 바람 숙련도 선호 연구,https://pdfs.semanticscholar.org/4b10/ba7f95f1bfacbe18ff681ee85e00b37efd55.pdf,02 1480 성홍근.hwp,20,not_prioritized,관련성 있는 주변 후보도 포함될 수 있으나 이번 제한된 원문검토 우선순위에서 미선정; 원문 미열람,search_return_screen_only,,search_records/ac-q03.json#turn14search14
ac-q03,2026-09-14,web.search_query,서핑 파고 주기 바람 숙련도 선호 연구,https://groundgolfkorea.com/%EC%84%9C%ED%8F%89%ED%83%9D-%ED%8C%8C3-%EA%B3%A8%ED%94%84%EC%9E%A5/,서평택 파3 골프장 숏게임 아이언 연습 18홀 추천 (경기도 수원시) - 그라운드골프코리아,20,excluded,비원자료/비공식 홍보·커뮤니티·백과 또는 주제무관; 수치규칙의 과학근거로 미채택,search_return_screen_only,,search_records/ac-q03.json#turn14search10
ac-q03,2026-09-14,web.search_query,서핑 파고 주기 바람 숙련도 선호 연구,https://realty.daangn.com/complexes/15126826?entry_section=external,성남시 분당구 삼평동 판교호반써밋플레이스 실거래가·시세·매물·살아본후기 6개 | 당근부동산,20,excluded,비원자료/비공식 홍보·커뮤니티·백과 또는 주제무관; 수치규칙의 과학근거로 미채택,search_return_screen_only,,search_records/ac-q03.json#turn14search11
ac-q03,2026-09-14,web.search_query,서핑 파고 주기 바람 숙련도 선호 연구,https://sciwatch.kiost.ac.kr/bitstream/2020.kiost/38143/1/%EC%9D%B4%EC%83%81%EA%B3%A0%ED%8C%8C_%EC%9B%90%EC%9D%B8%EA%B7%9C%EB%AA%85_%EB%B0%8F_%EC%98%88%EC%B8%A1%C2%B7%EA%B0%90%EC%8B%9C%EA%B8%B0%EC%88%A0_%EA%B0%9C%EB%B0%9C_%EC%97%B0%EA%B5%AC.pdf,이상고파 원인규명 및 예측·감시기술 개발 연구,20,not_prioritized,관련성 있는 주변 후보도 포함될 수 있으나 이번 제한된 원문검토 우선순위에서 미선정; 원문 미열람,search_return_screen_only,,search_records/ac-q03.json#turn14search15
ac-q03,2026-09-14,web.search_query,서핑 파고 주기 바람 숙련도 선호 연구,https://www.training.go.kr/htmi/Report/TD0392TR0221016/20180914ipxRmT7l.pdf?saveas=%5Be3%5Dxws2ogDf9JrSInKlQQQ-Fl0CL_XByFxFpc6tTqsoCCD-MKcTJVOGV4Fcie7h3Txminxxxl7JN_ZDxhV3QgGLXkty9irQ%3D%3D,○ 미국 해양기상청의 해양기상정보 서비스 체계,20,not_prioritized,관련성 있는 주변 후보도 포함될 수 있으나 이번 제한된 원문검토 우선순위에서 미선정; 원문 미열람,search_return_screen_only,,search_records/ac-q03.json#turn14search16
ac-q03,2026-09-14,web.search_query,서핑 파고 주기 바람 숙련도 선호 연구,https://www.changwon.go.kr/cwportal/_res/depart/data/pdf/p13993_down01.pdf,2_창원시 수필공모전 수상작품집 내지.indd,20,not_prioritized,관련성 있는 주변 후보도 포함될 수 있으나 이번 제한된 원문검토 우선순위에서 미선정; 원문 미열람,search_return_screen_only,,search_records/ac-q03.json#turn14search17
ac-q03,2026-09-14,web.search_query,서핑 파고 주기 바람 숙련도 선호 연구,https://arxiv.org/abs/0710.1274,Gravity model in the Korean highway,20,not_prioritized,관련성 있는 주변 후보도 포함될 수 있으나 이번 제한된 원문검토 우선순위에서 미선정; 원문 미열람,search_return_screen_only,,search_records/ac-q03.json#turn14academia18
ac-q03,2026-09-14,web.search_query,서핑 파고 주기 바람 숙련도 선호 연구,https://arxiv.org/abs/0710.0738,"Superconductivity in novel Ge-based skutterudites: {Sr,Ba}Pt_4Ge_{12}",20,excluded,요구한 활동×환경×결과 관계와 무관하거나 연구 원문이 아님,search_return_screen_only,,search_records/ac-q03.json#turn14academia19
ac-q04,2026-09-14,web.search_query,갯벌 체험 조석 안전 고립 연구,https://encykorea.aks.ac.kr/Article/E0080761,갯벌 - 한국민족문화대백과사전,15,not_prioritized,관련성 있는 주변 후보도 포함될 수 있으나 이번 제한된 원문검토 우선순위에서 미선정; 원문 미열람,search_return_screen_only,,search_records/ac-q04.json#turn13search0
ac-q04,2026-09-14,web.search_query,갯벌 체험 조석 안전 고립 연구,https://www.yna.co.kr/amp/view/AKR20260831091100063,"주말새 갯벌 고립·표류 잇따라…""대조기 기간 안전 주의"" | 연합뉴스",15,not_prioritized,관련성 있는 주변 후보도 포함될 수 있으나 이번 제한된 원문검토 우선순위에서 미선정; 원문 미열람,search_return_screen_only,,search_records/ac-q04.json#turn13search1
ac-q04,2026-09-14,web.search_query,갯벌 체험 조석 안전 고립 연구,https://dspace.hansung.ac.kr/bitstream/2024.oak/10632/2/TH_N1A3A3_%ED%95%B4%EC%96%91%EC%95%88%EC%A0%84%20%EC%B2%B4%ED%97%98%EA%B5%90%EC%9C%A1%20%EA%B0%9C%EC%84%A0%20%EB%B0%A9%EC%95%88%EC%97%90%20%EA%B4%80%ED%95%9C%20%EC%97%B0%EA%B5%AC%20.pdf,석사학위논문   해양안전 체험교육 개선  방안에 관한 연구  - 해양경찰교육원을 중심으로,15,not_prioritized,관련성 있는 주변 후보도 포함될 수 있으나 이번 제한된 원문검토 우선순위에서 미선정; 원문 미열람,search_return_screen_only,,search_records/ac-q04.json#turn13search12
ac-q04,2026-09-14,web.search_query,갯벌 체험 조석 안전 고립 연구,https://tidetimesglobal.com/ko/guide/,"조석 가이드 - 조석의 원리, 조석표 읽기, 갯벌 안전 | TideTimes Global",15,not_prioritized,주변 관련 후보; 직접 확인한 핵심 원연구·공식자료를 우선하며 전원문 검토는 수행하지 않음,search_return_screen_only,,search_records/ac-q04.json#turn13search2
ac-q04,2026-09-14,web.search_query,갯벌 체험 조석 안전 고립 연구,https://sjeec.or.kr/migration/2023/03/29/1062731775_K7uxsCwe_1a6d8ed861d14116d471611e66d3038776738a87.pdf,※ 갯벌 체험활동 안전 점검 체크 리스트,15,not_prioritized,관련성 있는 주변 후보도 포함될 수 있으나 이번 제한된 원문검토 우선순위에서 미선정; 원문 미열람,search_return_screen_only,,search_records/ac-q04.json#turn13search13
ac-q04,2026-09-14,web.search_query,갯벌 체험 조석 안전 고립 연구,https://kcg.go.kr/inchoncgs/na/ntt/selectNttInfo.do?nttSn=68060,인천해양경찰서,15,selected_for_review,,search_return_screen_only,AC-S07,search_records/ac-q04.json#turn13search3
ac-q04,2026-09-14,web.search_query,갯벌 체험 조석 안전 고립 연구,https://ofkorea.kr/guide/safety,갯벌·갯바위 안전 수칙 — 물때를 모르면 위험합니다 | 물때in,15,not_prioritized,관련성 있는 주변 후보도 포함될 수 있으나 이번 제한된 원문검토 우선순위에서 미선정; 원문 미열람,search_return_screen_only,,search_records/ac-q04.json#turn13search4
ac-q04,2026-09-14,web.search_query,갯벌 체험 조석 안전 고립 연구,https://www.kcg.go.kr/inchoncgs/na/ntt/selectNttInfo.do?nttSn=69789,인천해양경찰서,15,not_prioritized,관련성 있는 주변 후보도 포함될 수 있으나 이번 제한된 원문검토 우선순위에서 미선정; 원문 미열람,search_return_screen_only,,search_records/ac-q04.json#turn13search5
ac-q04,2026-09-14,web.search_query,갯벌 체험 조석 안전 고립 연구,https://www.kcg.go.kr/inchoncgs/na/ntt/selectNttInfo.do?nttSn=71130,인천해양경찰서,15,not_prioritized,관련성 있는 주변 후보도 포함될 수 있으나 이번 제한된 원문검토 우선순위에서 미선정; 원문 미열람,search_return_screen_only,,search_records/ac-q04.json#turn13search6
ac-q04,2026-09-14,web.search_query,갯벌 체험 조석 안전 고립 연구,https://mvpworld.kr/%EB%AC%BC%EB%95%8C%ED%91%9C-%EB%B3%B4%EB%8A%94-%EB%B2%95-%EB%B0%8F-%EC%A1%B0%EC%84%9D-%EC%A0%95%EB%B3%B4-%EC%99%84%EB%B2%BD-%ED%95%B4%EC%84%9D-%EB%82%9A%EC%8B%9C%C2%B7%ED%95%B4%EB%A3%A8%EC%A7%88/,물때표 보는 법 및 조석 정보 완벽 해석 (낚시·해루질·갯벌체험 필수 지식) - 므브프 블로그,15,not_prioritized,관련성 있는 주변 후보도 포함될 수 있으나 이번 제한된 원문검토 우선순위에서 미선정; 원문 미열람,search_return_screen_only,,search_records/ac-q04.json#turn13search7
ac-q04,2026-09-14,web.search_query,갯벌 체험 조석 안전 고립 연구,https://info.koreacharts.com/mudflat/10018/contents.html?date=2026-09-03,하전마을 갯벌체험 시간 | 물때표·체험지수,15,excluded,비원자료/비공식 홍보·커뮤니티·백과 또는 주제무관; 수치규칙의 과학근거로 미채택,search_return_screen_only,,search_records/ac-q04.json#turn13search8
ac-q04,2026-09-14,web.search_query,갯벌 체험 조석 안전 고립 연구,https://gnews.gg.go.kr/briefing/brief_gongbo_view.do?BS_CODE=S017&number=58085&subject_Code=null,"경기도 어촌 체험 마을 안전 가이드, 바닷가 안전사고 예방 파수꾼",15,not_prioritized,관련성 있는 주변 후보도 포함될 수 있으나 이번 제한된 원문검토 우선순위에서 미선정; 원문 미열람,search_return_screen_only,,search_records/ac-q04.json#turn13search9
ac-q04,2026-09-14,web.search_query,갯벌 체험 조석 안전 고립 연구,https://info.koreacharts.com/mudflat/10018/contents.html?date=2026-08-31,하전마을 갯벌체험 시간 | 물때표·체험지수,15,excluded,비원자료/비공식 홍보·커뮤니티·백과 또는 주제무관; 수치규칙의 과학근거로 미채택,search_return_screen_only,,search_records/ac-q04.json#turn13search10
ac-q04,2026-09-14,web.search_query,갯벌 체험 조석 안전 고립 연구,https://info.koreacharts.com/mudflat.html,전국 주요 갯벌체험지 포인트 18곳 | 갯벌체험지수·체험시간 정보,15,excluded,비원자료/비공식 홍보·커뮤니티·백과 또는 주제무관; 수치규칙의 과학근거로 미채택,search_return_screen_only,,search_records/ac-q04.json#turn13search11
ac-q04,2026-09-14,web.search_query,갯벌 체험 조석 안전 고립 연구,https://eaaflyway.net/wp-content/uploads/2021/11/%EC%A0%9C1%EC%B0%A8-%EA%B0%AF%EB%B2%8C-%EB%93%B1%EC%9D%98-%EA%B4%80%EB%A6%AC-%EB%B0%8F-%EB%B3%B5%EC%9B%90-%EA%B8%B0%EB%B3%B8%EA%B3%84%ED%9A%8D2021_2025.pdf,[ 2-4 ] 갯벌 체험 활동 안전관리 강화,15,not_prioritized,관련성 있는 주변 후보도 포함될 수 있으나 이번 제한된 원문검토 우선순위에서 미선정; 원문 미열람,search_return_screen_only,,search_records/ac-q04.json#turn13search14
ac-q05,2026-09-14,web.search_query,래프팅 유량 만족도 온천 수온 외기온 열쾌적성 연구,https://help.laftel.net/hc/ko/articles/12373459822991-%EB%9D%BC%ED%94%84%ED%85%94-%EB%A9%A4%EB%B2%84%EC%8B%AD-%EA%B5%AC%EB%8F%85-%EB%B0%8F-%EC%9A%94%EA%B8%88,라프텔 멤버십 구독 및 요금 – 라프텔 고객센터,18,excluded,비원자료/비공식 홍보·커뮤니티·백과 또는 주제무관; 수치규칙의 과학근거로 미채택,search_return_screen_only,,search_records/ac-q05.json#turn15search0
ac-q05,2026-09-14,web.search_query,래프팅 유량 만족도 온천 수온 외기온 열쾌적성 연구,https://www.railplanet.kr/bbs/faq.php?fm_id=2,FAQ(자주묻는 질문) | 레일플래닛,18,excluded,비원자료/비공식 홍보·커뮤니티·백과 또는 주제무관; 수치규칙의 과학근거로 미채택,search_return_screen_only,,search_records/ac-q05.json#turn15search1
ac-q05,2026-09-14,web.search_query,래프팅 유량 만족도 온천 수온 외기온 열쾌적성 연구,https://www.railplanet.kr/bbs/faq.php?device=pc&fm_id=4,FAQ(자주묻는 질문) | 레일플래닛,18,excluded,비원자료/비공식 홍보·커뮤니티·백과 또는 주제무관; 수치규칙의 과학근거로 미채택,search_return_screen_only,,search_records/ac-q05.json#turn15search2
ac-q05,2026-09-14,web.search_query,래프팅 유량 만족도 온천 수온 외기온 열쾌적성 연구,https://arxiv.org/abs/1204.0626,Observation of Reactor Electron Antineutrino Disappearance in the RENO Experiment,18,excluded,요구한 활동×환경×결과 관계와 무관하거나 연구 원문이 아님,search_return_screen_only,,search_records/ac-q05.json#turn15academia12
ac-q05,2026-09-14,web.search_query,래프팅 유량 만족도 온천 수온 외기온 열쾌적성 연구,https://www.ralphlauren.co.kr/stores,매장 찾기 | 랄프 로렌®,18,excluded,비원자료/비공식 홍보·커뮤니티·백과 또는 주제무관; 수치규칙의 과학근거로 미채택,search_return_screen_only,,search_records/ac-q05.json#turn15search3
ac-q05,2026-09-14,web.search_query,래프팅 유량 만족도 온천 수온 외기온 열쾌적성 연구,https://www.repetto.kr/customer/faq.asp,FAQ - 레페토 - 공식 온라인 스토어,18,excluded,비원자료/비공식 홍보·커뮤니티·백과 또는 주제무관; 수치규칙의 과학근거로 미채택,search_return_screen_only,,search_records/ac-q05.json#turn15search4
ac-q05,2026-09-14,web.search_query,래프팅 유량 만족도 온천 수온 외기온 열쾌적성 연구,https://www.lipparrot.co.kr/board/view.php?bdId=notice&sno=27,리프패럿,18,excluded,비원자료/비공식 홍보·커뮤니티·백과 또는 주제무관; 수치규칙의 과학근거로 미채택,search_return_screen_only,,search_records/ac-q05.json#turn15search5
ac-q05,2026-09-14,web.search_query,래프팅 유량 만족도 온천 수온 외기온 열쾌적성 연구,https://www.lipparrot.co.kr/board/list.php?bdId=goodsqa,리프패럿,18,excluded,비원자료/비공식 홍보·커뮤니티·백과 또는 주제무관; 수치규칙의 과학근거로 미채택,search_return_screen_only,,search_records/ac-q05.json#turn15search6
ac-q05,2026-09-14,web.search_query,래프팅 유량 만족도 온천 수온 외기온 열쾌적성 연구,https://www.youtube.com/watch?v=nqBnrY6GrtY,NOWZ (나우즈) '자유롭게 날아 (Feat. 우기 (YUQI))' Official Music Video - YouTube,18,excluded,비원자료/비공식 홍보·커뮤니티·백과 또는 주제무관; 수치규칙의 과학근거로 미채택,search_return_screen_only,,search_records/ac-q05.json#turn15youtube13
ac-q05,2026-09-14,web.search_query,래프팅 유량 만족도 온천 수온 외기온 열쾌적성 연구,https://www.railplanet.kr/page/qna/,1:1문의 - 이용안내 | 레일플래닛,18,excluded,비원자료/비공식 홍보·커뮤니티·백과 또는 주제무관; 수치규칙의 과학근거로 미채택,search_return_screen_only,,search_records/ac-q05.json#turn15search7
ac-q05,2026-09-14,web.search_query,래프팅 유량 만족도 온천 수온 외기온 열쾌적성 연구,https://arxiv.org/abs/1705.04425,Enhanced electrocatalytic activity via phase transitions in strongly correlated SrRuO3 thin films,18,excluded,요구한 활동×환경×결과 관계와 무관하거나 연구 원문이 아님,search_return_screen_only,,search_records/ac-q05.json#turn15academia14
ac-q05,2026-09-14,web.search_query,래프팅 유량 만족도 온천 수온 외기온 열쾌적성 연구,https://www.ralphlauren.co.kr/customerservice,고객 지원부 | 랄프 로렌,18,excluded,비원자료/비공식 홍보·커뮤니티·백과 또는 주제무관; 수치규칙의 과학근거로 미채택,search_return_screen_only,,search_records/ac-q05.json#turn15search8
ac-q05,2026-09-14,web.search_query,래프팅 유량 만족도 온천 수온 외기온 열쾌적성 연구,https://www.railplanet.kr/bbs/faq.php?fm_id=1,FAQ(자주묻는 질문) | 레일플래닛,18,excluded,비원자료/비공식 홍보·커뮤니티·백과 또는 주제무관; 수치규칙의 과학근거로 미채택,search_return_screen_only,,search_records/ac-q05.json#turn15search9
ac-q05,2026-09-14,web.search_query,래프팅 유량 만족도 온천 수온 외기온 열쾌적성 연구,https://mitsui-shopping-park.com/ko/lalaport/expocity/hour/index.html,영업 시간 | LaLaport EXPOCITY,18,not_prioritized,관련성 있는 주변 후보도 포함될 수 있으나 이번 제한된 원문검토 우선순위에서 미선정; 원문 미열람,search_return_screen_only,,search_records/ac-q05.json#turn15search10
ac-q05,2026-09-14,web.search_query,래프팅 유량 만족도 온천 수온 외기온 열쾌적성 연구,https://laplon.kr/parfum/?idx=12,AFTER THE RAIN | LAPLON 라플론,18,not_prioritized,관련성 있는 주변 후보도 포함될 수 있으나 이번 제한된 원문검토 우선순위에서 미선정; 원문 미열람,search_return_screen_only,,search_records/ac-q05.json#turn15search11
ac-q05,2026-09-14,web.search_query,래프팅 유량 만족도 온천 수온 외기온 열쾌적성 연구,https://www.youtube.com/watch?v=lxZThmDvOSs,[GOING SEVENTEEN] EP.28 EGO #2 - YouTube,18,excluded,비원자료/비공식 홍보·커뮤니티·백과 또는 주제무관; 수치규칙의 과학근거로 미채택,search_return_screen_only,,search_records/ac-q05.json#turn15youtube15
ac-q05,2026-09-14,web.search_query,래프팅 유량 만족도 온천 수온 외기온 열쾌적성 연구,https://arxiv.org/abs/1006.4913,O-vacancy as the origin of negative bias illumination stress instability in amorphous In-Ga-Zn-O thin film transistors,18,excluded,요구한 활동×환경×결과 관계와 무관하거나 연구 원문이 아님,search_return_screen_only,,search_records/ac-q05.json#turn15academia16
ac-q05,2026-09-14,web.search_query,래프팅 유량 만족도 온천 수온 외기온 열쾌적성 연구,https://arxiv.org/abs/1108.2331,Co3O4 Nanocrystals on Graphene as a Synergistic Catalyst for Oxygen Reduction Reaction,18,excluded,요구한 활동×환경×결과 관계와 무관하거나 연구 원문이 아님,search_return_screen_only,,search_records/ac-q05.json#turn15academia17
ac-q06,2026-09-14,web.search_query,"""whitewater"" ""flow"" ""Brown"" ""1991"" recreation",https://site-media.americanwhitewater.org/Document_516.pdf,Flows and Recreation Quality on the,24,selected_for_review,,search_return_screen_only,AC-S03,search_records/ac-q06.json#turn21search12
ac-q06,2026-09-14,web.search_query,"""whitewater"" ""flow"" ""Brown"" ""1991"" recreation",https://www.americanwhitewater.org/content/Document/fetch/id/516/.raw,Flows and Recreation Quality on the,24,duplicate_or_alternative_access,같은 연구의 재반환 또는 다른 접근주소; 독립연구로 세지 않음,search_return_screen_only,AC-S03,search_records/ac-q06.json#turn21search13
ac-q06,2026-09-14,web.search_query,"""whitewater"" ""flow"" ""Brown"" ""1991"" recreation",https://www.fs.usda.gov/rm/value/docs/recreation_benefits_instream_flow.pdf,"WATER RESOURCES RESEARCH, VOL. 28, NO. 9, PAGES 2169–2181, SEPTEMBER 1992",24,not_prioritized,관련성 있는 주변 후보도 포함될 수 있으나 이번 제한된 원문검토 우선순위에서 미선정; 원문 미열람,search_return_screen_only,,search_records/ac-q06.json#turn21search14
ac-q06,2026-09-14,web.search_query,"""whitewater"" ""flow"" ""Brown"" ""1991"" recreation",https://www.americanwhitewater.org/content/Document/fetch/id/1218/.raw,Assessing Streamflow Needs for Whitewater Recreation in the,24,not_prioritized,주변 관련 후보; 직접 확인한 핵심 원연구·공식자료를 우선하며 전원문 검토는 수행하지 않음,search_return_screen_only,,search_records/ac-q06.json#turn21search15
ac-q06,2026-09-14,web.search_query,"""whitewater"" ""flow"" ""Brown"" ""1991"" recreation",https://citeseerx.ist.psu.edu/document?doi=4121b5d22f2b5b4d78d94aba3aa262e227dd083d&repid=rep1&type=pdf,Bulletin 182,24,not_prioritized,관련성 있는 주변 후보도 포함될 수 있으나 이번 제한된 원문검토 우선순위에서 미선정; 원문 미열람,search_return_screen_only,,search_records/ac-q06.json#turn21search16
ac-q06,2026-09-14,web.search_query,"""whitewater"" ""flow"" ""Brown"" ""1991"" recreation",https://ocs.fortlewis.edu/drd/pdf/Appendix-B_%20Stream-Flow-Evaluation_AW.pdf,FINALREPORT_ Stream Flow-Evaluation_,24,not_prioritized,주변 관련 후보; 직접 확인한 핵심 원연구·공식자료를 우선하며 전원문 검토는 수행하지 않음,search_return_screen_only,,search_records/ac-q06.json#turn21search17
ac-q06,2026-09-14,web.search_query,"""whitewater"" ""flow"" ""Brown"" ""1991"" recreation",https://www.researchgate.net/publication/227613660_ASSESSING_THE_DIRECT_EFFECTS_OF_STREAMFLOW_ON_RECREATION_A_LITERATURE_REVIEW,ASSESSING THE DIRECT EFFECTS OF STREAMFLOW ON RECREATION: A LITERATURE REVIEW | Request PDF,24,not_prioritized,관련성 있는 주변 후보도 포함될 수 있으나 이번 제한된 원문검토 우선순위에서 미선정; 원문 미열람,search_return_screen_only,,search_records/ac-q06.json#turn21search0
ac-q06,2026-09-14,web.search_query,"""whitewater"" ""flow"" ""Brown"" ""1991"" recreation",https://www.researchgate.net/publication/229889927_A_comparison_of_methods_for_evaluating_instream_flow_needs_for_recreation_along_rivers_in_southern_Alberta_Canada,"(PDF) A comparison of methods for evaluating instream flow needs for recreation along rivers in southern Alberta, Canada",24,not_prioritized,주변 관련 후보; 직접 확인한 핵심 원연구·공식자료를 우선하며 전원문 검토는 수행하지 않음,search_return_screen_only,,search_records/ac-q06.json#turn21search1
ac-q06,2026-09-14,web.search_query,"""whitewater"" ""flow"" ""Brown"" ""1991"" recreation",https://www.researchgate.net/publication/237419118_Assessing_and_Evaluating_Recreational_Uses_of_Water_Resources_Implications_for_an_Integrated_Management_Framework,(PDF) Assessing and Evaluating Recreational Uses of Water Resources: Implications for an Integrated Management Framework,24,not_prioritized,관련성 있는 주변 후보도 포함될 수 있으나 이번 제한된 원문검토 우선순위에서 미선정; 원문 미열람,search_return_screen_only,,search_records/ac-q06.json#turn21search2
ac-q06,2026-09-14,web.search_query,"""whitewater"" ""flow"" ""Brown"" ""1991"" recreation",https://doczz.net/doc/5101584/document---american-whitewater,Document - American Whitewater - boats and watercraft,24,not_prioritized,주변 관련 후보; 직접 확인한 핵심 원연구·공식자료를 우선하며 전원문 검토는 수행하지 않음,search_return_screen_only,,search_records/ac-q06.json#turn21search3
ac-q06,2026-09-14,web.search_query,"""whitewater"" ""flow"" ""Brown"" ""1991"" recreation",https://kiwix.drnathanhutchins.com/content/wikipedia_en_all_maxi_2026-02/Tongariro_River,Tongariro River,24,not_prioritized,관련성 있는 주변 후보도 포함될 수 있으나 이번 제한된 원문검토 우선순위에서 미선정; 원문 미열람,search_return_screen_only,,search_records/ac-q06.json#turn21search4
ac-q06,2026-09-14,web.search_query,"""whitewater"" ""flow"" ""Brown"" ""1991"" recreation",https://www.researchgate.net/profile/Thomas-Brown-28/2,"Thomas BROWN | Faculty Affiliate | PhD | Colorado State University, Fort Collins | CSU | Department of Agricultural and Resource Economics | Research profile - Page 2",24,not_prioritized,관련성 있는 주변 후보도 포함될 수 있으나 이번 제한된 원문검토 우선순위에서 미선정; 원문 미열람,search_return_screen_only,,search_records/ac-q06.json#turn21search5
ac-q06,2026-09-14,web.search_query,"""whitewater"" ""flow"" ""Brown"" ""1991"" recreation",https://www.sciencedirect.com/science/article/abs/pii/S2213078013000054,Strategic and temporal substitution among anglers and white-water kayakers: The case of an urban regulated river - ScienceDirect,24,not_prioritized,관련성 있는 주변 후보도 포함될 수 있으나 이번 제한된 원문검토 우선순위에서 미선정; 원문 미열람,search_return_screen_only,,search_records/ac-q06.json#turn21search6
ac-q06,2026-09-14,web.search_query,"""whitewater"" ""flow"" ""Brown"" ""1991"" recreation",https://pmc.ncbi.nlm.nih.gov/articles/PMC6905518/,Understanding rivers and their social relations: A critical step to advance environmental water management - PMC,24,not_prioritized,관련성 있는 주변 후보도 포함될 수 있으나 이번 제한된 원문검토 우선순위에서 미선정; 원문 미열람,search_return_screen_only,,search_records/ac-q06.json#turn21search7
ac-q06,2026-09-14,web.search_query,"""whitewater"" ""flow"" ""Brown"" ""1991"" recreation",https://studylib.net/doc/11851841/benefit-functions,Benefit Functions,24,not_prioritized,관련성 있는 주변 후보도 포함될 수 있으나 이번 제한된 원문검토 우선순위에서 미선정; 원문 미열람,search_return_screen_only,,search_records/ac-q06.json#turn21search8
ac-q06,2026-09-14,web.search_query,"""whitewater"" ""flow"" ""Brown"" ""1991"" recreation",https://www.americanwhitewater.org/article/30955/,NY Attorney General Defends River Access - American Whitewater,24,not_prioritized,주변 관련 후보; 직접 확인한 핵심 원연구·공식자료를 우선하며 전원문 검토는 수행하지 않음,search_return_screen_only,,search_records/ac-q06.json#turn21search9
ac-q06,2026-09-14,web.search_query,"""whitewater"" ""flow"" ""Brown"" ""1991"" recreation",https://www.researchgate.net/publication/263185832_A_city_looks_to_its_past_to_discover_its_future_a_retrospective_case_study_examining_the_evolution_of_an_artificial_white-water_river_development,(PDF) A city looks to its past to discover its future: a retrospective case study examining the evolution of an artificial white-water river development,24,not_prioritized,관련성 있는 주변 후보도 포함될 수 있으나 이번 제한된 원문검토 우선순위에서 미선정; 원문 미열람,search_return_screen_only,,search_records/ac-q06.json#turn21search10
ac-q06,2026-09-14,web.search_query,"""whitewater"" ""flow"" ""Brown"" ""1991"" recreation",https://doczz.net/doc/9024180/gtr-141--research-and-cumulative-watershed-effects,"Gtr-141, Research and Cumulative Watershed Effects",24,not_prioritized,관련성 있는 주변 후보도 포함될 수 있으나 이번 제한된 원문검토 우선순위에서 미선정; 원문 미열람,search_return_screen_only,,search_records/ac-q06.json#turn21search11
ac-q06,2026-09-14,web.search_query,"""whitewater"" ""flow"" ""Brown"" ""1991"" recreation",https://en.wikipedia.org/wiki/Tongariro_River,Tongariro River,24,excluded,비원자료/비공식 홍보·커뮤니티·백과 또는 주제무관; 수치규칙의 과학근거로 미채택,search_return_screen_only,,search_records/ac-q06.json#turn21search18
ac-q06,2026-09-14,web.search_query,"""whitewater"" ""flow"" ""Brown"" ""1991"" recreation",https://en.wikipedia.org/wiki/Klamath_River,Klamath River,24,excluded,비원자료/비공식 홍보·커뮤니티·백과 또는 주제무관; 수치규칙의 과학근거로 미채택,search_return_screen_only,,search_records/ac-q06.json#turn21search19
ac-q06,2026-09-14,web.search_query,"""whitewater"" ""flow"" ""Brown"" ""1991"" recreation",https://en.wikipedia.org/wiki/River_Whitewater,River Whitewater,24,excluded,비원자료/비공식 홍보·커뮤니티·백과 또는 주제무관; 수치규칙의 과학근거로 미채택,search_return_screen_only,,search_records/ac-q06.json#turn21search20
ac-q06,2026-09-14,web.search_query,"""whitewater"" ""flow"" ""Brown"" ""1991"" recreation",https://en.wikipedia.org/wiki/Lake_Jocassee,Lake Jocassee,24,excluded,비원자료/비공식 홍보·커뮤니티·백과 또는 주제무관; 수치규칙의 과학근거로 미채택,search_return_screen_only,,search_records/ac-q06.json#turn21search21
ac-q06,2026-09-14,web.search_query,"""whitewater"" ""flow"" ""Brown"" ""1991"" recreation",https://en.wikipedia.org/wiki/Truckee_River,Truckee River,24,excluded,비원자료/비공식 홍보·커뮤니티·백과 또는 주제무관; 수치규칙의 과학근거로 미채택,search_return_screen_only,,search_records/ac-q06.json#turn21search22
ac-q06,2026-09-14,web.search_query,"""whitewater"" ""flow"" ""Brown"" ""1991"" recreation",https://en.wikipedia.org/wiki/Stanislaus_River,Stanislaus River,24,excluded,비원자료/비공식 홍보·커뮤니티·백과 또는 주제무관; 수치규칙의 과학근거로 미채택,search_return_screen_only,,search_records/ac-q06.json#turn21search23
ac-q07,2026-09-14,web.search_query,"""rafting"" ""streamflow"" ""survey"" ""satisfaction"" study discharge",https://www.yumpu.com/en/document/view/42885704/introduction-grand-canyon-monitoring-and-research-center,Introduction - Grand Canyon Monitoring and Research Center,14,not_prioritized,관련성 있는 주변 후보도 포함될 수 있으나 이번 제한된 원문검토 우선순위에서 미선정; 원문 미열람,search_return_screen_only,,search_records/ac-q07.json#turn23search0
ac-q07,2026-09-14,web.search_query,"""rafting"" ""streamflow"" ""survey"" ""satisfaction"" study discharge",https://www.researchgate.net/publication/227613660_ASSESSING_THE_DIRECT_EFFECTS_OF_STREAMFLOW_ON_RECREATION_A_LITERATURE_REVIEW,ASSESSING THE DIRECT EFFECTS OF STREAMFLOW ON RECREATION: A LITERATURE REVIEW | Request PDF,14,not_prioritized,관련성 있는 주변 후보도 포함될 수 있으나 이번 제한된 원문검토 우선순위에서 미선정; 원문 미열람,search_return_screen_only,,search_records/ac-q07.json#turn23search1
ac-q07,2026-09-14,web.search_query,"""rafting"" ""streamflow"" ""survey"" ""satisfaction"" study discharge",https://doczz.net/doc/709502/west-fork-tuckasegee-river-hydroelectric-projects-ferc-%23-...,West Fork Tuckasegee River Hydroelectric Projects FERC # 2686 - forestry,14,not_prioritized,관련성 있는 주변 후보도 포함될 수 있으나 이번 제한된 원문검토 우선순위에서 미선정; 원문 미열람,search_return_screen_only,,search_records/ac-q07.json#turn23search2
ac-q07,2026-09-14,web.search_query,"""rafting"" ""streamflow"" ""survey"" ""satisfaction"" study discharge",https://files.cfc.umt.edu/cesu/NPS/UMT/2005/Duffield_White%20Paper_CO%20river.pdf,White Paper,14,not_prioritized,관련성 있는 주변 후보도 포함될 수 있으나 이번 제한된 원문검토 우선순위에서 미선정; 원문 미열람,search_return_screen_only,,search_records/ac-q07.json#turn23search12
ac-q07,2026-09-14,web.search_query,"""rafting"" ""streamflow"" ""survey"" ""satisfaction"" study discharge",https://www.lib.uidaho.edu/digital/rrrd/timeline.html,Timeline | River Recreation Research Database,14,not_prioritized,관련성 있는 주변 후보도 포함될 수 있으나 이번 제한된 원문검토 우선순위에서 미선정; 원문 미열람,search_return_screen_only,,search_records/ac-q07.json#turn23search3
ac-q07,2026-09-14,web.search_query,"""rafting"" ""streamflow"" ""survey"" ""satisfaction"" study discharge",https://www.researchgate.net/publication/248982266_Evaluating_Instream_Flows_for_Recreation_Applying_the_Structural_Norm_Approach_to_Biophysical_Conditions,(PDF) Evaluating Instream Flows for Recreation: Applying the Structural Norm Approach to Biophysical Conditions,14,not_prioritized,주변 관련 후보; 직접 확인한 핵심 원연구·공식자료를 우선하며 전원문 검토는 수행하지 않음,search_return_screen_only,,search_records/ac-q07.json#turn23search4
ac-q07,2026-09-14,web.search_query,"""rafting"" ""streamflow"" ""survey"" ""satisfaction"" study discharge",https://www.researchgate.net/publication/237419118_Assessing_and_Evaluating_Recreational_Uses_of_Water_Resources_Implications_for_an_Integrated_Management_Framework,(PDF) Assessing and Evaluating Recreational Uses of Water Resources: Implications for an Integrated Management Framework,14,not_prioritized,관련성 있는 주변 후보도 포함될 수 있으나 이번 제한된 원문검토 우선순위에서 미선정; 원문 미열람,search_return_screen_only,,search_records/ac-q07.json#turn23search5
ac-q07,2026-09-14,web.search_query,"""rafting"" ""streamflow"" ""survey"" ""satisfaction"" study discharge",https://www.researchgate.net/publication/240489151_National_Estimates_of_the_Recreational_Value_of_Stream_Flows,(PDF) National Estimates of the Recreational Value of Stream Flows,14,not_prioritized,주변 관련 후보; 직접 확인한 핵심 원연구·공식자료를 우선하며 전원문 검토는 수행하지 않음,search_return_screen_only,,search_records/ac-q07.json#turn23search6
ac-q07,2026-09-14,web.search_query,"""rafting"" ""streamflow"" ""survey"" ""satisfaction"" study discharge",https://www.researchgate.net/publication/344507184_Whose_river_is_it_An_assessment_of_livelihood_and_cultural_water_flow_requirements_for_the_Karnali_basin,(PDF) Whose river is it? An assessment of livelihood and cultural water flow requirements for the Karnali basin,14,not_prioritized,주변 관련 후보; 직접 확인한 핵심 원연구·공식자료를 우선하며 전원문 검토는 수행하지 않음,search_return_screen_only,,search_records/ac-q07.json#turn23search7
ac-q07,2026-09-14,web.search_query,"""rafting"" ""streamflow"" ""survey"" ""satisfaction"" study discharge",https://www.scribd.com/document/628652350/Glen-Canyon-Dam-Smallmouth-Bass-Flow-Options-Draft-Environmental-Assessment,Glen Canyon Dam Flow Options Assessment | PDF | National Environmental Policy Act | Colorado River,14,not_prioritized,주변 관련 후보; 직접 확인한 핵심 원연구·공식자료를 우선하며 전원문 검토는 수행하지 않음,search_return_screen_only,,search_records/ac-q07.json#turn23search8
ac-q07,2026-09-14,web.search_query,"""rafting"" ""streamflow"" ""survey"" ""satisfaction"" study discharge",https://www.scribd.com/document/680247716/10-1007-978-3-319-06635-6,Agricultural Cooperative Management and Policy | PDF,14,not_prioritized,관련성 있는 주변 후보도 포함될 수 있으나 이번 제한된 원문검토 우선순위에서 미선정; 원문 미열람,search_return_screen_only,,search_records/ac-q07.json#turn23search9
ac-q07,2026-09-14,web.search_query,"""rafting"" ""streamflow"" ""survey"" ""satisfaction"" study discharge",https://paperzz.com/doc/8643050/ecosystem-service-valuation-of-the-colorado-river-basin--a,Ecosystem Service Valuation of the Colorado River Basin: A,14,not_prioritized,관련성 있는 주변 후보도 포함될 수 있으나 이번 제한된 원문검토 우선순위에서 미선정; 원문 미열람,search_return_screen_only,,search_records/ac-q07.json#turn23search10
ac-q07,2026-09-14,web.search_query,"""rafting"" ""streamflow"" ""survey"" ""satisfaction"" study discharge",https://www.scribd.com/document/824725511/Estimating-the-non-market-benefits-of-climate-change-adaptation-of-river-ecosystem-services-A-choice-experiment-application-in-the-Aoos-basin-Greece,"Estimating The Non-Market Benefits of Climate Change Adaptation of River Ecosystem Services, A Choice Experiment Application in The Aoos Basin, Greece, D. Andreopoulos | PDF | Climate Change | Utility",14,not_prioritized,관련성 있는 주변 후보도 포함될 수 있으나 이번 제한된 원문검토 우선순위에서 미선정; 원문 미열람,search_return_screen_only,,search_records/ac-q07.json#turn23search11
ac-q07,2026-09-14,web.search_query,"""rafting"" ""streamflow"" ""survey"" ""satisfaction"" study discharge",https://nwccog.org/wp-content/uploads/2015/03/QQStudy_Report_Jan-2012.pdf,WATER AND ITS RELATIONSHIP,14,not_prioritized,관련성 있는 주변 후보도 포함될 수 있으나 이번 제한된 원문검토 우선순위에서 미선정; 원문 미열람,search_return_screen_only,,search_records/ac-q07.json#turn23search13
ac-q08,2026-09-14,web.search_query,"""래프팅"" ""유량"" 연구",https://nationalatlas.cafe24.com/pages/download.php?dir=%2Fnationalatlas%2Fkor_hi_2022%2Fpdf&file=2022_%EC%B2%AD%EC%86%8C%EB%85%84%ED%8C%90_4_%EC%9A%B0%EB%A6%AC%EA%B5%AD%ED%86%A0%EC%9D%98%EC%9E%90%EC%97%B0%ED%99%98%EA%B2%BD.pdf,우리 국토의 자연환경,17,not_prioritized,관련성 있는 주변 후보도 포함될 수 있으나 이번 제한된 원문검토 우선순위에서 미선정; 원문 미열람,search_return_screen_only,,search_records/ac-q08.json#turn24search12
ac-q08,2026-09-14,web.search_query,"""래프팅"" ""유량"" 연구",https://www.dbpia.co.kr/journal/detail?nodeId=T16850648,"친수지구의 친수활동과 계절적, 수리적 인자를 고려한 수질특성 변화에 관한 연구 - 김택호 | 광운대학교 논문 | DBpia",17,not_prioritized,관련성 있는 주변 후보도 포함될 수 있으나 이번 제한된 원문검토 우선순위에서 미선정; 원문 미열람,search_return_screen_only,,search_records/ac-q08.json#turn24search0
ac-q08,2026-09-14,web.search_query,"""래프팅"" ""유량"" 연구",https://eorayeonrafting.co.kr/program?type=rafting,동강 어라연 래프팅,17,not_prioritized,관련성 있는 주변 후보도 포함될 수 있으나 이번 제한된 원문검토 우선순위에서 미선정; 원문 미열람,search_return_screen_only,,search_records/ac-q08.json#turn24search1
ac-q08,2026-09-14,web.search_query,"""래프팅"" ""유량"" 연구",https://www.yna.co.kr/view/AKR20190723136500052,"""무더위야 반갑다""…산청 경호강 래프팅족 '북적' | 연합뉴스",17,not_prioritized,관련성 있는 주변 후보도 포함될 수 있으나 이번 제한된 원문검토 우선순위에서 미선정; 원문 미열람,search_return_screen_only,,search_records/ac-q08.json#turn24search2
ac-q08,2026-09-14,web.search_query,"""래프팅"" ""유량"" 연구",https://bonbonmath.com/wp-content/uploads/2023-%EA%B3%A02-9%EC%9B%94-%EB%AA%A8%EC%9D%98%EA%B3%A0%EC%82%AC-%EC%82%AC%ED%9A%8C%ED%83%90%EA%B5%AC-%EB%AC%B8%EC%A0%9C.pdf,bc0corgm.dgm,17,not_prioritized,관련성 있는 주변 후보도 포함될 수 있으나 이번 제한된 원문검토 우선순위에서 미선정; 원문 미열람,search_return_screen_only,,search_records/ac-q08.json#turn24search13
ac-q08,2026-09-14,web.search_query,"""래프팅"" ""유량"" 연구",https://www.yna.co.kr/amp/view/AKR20190723136500052,"""무더위야 반갑다""…산청 경호강 래프팅족 '북적' | 연합뉴스",17,not_prioritized,관련성 있는 주변 후보도 포함될 수 있으나 이번 제한된 원문검토 우선순위에서 미선정; 원문 미열람,search_return_screen_only,,search_records/ac-q08.json#turn24search3
ac-q08,2026-09-14,web.search_query,"""래프팅"" ""유량"" 연구",https://www.bidform.co.kr/updata/notifile/z8ugu2015SepWed.PDF,건설공사 사후평가 수행매뉴얼 및 활용가이드라인 본“건설공사 사후평가 수행매뉴얼 및 활용가이,17,not_prioritized,관련성 있는 주변 후보도 포함될 수 있으나 이번 제한된 원문검토 우선순위에서 미선정; 원문 미열람,search_return_screen_only,,search_records/ac-q08.json#turn24search14
ac-q08,2026-09-14,web.search_query,"""래프팅"" ""유량"" 연구",https://quizlet.com/kr/1035996644/4-%ED%95%98%EC%B2%9C-%EC%A7%80%ED%98%95%EA%B3%BC-%ED%95%B4%EC%95%88-%EC%A7%80%ED%98%95-flash-cards/,4 하천 지형과 해안 지형 Flashcards | Quizlet,17,excluded,비원자료/비공식 홍보·커뮤니티·백과 또는 주제무관; 수치규칙의 과학근거로 미채택,search_return_screen_only,,search_records/ac-q08.json#turn24search4
ac-q08,2026-09-14,web.search_query,"""래프팅"" ""유량"" 연구",https://www.g2b.go.kr/pn/pnp/pnpe/UntyAtchFile/downloadFile.do?bidPbancNo=R26BK01330839&bidPbancOrd=000&fileSeq=2&fileType=&prcmBsneSeCd=03,3. 과업범위 ※ 세부 내용 추후 변동 가능,17,not_prioritized,관련성 있는 주변 후보도 포함될 수 있으나 이번 제한된 원문검토 우선순위에서 미선정; 원문 미열람,search_return_screen_only,,search_records/ac-q08.json#turn24search15
ac-q08,2026-09-14,web.search_query,"""래프팅"" ""유량"" 연구",https://www.klawdigest.kr/articles/13351?issueNumber=13&tab=all&view=practice,[민사] 래프팅 사고 피해자 유족의 국가배상청구 기각 | 격주간 최신 판례 대시보드,17,not_prioritized,관련성 있는 주변 후보도 포함될 수 있으나 이번 제한된 원문검토 우선순위에서 미선정; 원문 미열람,search_return_screen_only,,search_records/ac-q08.json#turn24search5
ac-q08,2026-09-14,web.search_query,"""래프팅"" ""유량"" 연구",https://www.superage.app/ko/blog/raepeting-chobo-jangbi-myeongryeong-anjeon-gaideu/,"래프팅 초보 가이드: 장비, 명령, 안전 수칙, 첫 투어 준비",17,not_prioritized,관련성 있는 주변 후보도 포함될 수 있으나 이번 제한된 원문검토 우선순위에서 미선정; 원문 미열람,search_return_screen_only,,search_records/ac-q08.json#turn24search6
ac-q08,2026-09-14,web.search_query,"""래프팅"" ""유량"" 연구",https://www.kookje.co.kr/news2011/asp/newsbody.asp?code=0700&key=20180716.22036002380,[바캉스 특집-경남 산청군] 짜릿한 래프팅·뜨끈한 약초목욕탕…어르신도 아이도 만족 : 국제신문,17,not_prioritized,관련성 있는 주변 후보도 포함될 수 있으나 이번 제한된 원문검토 우선순위에서 미선정; 원문 미열람,search_return_screen_only,,search_records/ac-q08.json#turn24search7
ac-q08,2026-09-14,web.search_query,"""래프팅"" ""유량"" 연구",https://www.smud.org/ko/Corporate/About-us/News-and-Media/2020/2020/SMUDs-South-Fork-Powerhouse-hydroelectric-project-goes-operational,SMUDs 사우스 포크 파워하우스 수력 발전 프로젝트 가동 개시,17,not_prioritized,관련성 있는 주변 후보도 포함될 수 있으나 이번 제한된 원문검토 우선순위에서 미선정; 원문 미열람,search_return_screen_only,,search_records/ac-q08.json#turn24search8
ac-q08,2026-09-14,web.search_query,"""래프팅"" ""유량"" 연구",https://kr.trip.com/moments/theme/poi-wuyi-mountain-nine-bend-stream-10558604-rafting-910214/,2026년 무이산 구곡계 래프팅 추천| Trip Moments,17,excluded,비원자료/비공식 홍보·커뮤니티·백과 또는 주제무관; 수치규칙의 과학근거로 미채택,search_return_screen_only,,search_records/ac-q08.json#turn24search9
ac-q08,2026-09-14,web.search_query,"""래프팅"" ""유량"" 연구",https://okdy.nurii.kr/policies/terms,단양 래프팅 남한강레포츠 | 오케이단양 급류카약 더키 ATV 서바이벌 패러글라이딩 예약,17,not_prioritized,관련성 있는 주변 후보도 포함될 수 있으나 이번 제한된 원문검토 우선순위에서 미선정; 원문 미열람,search_return_screen_only,,search_records/ac-q08.json#turn24search10
ac-q08,2026-09-14,web.search_query,"""래프팅"" ""유량"" 연구",https://kr.trip.com/moments/theme/poi-jiuquxi-bamboo-rafting-10670396-rafting-910214/,2026년 구곡계 대나무 래프팅 래프팅 추천| Trip Moments,17,excluded,비원자료/비공식 홍보·커뮤니티·백과 또는 주제무관; 수치규칙의 과학근거로 미채택,search_return_screen_only,,search_records/ac-q08.json#turn24search11
ac-q08,2026-09-14,web.search_query,"""래프팅"" ""유량"" 연구",https://patentimages.storage.googleapis.com/dd/5f/b6/bd0c10a7ccf8cf/KR20210021367A.pdf,공개특허 10-2021-0021367,17,excluded,요구한 활동×환경×결과 관계와 무관하거나 연구 원문이 아님,search_return_screen_only,,search_records/ac-q08.json#turn24search16
ac-q09,2026-09-14,web.search_query,"""온천"" ""수온"" ""쾌적"" 연구",https://kr.trip.com/moments/theme/destination-lianghe-1446289-attraction-993137/,2026년 량허 어트랙션 추천| Trip Moments,12,excluded,비원자료/비공식 홍보·커뮤니티·백과 또는 주제무관; 수치규칙의 과학근거로 미채택,search_return_screen_only,,search_records/ac-q09.json#turn22search0
ac-q09,2026-09-14,web.search_query,"""온천"" ""수온"" ""쾌적"" 연구",https://www.yeogi.com/domestic-accommodations/69729,"체스터톤스 호텔, 속초·고성, 강원 - 여기어때 특가",12,excluded,비원자료/비공식 홍보·커뮤니티·백과 또는 주제무관; 수치규칙의 과학근거로 미채택,search_return_screen_only,,search_records/ac-q09.json#turn22search1
ac-q09,2026-09-14,web.search_query,"""온천"" ""수온"" ""쾌적"" 연구",https://samurai-sauna-magazine.com/ko-KR/guides/outdoor-onsen-nature-experience,노천탕과 자연 속 온천 체험,12,excluded,비원자료/비공식 홍보·커뮤니티·백과 또는 주제무관; 수치규칙의 과학근거로 미채택,search_return_screen_only,,search_records/ac-q09.json#turn22search2
ac-q09,2026-09-14,web.search_query,"""온천"" ""수온"" ""쾌적"" 연구",https://www.namu.moe/w/%EC%9C%A0%EC%84%B1%EC%98%A8%EC%B2%9C,유성온천,12,excluded,비원자료/비공식 홍보·커뮤니티·백과 또는 주제무관; 수치규칙의 과학근거로 미채택,search_return_screen_only,,search_records/ac-q09.json#turn22search3
ac-q09,2026-09-14,web.search_query,"""온천"" ""수온"" ""쾌적"" 연구",https://luckydaddy86.tistory.com/155,겨울에 더 좋은 능암탄산온천｜아이와 가기 좋은 충북 가족 온천 당일치기,12,excluded,비원자료/비공식 홍보·커뮤니티·백과 또는 주제무관; 수치규칙의 과학근거로 미채택,search_return_screen_only,,search_records/ac-q09.json#turn22search4
ac-q09,2026-09-14,web.search_query,"""온천"" ""수온"" ""쾌적"" 연구",https://kr.trip.com/moments/theme/destination-wuxuan-1446260-flower-viewing-990796/,2026년 우쉬안 꽃구경 추천| Trip Moments,12,excluded,비원자료/비공식 홍보·커뮤니티·백과 또는 주제무관; 수치규칙의 과학근거로 미채택,search_return_screen_only,,search_records/ac-q09.json#turn22search5
ac-q09,2026-09-14,web.search_query,"""온천"" ""수온"" ""쾌적"" 연구",https://m.namu.moe/w/%EC%9C%A0%EC%84%B1%EC%98%A8%EC%B2%9C,유성온천,12,excluded,비원자료/비공식 홍보·커뮤니티·백과 또는 주제무관; 수치규칙의 과학근거로 미채택,search_return_screen_only,,search_records/ac-q09.json#turn22search6
ac-q09,2026-09-14,web.search_query,"""온천"" ""수온"" ""쾌적"" 연구",https://sangseek.com/communities/233856,일본 온천에서 실내·야외 온천과 족욕의 차이점과 선택 기준은 무엇인가요? | 상식닷컴 - sangseek.com,12,excluded,비원자료/비공식 홍보·커뮤니티·백과 또는 주제무관; 수치규칙의 과학근거로 미채택,search_return_screen_only,,search_records/ac-q09.json#turn22search7
ac-q09,2026-09-14,web.search_query,"""온천"" ""수온"" ""쾌적"" 연구",https://kr.trip.com/moments/theme/destination-zhenkang-1446295-attraction-993137/,2026년 전캉 어트랙션 추천| Trip Moments,12,excluded,비원자료/비공식 홍보·커뮤니티·백과 또는 주제무관; 수치규칙의 과학근거로 미채택,search_return_screen_only,,search_records/ac-q09.json#turn22search8
ac-q09,2026-09-14,web.search_query,"""온천"" ""수온"" ""쾌적"" 연구",https://www.chinaholiday.com/ko/cheap-hotels-fuzhou-fujian/jinjishan-impression-fuzhou-shui-house-genuine-long-hotel-fuzhou-fujian.html,"Jinjishan impression, Fuzhou Shui House genuine Long Hotel: Booking Jinjishan impression, Fuzhou Shui House genuine Long Hotel, China, Fuzhou Hotels Reservation - China Holiday",12,excluded,비원자료/비공식 홍보·커뮤니티·백과 또는 주제무관; 수치규칙의 과학근거로 미채택,search_return_screen_only,,search_records/ac-q09.json#turn22search9
ac-q09,2026-09-14,web.search_query,"""온천"" ""수온"" ""쾌적"" 연구",https://dark.namu.moe/w/%EC%9C%A0%EC%84%B1%EC%98%A8%EC%B2%9C,유성온천,12,excluded,비원자료/비공식 홍보·커뮤니티·백과 또는 주제무관; 수치규칙의 과학근거로 미채택,search_return_screen_only,,search_records/ac-q09.json#turn22search10
ac-q09,2026-09-14,web.search_query,"""온천"" ""수온"" ""쾌적"" 연구",https://www.chinaholiday.com/ko/cheap-hotels-shanghai/shanghai-xuelang-lake-resort-shanghai.html,"Shanghai Xuelang Lake Resort: Booking Shanghai Xuelang Lake Resort, China, Shanghai Hotels Reservation - China Holiday",12,excluded,비원자료/비공식 홍보·커뮤니티·백과 또는 주제무관; 수치규칙의 과학근거로 미채택,search_return_screen_only,,search_records/ac-q09.json#turn22search11
ac-q10,2026-09-14,web.search_query,"""tidal"" ""cut-off"" ""risk"" beach study modelling",https://www.cogitatiopress.com/oceanandsociety/article/view/9793,Cut Off by the Tide: How Ocean Literacy Can Help Save Lives | Article | Ocean and Society,18,selected_for_review,,search_return_screen_only,AC-S06,search_records/ac-q10.json#turn45search0
ac-q10,2026-09-14,web.search_query,"""tidal"" ""cut-off"" ""risk"" beach study modelling",https://pure.plymouth.ac.uk/ws/portalfiles/portal/38883153/Stokes%20et%20al%202017%20Beach%20Risk_Complete%20Revised%20Manuscript.pdf,PEARL Application of multiple linear regression an,18,not_prioritized,관련성 있는 주변 후보도 포함될 수 있으나 이번 제한된 원문검토 우선순위에서 미선정; 원문 미열람,search_return_screen_only,,search_records/ac-q10.json#turn45search12
ac-q10,2026-09-14,web.search_query,"""tidal"" ""cut-off"" ""risk"" beach study modelling",https://www.bangor.ac.uk/news/2025-04-09-research-reveals-major-gaps-in-tidal-knowledge-that-frequently-lead-to-a-risk-to,Research reveals major gaps in tidal knowledge that frequently lead to a risk to life for coastal visitors | Bangor University,18,not_prioritized,관련성 있는 주변 후보도 포함될 수 있으나 이번 제한된 원문검토 우선순위에서 미선정; 원문 미열람,search_return_screen_only,,search_records/ac-q10.json#turn45search1
ac-q10,2026-09-14,web.search_query,"""tidal"" ""cut-off"" ""risk"" beach study modelling",https://research.bangor.ac.uk/en/clippings/extensive-media-coverage-of-finalised-study-results-on-tidal-cut-/,Extensive media coverage of finalised study results on tidal cut-off - Bangor University,18,not_prioritized,관련성 있는 주변 후보도 포함될 수 있으나 이번 제한된 원문검토 우선순위에서 미선정; 원문 미열람,search_return_screen_only,,search_records/ac-q10.json#turn45search2
ac-q10,2026-09-14,web.search_query,"""tidal"" ""cut-off"" ""risk"" beach study modelling",https://www.sciencedirect.com/science/article/pii/S0964569114001501,Managing physical and anthropogenic hazards on macrotidal Amazon beaches - ScienceDirect,18,not_prioritized,주변 관련 후보; 직접 확인한 핵심 원연구·공식자료를 우선하며 전원문 검토는 수행하지 않음,search_return_screen_only,,search_records/ac-q10.json#turn45search3
ac-q10,2026-09-14,web.search_query,"""tidal"" ""cut-off"" ""risk"" beach study modelling",https://www.bangor.ac.uk/news/2025-10-17-misunderstanding-the-tide-is-putting-millions-at-risk-on-uk-coasts-heres-what-you,Misunderstanding the tide is putting millions at risk on UK coasts – here’s what you need to know | Bangor University,18,not_prioritized,주변 관련 후보; 직접 확인한 핵심 원연구·공식자료를 우선하며 전원문 검토는 수행하지 않음,search_return_screen_only,,search_records/ac-q10.json#turn45search4
ac-q10,2026-09-14,web.search_query,"""tidal"" ""cut-off"" ""risk"" beach study modelling",https://doi.org/10.1016%2Fj.ocecoaman.2023.106584,"Relationships between the tide and fatal drowning at surf beaches in New South Wales, Australia: Implications for coastal safety management and practice - ScienceDirect",18,not_prioritized,주변 관련 후보; 직접 확인한 핵심 원연구·공식자료를 우선하며 전원문 검토는 수행하지 않음,search_return_screen_only,,search_records/ac-q10.json#turn45search5
ac-q10,2026-09-14,web.search_query,"""tidal"" ""cut-off"" ""risk"" beach study modelling",https://research.bangor.ac.uk/files/77702356/Morris-Webb_et_al_Accepted_Final_Manuscript.pdf,PRIFYSGOL BANGOR UNIVERSITYCut off by the tide: Ho,18,duplicate_or_alternative_access,같은 연구의 재반환 또는 다른 접근주소; 독립연구로 세지 않음,search_return_screen_only,AC-S06,search_records/ac-q10.json#turn45search13
ac-q10,2026-09-14,web.search_query,"""tidal"" ""cut-off"" ""risk"" beach study modelling",https://www.bangor.ac.uk/plocc/why-do-people-frequently-get-cut-off-by-the-tide-a-collaborative-project-with-the-rnli,Why do people frequently get cut off by the tide? A collaborative project with the RNLI | Bangor University,18,not_prioritized,주변 관련 후보; 직접 확인한 핵심 원연구·공식자료를 우선하며 전원문 검토는 수행하지 않음,search_return_screen_only,,search_records/ac-q10.json#turn45search6
ac-q10,2026-09-14,web.search_query,"""tidal"" ""cut-off"" ""risk"" beach study modelling",https://citeseerx.ist.psu.edu/document?doi=aa9066dab4e772233d46a59ca853e73a4d241ff1&repid=rep1&type=pdf,BEACH MORPHODYNAMICS,18,not_prioritized,관련성 있는 주변 후보도 포함될 수 있으나 이번 제한된 원문검토 우선순위에서 미선정; 원문 미열람,search_return_screen_only,,search_records/ac-q10.json#turn45search14
ac-q10,2026-09-14,web.search_query,"""tidal"" ""cut-off"" ""risk"" beach study modelling",https://pure.bangor.ac.uk/ws/portalfiles/portal/77976966/OaS_2_-_Cut_Off_by_the_Tide_How_Ocean_Literacy_Can_Help_Save_Lives.pdf,Cut off by the tide: How Ocean Literacy can help save lives,18,duplicate_or_alternative_access,같은 연구의 재반환 또는 다른 접근주소; 독립연구로 세지 않음,search_return_screen_only,AC-S06,search_records/ac-q10.json#turn45search15
ac-q10,2026-09-14,web.search_query,"""tidal"" ""cut-off"" ""risk"" beach study modelling",https://svn.oss.deltares.nl/repos/openearthtools/websites/cosmos/htdocs/zandmotor/ripcurrents/forecastsystems.html,,18,not_prioritized,관련성 있는 주변 후보도 포함될 수 있으나 이번 제한된 원문검토 우선순위에서 미선정; 원문 미열람,search_return_screen_only,,search_records/ac-q10.json#turn45search7
ac-q10,2026-09-14,web.search_query,"""tidal"" ""cut-off"" ""risk"" beach study modelling",https://pure.bangor.ac.uk/ws/portalfiles/portal/77702356/Morris-Webb_et_al_Accepted_Final_Manuscript.pdf,Cut off by the tide: How Ocean Literacy can help save lives,18,duplicate_or_alternative_access,같은 연구의 재반환 또는 다른 접근주소; 독립연구로 세지 않음,search_return_screen_only,AC-S06,search_records/ac-q10.json#turn45search16
ac-q10,2026-09-14,web.search_query,"""tidal"" ""cut-off"" ""risk"" beach study modelling",https://democracy.eastdevon.gov.uk/documents/g1545/Public%20reports%20pack%2006th-Jan-2021%2010.00%20Planning%20Committee.pdf?T=10,Public Document Pack,18,not_prioritized,관련성 있는 주변 후보도 포함될 수 있으나 이번 제한된 원문검토 우선순위에서 미선정; 원문 미열람,search_return_screen_only,,search_records/ac-q10.json#turn45search17
ac-q10,2026-09-14,web.search_query,"""tidal"" ""cut-off"" ""risk"" beach study modelling",https://pmc.ncbi.nlm.nih.gov/articles/PMC7935371/,Evolving tides aggravate nuisance flooding along the U.S. coastline - PMC,18,not_prioritized,주변 관련 후보; 직접 확인한 핵심 원연구·공식자료를 우선하며 전원문 검토는 수행하지 않음,search_return_screen_only,,search_records/ac-q10.json#turn45search8
ac-q10,2026-09-14,web.search_query,"""tidal"" ""cut-off"" ""risk"" beach study modelling",https://www.researchgate.net/publication/257496397_Rip_current_variability_and_hazard_along_a_macro-tidal_coast,(PDF) Rip current variability and hazard along a macro-tidal coast,18,not_prioritized,관련성 있는 주변 후보도 포함될 수 있으나 이번 제한된 원문검토 우선순위에서 미선정; 원문 미열람,search_return_screen_only,,search_records/ac-q10.json#turn45search9
ac-q10,2026-09-14,web.search_query,"""tidal"" ""cut-off"" ""risk"" beach study modelling",https://www.sciencedirect.com/science/article/abs/pii/S0025322799001103,Tidal asymmetry in sediment resuspension on a macrotidal beach in northwestern Australia - ScienceDirect,18,not_prioritized,주변 관련 후보; 직접 확인한 핵심 원연구·공식자료를 우선하며 전원문 검토는 수행하지 않음,search_return_screen_only,,search_records/ac-q10.json#turn45search10
ac-q10,2026-09-14,web.search_query,"""tidal"" ""cut-off"" ""risk"" beach study modelling",https://ideas.repec.org/a/cog/ocesoc/v2y2025a9793.html,Cut Off by the Tide: How Ocean Literacy Can Help Save Lives,18,not_prioritized,주변 관련 후보; 직접 확인한 핵심 원연구·공식자료를 우선하며 전원문 검토는 수행하지 않음,search_return_screen_only,,search_records/ac-q10.json#turn45search11
ac-q11,2026-09-14,web.search_query,"""갯벌"" ""고립"" ""논문"" 조석",https://www.kci.go.kr/kciportal/ci/sereArticleSearch/ciSereArtiView.kci?sereArticleSearchBean.artiId=ART002180281,연안해역 사고방지를 위한 안전관리에 관한 연구,13,excluded,안전관리 제도 중심; 조석/환경 노출별 활동결과나 안전시간 경계 추정 연구가 아님,search_return_screen_only,,search_records/ac-q11.json#turn42search0
ac-q11,2026-09-14,web.search_query,"""갯벌"" ""고립"" ""논문"" 조석",https://www.kci.go.kr/kciportal/ci/sereArticleSearch/ciSereArtiView.kci?sereArticleSearchBean.artiId=ART002593703,연안해역 안전관리 체계 발전방안 연구: 연안안전 담당자 설문조사 중심으로,13,excluded,안전관리 제도 중심; 조석/환경 노출별 활동결과나 안전시간 경계 추정 연구가 아님,search_return_screen_only,,search_records/ac-q11.json#turn42search1
ac-q11,2026-09-14,web.search_query,"""갯벌"" ""고립"" ""논문"" 조석",https://www.kci.go.kr/kciportal/ci/sereArticleSearch/ciSereArtiView.kci?sereArticleSearchBean.artiId=ART002286905,「연안사고 예방에 관한 법률」상의 위험구역관리 개선방안,13,excluded,안전관리 제도 중심; 조석/환경 노출별 활동결과나 안전시간 경계 추정 연구가 아님,search_return_screen_only,,search_records/ac-q11.json#turn42search2
ac-q11,2026-09-14,web.search_query,"""갯벌"" ""고립"" ""논문"" 조석",https://www.earticle.net/Article/A297628,연안해역 사고방지를 위한 안전관리에 관한 연구 - earticle,13,excluded,안전관리 제도 중심; 조석/환경 노출별 활동결과나 안전시간 경계 추정 연구가 아님,search_return_screen_only,,search_records/ac-q11.json#turn42search3
ac-q11,2026-09-14,web.search_query,"""갯벌"" ""고립"" ""논문"" 조석",https://www.dbpia.co.kr/journal/articleDetail?nodeId=NODE10811010,연안해역 사고방지를 위한 안전관리에 관한 연구 - 논문 | DBpia,13,excluded,안전관리 제도 중심; 조석/환경 노출별 활동결과나 안전시간 경계 추정 연구가 아님,search_return_screen_only,,search_records/ac-q11.json#turn42search4
ac-q11,2026-09-14,web.search_query,"""갯벌"" ""고립"" ""논문"" 조석",https://www.earticle.net/Article/A376598,연안해역 안전관리 체계 발전방안 연구 : 연안안전 담당자 설문조사 중심으로 - earticle,13,excluded,안전관리 제도 중심; 조석/환경 노출별 활동결과나 안전시간 경계 추정 연구가 아님,search_return_screen_only,,search_records/ac-q11.json#turn42search5
ac-q11,2026-09-14,web.search_query,"""갯벌"" ""고립"" ""논문"" 조석",https://www.thesegye.com/news/pdf/20250909/news20250909_288.pdf,2025년 9월 9일 화요일,13,not_prioritized,관련성 있는 주변 후보도 포함될 수 있으나 이번 제한된 원문검토 우선순위에서 미선정; 원문 미열람,search_return_screen_only,,search_records/ac-q11.json#turn42search12
ac-q11,2026-09-14,web.search_query,"""갯벌"" ""고립"" ""논문"" 조석",https://gist.github.com/JudsonHat/d9e7ca3d386e560f9c636ddecdaf749d,korean vocab json · GitHub,13,excluded,요구한 활동×환경×결과 관계와 무관하거나 연구 원문이 아님,search_return_screen_only,,search_records/ac-q11.json#turn42search6
ac-q11,2026-09-14,web.search_query,"""갯벌"" ""고립"" ""논문"" 조석",https://education.mokpo.ac.kr/islands/5498/subview.do?enc=Zm5jdDF8QEB8JTJGYmJzJTJGaXNsYW5kcyUyRjM4MyUyRjI4NTcwMiUyRmFydGNsVmlldy5kbyUzRg%3D%3D,연구원 소식,13,not_prioritized,관련성 있는 주변 후보도 포함될 수 있으나 이번 제한된 원문검토 우선순위에서 미선정; 원문 미열람,search_return_screen_only,,search_records/ac-q11.json#turn42search7
ac-q11,2026-09-14,web.search_query,"""갯벌"" ""고립"" ""논문"" 조석",https://fliphtml5.com/vdjow/kmto/2024-2_%25EC%2582%25AC%25ED%259A%258C%25EB%25AC%25B8%25EC%25A0%259C%25ED%2595%25B4%25EA%25B2%25B0%25EC%259D%2584_%25EC%259C%2584%25ED%2595%259C_%25EA%25B3%25B5%25EA%25B3%25B5%25EC%25A0%2595%25EC%25B1%2585/,2024-2 사회문제해결을 위한 공공정책 - 연세대학교행정학과PLAY | 플립 PDF 온라인 | FlipHTML5,13,not_prioritized,관련성 있는 주변 후보도 포함될 수 있으나 이번 제한된 원문검토 우선순위에서 미선정; 원문 미열람,search_return_screen_only,,search_records/ac-q11.json#turn42search8
ac-q11,2026-09-14,web.search_query,"""갯벌"" ""고립"" ""논문"" 조석",https://www.metroseoul.co.kr/article/20240703500246,"해양경찰정비창, 구명조끼 착용률 높이기 캠페인 동참",13,not_prioritized,관련성 있는 주변 후보도 포함될 수 있으나 이번 제한된 원문검토 우선순위에서 미선정; 원문 미열람,search_return_screen_only,,search_records/ac-q11.json#turn42search9
ac-q11,2026-09-14,web.search_query,"""갯벌"" ""고립"" ""논문"" 조석",https://www.thinkzon.com/share_list_report/A28B14_585.php?display_type=list&scale=40&sort=score,리포트 인문사회 공유자료 - 씽크존 문서공유,13,not_prioritized,관련성 있는 주변 후보도 포함될 수 있으나 이번 제한된 원문검토 우선순위에서 미선정; 원문 미열람,search_return_screen_only,,search_records/ac-q11.json#turn42search10
ac-q11,2026-09-14,web.search_query,"""갯벌"" ""고립"" ""논문"" 조석",https://api-inference.huggingface.co/spaces/Qwen/Qwen3-ASR/blob/976bece4bc919768e5d96fe8ef1051b1d77d8d70/qwen_asr/inference/assets/korean_dict_jieba.dict,qwen_asr/inference/assets/korean_dict_jieba.dict · Qwen/Qwen3-ASR at 976bece4bc919768e5d96fe8ef1051b1d77d8d70,13,excluded,요구한 활동×환경×결과 관계와 무관하거나 연구 원문이 아님,search_return_screen_only,,search_records/ac-q11.json#turn42search11
ac-q12,2026-09-14,web.search_query,"""Which Meteorological and Climatological Information Is Requested"" pdf",https://www.tesisenred.net/bitstream/handle/10803/687266/TESI%20Anna%20Boqu%C3%A9%20Ciurana.pdf?isAllowed=y&sequence=1,DEVELOPING CLIMATE SERVICES FOR SURFING ACTIVITY,17,not_prioritized,관련성 있는 주변 후보도 포함될 수 있으나 이번 제한된 원문검토 우선순위에서 미선정; 원문 미열람,search_return_screen_only,,search_records/ac-q12.json#turn43search12
ac-q12,2026-09-14,web.search_query,"""Which Meteorological and Climatological Information Is Requested"" pdf",https://canviclimatic.gencat.cat/web/.content/03_AMBITS/Comite_Experts_CC/Publicacions/CECC_2025_Proposta-de-pressupostos-de-carboni-per-a-Catalunya.-Periode-2021-2035_informe.pdf,REFERÈNCIES,17,not_prioritized,관련성 있는 주변 후보도 포함될 수 있으나 이번 제한된 원문검토 우선순위에서 미선정; 원문 미열람,search_return_screen_only,,search_records/ac-q12.json#turn43search13
ac-q12,2026-09-14,web.search_query,"""Which Meteorological and Climatological Information Is Requested"" pdf",https://accioclimatica.bibliotecadigital.gencat.cat/bitstream/handle/20.500.14343/1361/2025_Carbon_budget_proposal_Catalonia_%202021_2035_ENG.pdf?isAllowed=y&sequence=5,CARBON BUDGET,17,not_prioritized,관련성 있는 주변 후보도 포함될 수 있으나 이번 제한된 원문검토 우선순위에서 미선정; 원문 미열람,search_return_screen_only,,search_records/ac-q12.json#turn43search14
ac-q12,2026-09-14,web.search_query,"""Which Meteorological and Climatological Information Is Requested"" pdf",https://accioclimatica.bibliotecadigital.gencat.cat/bitstream/handle/20.500.14343/1361/2025_Propuesta_Presupuestos_Carbono_Catalu%C3%B1a_2021_2035_SPA.pdf?isAllowed=y&sequence=4,PROPUESTA DE,17,not_prioritized,관련성 있는 주변 후보도 포함될 수 있으나 이번 제한된 원문검토 우선순위에서 미선정; 원문 미열람,search_return_screen_only,,search_records/ac-q12.json#turn43search15
ac-q12,2026-09-14,web.search_query,"""Which Meteorological and Climatological Information Is Requested"" pdf",https://pric.unive.it/fileadmin/user_upload/WeCENT/documenti/LVelea-EMS2022.pdf,PowerPoint Presentation,17,excluded,요구한 활동×환경×결과 관계와 무관하거나 연구 원문이 아님,search_return_screen_only,,search_records/ac-q12.json#turn43search16
ac-q12,2026-09-14,web.search_query,"""Which Meteorological and Climatological Information Is Requested"" pdf",https://researchid.co/annaboque,Anna Boqué Ciurana,17,not_prioritized,관련성 있는 주변 후보도 포함될 수 있으나 이번 제한된 원문검토 우선순위에서 미선정; 원문 미열람,search_return_screen_only,,search_records/ac-q12.json#turn43search0
ac-q12,2026-09-14,web.search_query,"""Which Meteorological and Climatological Information Is Requested"" pdf",https://www.ncdc.noaa.gov/cdo-web/faq,Climate Data Online FAQ | Climate Data Online (CDO) | National Climatic Data Center (NCDC),17,not_prioritized,관련성 있는 주변 후보도 포함될 수 있으나 이번 제한된 원문검토 우선순위에서 미선정; 원문 미열람,search_return_screen_only,,search_records/ac-q12.json#turn43search1
ac-q12,2026-09-14,web.search_query,"""Which Meteorological and Climatological Information Is Requested"" pdf",https://adscientificindex.com/scientist/anna-boque-ciurana/6169155/,Anna Boqué-Ciurana – Engineering & Technology /… | AD Scientific Index,17,not_prioritized,관련성 있는 주변 후보도 포함될 수 있으나 이번 제한된 원문검토 우선순위에서 미선정; 원문 미열람,search_return_screen_only,,search_records/ac-q12.json#turn43search2
ac-q12,2026-09-14,web.search_query,"""Which Meteorological and Climatological Information Is Requested"" pdf",https://www.sciencedirect.com/science/article/abs/pii/S0964569125004983,Co-created climatologies for sea leisure activities and adaptation strategies in the central-western Mediterranean: Advancing sustainability and enhancing recreational experiences - ScienceDirect,17,not_prioritized,관련성 있는 주변 후보도 포함될 수 있으나 이번 제한된 원문검토 우선순위에서 미선정; 원문 미열람,search_return_screen_only,,search_records/ac-q12.json#turn43search3
ac-q12,2026-09-14,web.search_query,"""Which Meteorological and Climatological Information Is Requested"" pdf",https://iris.urv.cat/en/ipublic/item/9187103,Which Meteorological and Climatological Information Is Requested for Better Surfing Experiences? A Survey-Based Analysis - Universitat Rovira i Virgili,17,duplicate_or_alternative_access,같은 연구의 재반환 또는 다른 접근주소; 독립연구로 세지 않음,search_return_screen_only,AC-S02,search_records/ac-q12.json#turn43search4
ac-q12,2026-09-14,web.search_query,"""Which Meteorological and Climatological Information Is Requested"" pdf",https://iris.urv.cat/cat/ipublic/item/9187103,Which Meteorological and Climatological Information Is Requested for Better Surfing Experiences? A Survey-Based Analysis - Universitat Rovira i Virgili,17,duplicate_or_alternative_access,같은 연구의 재반환 또는 다른 접근주소; 독립연구로 세지 않음,search_return_screen_only,AC-S02,search_records/ac-q12.json#turn43search5
ac-q12,2026-09-14,web.search_query,"""Which Meteorological and Climatological Information Is Requested"" pdf",https://www.applykite.com/professors/enric-aguilar-d16f73cd-112d-4bb4-b7ad-03c7ef6bc028,"Enric Aguilar at University Institute on Sustainability - Research Interests, Publications & Academic Profile | ApplyKite",17,not_prioritized,관련성 있는 주변 후보도 포함될 수 있으나 이번 제한된 원문검토 우선순위에서 미선정; 원문 미열람,search_return_screen_only,,search_records/ac-q12.json#turn43search6
ac-q12,2026-09-14,web.search_query,"""Which Meteorological and Climatological Information Is Requested"" pdf",https://repositori.urv.cat/estatic/PC0011/ca_imarina9187103.html,Which Meteorological and Climatological Information Is Requested for Better Surfing Experiences? A Survey-Based Analysis,17,duplicate_or_alternative_access,같은 연구의 재반환 또는 다른 접근주소; 독립연구로 세지 않음,search_return_screen_only,AC-S02,search_records/ac-q12.json#turn43search7
ac-q12,2026-09-14,web.search_query,"""Which Meteorological and Climatological Information Is Requested"" pdf",https://repositori.urv.cat/estatic/PC0011/en_imarina9187103.html,Which Meteorological and Climatological Information Is Requested for Better Surfing Experiences? A Survey-Based Analysis,17,duplicate_or_alternative_access,같은 연구의 재반환 또는 다른 접근주소; 독립연구로 세지 않음,search_return_screen_only,AC-S02,search_records/ac-q12.json#turn43search8
ac-q12,2026-09-14,web.search_query,"""Which Meteorological and Climatological Information Is Requested"" pdf",https://agris.fao.org/search/en/providers/122436/records/690c7d4ce36ca62843600b06,Which Meteorological and Climatological Information Is Requested for Better Surfing Experiences? A Survey-Based Analysis,17,not_prioritized,주변 관련 후보; 직접 확인한 핵심 원연구·공식자료를 우선하며 전원문 검토는 수행하지 않음,search_return_screen_only,,search_records/ac-q12.json#turn43search9
ac-q12,2026-09-14,web.search_query,"""Which Meteorological and Climatological Information Is Requested"" pdf",https://www.histsyn.com/2023/01/EYB1972.html,港史文本 - HK In Texts: Hong Kong Yearbook - Annual Report for the Year 1972,17,not_prioritized,관련성 있는 주변 후보도 포함될 수 있으나 이번 제한된 원문검토 우선순위에서 미선정; 원문 미열람,search_return_screen_only,,search_records/ac-q12.json#turn43search10
ac-q12,2026-09-14,web.search_query,"""Which Meteorological and Climatological Information Is Requested"" pdf",https://ouci.dntb.gov.ua/works/732VxRQ9/,Climate and weather-related factors limiting outdoor activities and impacting tourism: Case studies in Slovenia,17,not_prioritized,관련성 있는 주변 후보도 포함될 수 있으나 이번 제한된 원문검토 우선순위에서 미선정; 원문 미열람,search_return_screen_only,,search_records/ac-q12.json#turn43search11
ac-q13,2026-09-14,web.search_query,"""Thermal and cardiovascular responses"" ""Masuda"" pdf",https://www.sciencedirect.com/science/article/pii/S0306456519300750,Thermal and cardiovascular responses and thermal sensation during hot-water bathing and the influence of room temperature - ScienceDirect,17,selected_for_review,,search_return_screen_only,AC-S04,search_records/ac-q13.json#turn44search0
ac-q13,2026-09-14,web.search_query,"""Thermal and cardiovascular responses"" ""Masuda"" pdf",https://pubmed.ncbi.nlm.nih.gov/31128663/,Thermal and cardiovascular responses and thermal sensation during hot-water bathing and the influence of room temperature - PubMed,17,duplicate_or_alternative_access,같은 연구의 재반환 또는 다른 접근주소; 독립연구로 세지 않음,search_return_screen_only,AC-S04,search_records/ac-q13.json#turn44search1
ac-q13,2026-09-14,web.search_query,"""Thermal and cardiovascular responses"" ""Masuda"" pdf",https://www.sciencedirect.com/science/article/abs/pii/S0306456519300750,Thermal and cardiovascular responses and thermal sensation during hot-water bathing and the influence of room temperature - ScienceDirect,17,duplicate_or_alternative_access,같은 연구의 재반환 또는 다른 접근주소; 독립연구로 세지 않음,search_return_screen_only,AC-S04,search_records/ac-q13.json#turn44search2
ac-q13,2026-09-14,web.search_query,"""Thermal and cardiovascular responses"" ""Masuda"" pdf",https://www.researchgate.net/publication/332004859_Thermal_and_cardiovascular_responses_and_thermal_sensation_during_hot-water_bathing_and_the_influence_of_room_temperature,Thermal and cardiovascular responses and thermal sensation during hot-water bathing and the influence of room temperature | Request PDF,17,not_prioritized,주변 관련 후보; 직접 확인한 핵심 원연구·공식자료를 우선하며 전원문 검토는 수행하지 않음,search_return_screen_only,,search_records/ac-q13.json#turn44search3
ac-q13,2026-09-14,web.search_query,"""Thermal and cardiovascular responses"" ""Masuda"" pdf",https://mol.medicalonline.jp/archive/search?issue=1&jo=ck1onsen&vo=84&ye=2021,日本温泉気候物理医学会雑誌 84巻1号（日本温泉気候物理医学会） | 医学文献検索サービス メディカルオンライン,17,not_prioritized,관련성 있는 주변 후보도 포함될 수 있으나 이번 제한된 원문검토 우선순위에서 미선정; 원문 미열람,search_return_screen_only,,search_records/ac-q13.json#turn44search4
ac-q13,2026-09-14,web.search_query,"""Thermal and cardiovascular responses"" ""Masuda"" pdf",https://waseda.elsevierpure.com/en/publications/thermal-and-cardiovascular-responses-and-thermal-sensation-during/,Thermal and cardiovascular responses and thermal sensation during hot-water bathing and the influence of room temperature - Waseda University,17,duplicate_or_alternative_access,같은 연구의 재반환 또는 다른 접근주소; 독립연구로 세지 않음,search_return_screen_only,AC-S04,search_records/ac-q13.json#turn44search5
ac-q13,2026-09-14,web.search_query,"""Thermal and cardiovascular responses"" ""Masuda"" pdf",https://kaken.nii.ac.jp/file/KAKENHI-PROJECT-19H01128/19H01128seika.pdf,１版 様　式　Ｃ－１９、Ｆ－１９－１、Ｚ－１９ （共通） 科学研究費助成事業　　研究成果報告書 令和,17,not_prioritized,관련성 있는 주변 후보도 포함될 수 있으나 이번 제한된 원문검토 우선순위에서 미선정; 원문 미열람,search_return_screen_only,,search_records/ac-q13.json#turn44search12
ac-q13,2026-09-14,web.search_query,"""Thermal and cardiovascular responses"" ""Masuda"" pdf",https://www.researchgate.net/profile/Yuta-Masuda,"Yuta MASUDA | Professor (Assistant) | Ph.D. | Kyoto Prefectural University, Kyoto | Research profile",17,not_prioritized,관련성 있는 주변 후보도 포함될 수 있으나 이번 제한된 원문검토 우선순위에서 미선정; 원문 미열람,search_return_screen_only,,search_records/ac-q13.json#turn44search6
ac-q13,2026-09-14,web.search_query,"""Thermal and cardiovascular responses"" ""Masuda"" pdf",https://openalex.org/W2923635708,Thermal and cardiovascular responses and thermal sensation during hot-water bathing and the influence of room temperature,17,not_prioritized,주변 관련 후보; 직접 확인한 핵심 원연구·공식자료를 우선하며 전원문 검토는 수행하지 않음,search_return_screen_only,,search_records/ac-q13.json#turn44search7
ac-q13,2026-09-14,web.search_query,"""Thermal and cardiovascular responses"" ""Masuda"" pdf",https://waseda.elsevierpure.com/ja/publications/thermal-and-cardiovascular-responses-and-thermal-sensation-during/,Thermal and cardiovascular responses and thermal sensation during hot-water bathing and the influence of room temperature - 早稲田大学,17,duplicate_or_alternative_access,같은 연구의 재반환 또는 다른 접근주소; 독립연구로 세지 않음,search_return_screen_only,AC-S04,search_records/ac-q13.json#turn44search8
ac-q13,2026-09-14,web.search_query,"""Thermal and cardiovascular responses"" ""Masuda"" pdf",https://orcid.org/0000-0001-9643-5807,ORCID,17,excluded,요구한 활동×환경×결과 관계와 무관하거나 연구 원문이 아님,search_return_screen_only,,search_records/ac-q13.json#turn44search9
ac-q13,2026-09-14,web.search_query,"""Thermal and cardiovascular responses"" ""Masuda"" pdf",https://waseda.repo.nii.ac.jp/record/2006676/files/NingenKagakuKenkyu_38_1_1.pdf,"人間科学研究　Vol.38, Supplement (2025)",17,not_prioritized,관련성 있는 주변 후보도 포함될 수 있으나 이번 제한된 원문검토 우선순위에서 미선정; 원문 미열람,search_return_screen_only,,search_records/ac-q13.json#turn44search13
ac-q13,2026-09-14,web.search_query,"""Thermal and cardiovascular responses"" ""Masuda"" pdf",https://hpsc-network.jpnsport.go.jp/plugin/repositories/search/4/15?page=28&sort=title%7Casc,研究情報－JISSリポジトリ | High Performance Sport Center Network,17,not_prioritized,관련성 있는 주변 후보도 포함될 수 있으나 이번 제한된 원문검토 우선순위에서 미선정; 원문 미열람,search_return_screen_only,,search_records/ac-q13.json#turn44search10
ac-q13,2026-09-14,web.search_query,"""Thermal and cardiovascular responses"" ""Masuda"" pdf",https://ymasu08.github.io/y-masu.github.io/works,,17,not_prioritized,관련성 있는 주변 후보도 포함될 수 있으나 이번 제한된 원문검토 우선순위에서 미선정; 원문 미열람,search_return_screen_only,,search_records/ac-q13.json#turn44search11
ac-q13,2026-09-14,web.search_query,"""Thermal and cardiovascular responses"" ""Masuda"" pdf",https://www.nature.com/articles/s41467-025-57868-6.pdf,Meta-analysis of heat-induced changes in cardiac function from over 400 laboratory-based heat exposure studies,17,not_prioritized,관련성 있는 주변 후보도 포함될 수 있으나 이번 제한된 원문검토 우선순위에서 미선정; 원문 미열람,search_return_screen_only,,search_records/ac-q13.json#turn44search14
ac-q13,2026-09-14,web.search_query,"""Thermal and cardiovascular responses"" ""Masuda"" pdf",https://waseda.repo.nii.ac.jp/record/73012/files/Shinsa-8923.pdf,２００６年６月１４日,17,not_prioritized,관련성 있는 주변 후보도 포함될 수 있으나 이번 제한된 원문검토 우선순위에서 미선정; 원문 미열람,search_return_screen_only,,search_records/ac-q13.json#turn44search15
ac-q13,2026-09-14,web.search_query,"""Thermal and cardiovascular responses"" ""Masuda"" pdf",https://journals.rcsi.science/1997-0935/article/download/266702/245647,Подготовка горячей воды в автономных системах теплоснабжения,17,not_prioritized,관련성 있는 주변 후보도 포함될 수 있으나 이번 제한된 원문검토 우선순위에서 미선정; 원문 미열람,search_return_screen_only,,search_records/ac-q13.json#turn44search16
ac-q14,2026-09-14,web.search_query,"""10.12652/Ksce.2026.46.1.0061""",https://kscejournal.or.kr/jksce/XmlViewer/f450647,JKSCE - KSCE JOURNAL OF CIVIL AND ENVIRONMENTAL ENGINEERING RESEARCH,3,handoff,해변/입수 안전 담당 총괄로 전달; AC 범위 중복추출하지 않음,search_return_screen_only,,search_records/ac-q14.json#turn70search0
ac-q14,2026-09-14,web.search_query,"""10.12652/Ksce.2026.46.1.0061""",https://www.kci.go.kr/kciportal/ci/sereArticleSearch/ciSereArtiView.kci?sereArticleSearchBean.artiId=ART003301317,국립해양조사원 이안류 위험지수의 통계적 평가 연구,3,handoff,해변/입수 안전 담당 총괄로 전달; AC 범위 중복추출하지 않음,search_return_screen_only,,search_records/ac-q14.json#turn70search1
ac-q14,2026-09-14,web.search_query,"""10.12652/Ksce.2026.46.1.0061""",https://auric.or.kr/User/Rdoc/DocRdoc.aspx?dn=450647&returnVal=RD_R,국립해양조사원 이안류 위험지수의 통계적 평가 연구 - AURIC,3,handoff,해변/입수 안전 담당 총괄로 전달; AC 범위 중복추출하지 않음,search_return_screen_only,,search_records/ac-q14.json#turn70search2
ac-q15,2026-09-14,web.search_query,"""10.3390/su14148496""",https://www.mdpi.com/2071-1050/14/14/8496,Exploring the Climatic Potential of Somo’s Surf Spot for Tourist Destination Management,17,selected_for_review,,search_return_screen_only,AC-S09,search_records/ac-q15.json#turn71search0
ac-q15,2026-09-14,web.search_query,"""10.3390/su14148496""",https://www.researchgate.net/publication/372606311_Sustainability_and_Climate_Services_Critique_Integration_and_Reimagination,"(PDF) Sustainability and Climate Services: Critique, Integration, and Reimagination",17,not_prioritized,관련성 있는 주변 후보도 포함될 수 있으나 이번 제한된 원문검토 우선순위에서 미선정; 원문 미열람,search_return_screen_only,,search_records/ac-q15.json#turn71search1
ac-q15,2026-09-14,web.search_query,"""10.3390/su14148496""",https://iris.urv.cat/es/ipublic/item/9280430,Exploring the Climatic Potential of Somo's Surf Spot for Tourist Destination Management - Universitat Rovira i Virgili,17,duplicate_or_alternative_access,같은 연구의 재반환 또는 다른 접근주소; 독립연구로 세지 않음,search_return_screen_only,AC-S09,search_records/ac-q15.json#turn71search2
ac-q15,2026-09-14,web.search_query,"""10.3390/su14148496""",https://mdpi-res.com/bookfiles/book/7510/Sustainability_and_Climate_Services_Critique_Integration_and_Reimagination.pdf?v=1780189673,"[Sustainability] Sustainability and Climate Services Critique, Integration, and Reimagination.-reprint2.pdf",17,not_prioritized,관련성 있는 주변 후보도 포함될 수 있으나 이번 제한된 원문검토 우선순위에서 미선정; 원문 미열람,search_return_screen_only,,search_records/ac-q15.json#turn71search12
ac-q15,2026-09-14,web.search_query,"""10.3390/su14148496""",https://www.mdpi.com/journal/sustainability/special_issues/climate_service,"Sustainability | Special Issue : Sustainability and Climate Services: Critique, Integration, and Reimagination",17,not_prioritized,관련성 있는 주변 후보도 포함될 수 있으나 이번 제한된 원문검토 우선순위에서 미선정; 원문 미열람,search_return_screen_only,,search_records/ac-q15.json#turn71search3
ac-q15,2026-09-14,web.search_query,"""10.3390/su14148496""",https://www.tandfonline.com/doi/abs/10.1080/23311886.2024.2407024,Full article: Climate change perceptions and experiences from tourists visiting popular destinations in South Africa,17,not_prioritized,관련성 있는 주변 후보도 포함될 수 있으나 이번 제한된 원문검토 우선순위에서 미선정; 원문 미열람,search_return_screen_only,,search_records/ac-q15.json#turn71search4
ac-q15,2026-09-14,web.search_query,"""10.3390/su14148496""",https://repositori.urv.cat/estatic/PC0011/ca_imarina9280430.html,Exploring the Climatic Potential of Somo's Surf Spot for Tourist Destination Management,17,duplicate_or_alternative_access,같은 연구의 재반환 또는 다른 접근주소; 독립연구로 세지 않음,search_return_screen_only,AC-S09,search_records/ac-q15.json#turn71search5
ac-q15,2026-09-14,web.search_query,"""10.3390/su14148496""",https://www.mendeley.com/catalogue/f10643b0-9ef2-3e41-976f-d9d8cd009ca4/,Exploring the Climatic Potential ... preview & related info | Mendeley,17,not_prioritized,관련성 있는 주변 후보도 포함될 수 있으나 이번 제한된 원문검토 우선순위에서 미선정; 원문 미열람,search_return_screen_only,,search_records/ac-q15.json#turn71search6
ac-q15,2026-09-14,web.search_query,"""10.3390/su14148496""",https://repositori.urv.cat/repositori/getDocument/TDX%3A4207?ds=Memoria&mime=application%2Fpdf,UNIVERSITAT ROVIRA I VIRGILI,17,not_prioritized,관련성 있는 주변 후보도 포함될 수 있으나 이번 제한된 원문검토 우선순위에서 미선정; 원문 미열람,search_return_screen_only,,search_records/ac-q15.json#turn71search13
ac-q15,2026-09-14,web.search_query,"""10.3390/su14148496""",https://mdpi-res.com/bookfiles/book/7510/Sustainability_and_Climate_Services_Critique_Integration_and_Reimagination.pdf?v=1708985117,"[Sustainability] Sustainability and Climate Services Critique, Integration, and Reimagination.-reprint2.pdf",17,not_prioritized,관련성 있는 주변 후보도 포함될 수 있으나 이번 제한된 원문검토 우선순위에서 미선정; 원문 미열람,search_return_screen_only,,search_records/ac-q15.json#turn71search14
ac-q15,2026-09-14,web.search_query,"""10.3390/su14148496""",https://web.unican.es/portal-investigador/en/publications/publication-detail?pi=ART16971,Información de la publicación,17,not_prioritized,관련성 있는 주변 후보도 포함될 수 있으나 이번 제한된 원문검토 우선순위에서 미선정; 원문 미열람,search_return_screen_only,,search_records/ac-q15.json#turn71search7
ac-q15,2026-09-14,web.search_query,"""10.3390/su14148496""",https://encyclopedia.pub/entry/25479,Climate and Surfing | Encyclopedia MDPI,17,not_prioritized,주변 관련 후보; 직접 확인한 핵심 원연구·공식자료를 우선하며 전원문 검토는 수행하지 않음,search_return_screen_only,,search_records/ac-q15.json#turn71search8
ac-q15,2026-09-14,web.search_query,"""10.3390/su14148496""",https://www.grafiati.com/en/literature-selections/spa-climatic-resort/journal/,Journal articles: 'Spa climatic resort' – Grafiati,17,not_prioritized,관련성 있는 주변 후보도 포함될 수 있으나 이번 제한된 원문검토 우선순위에서 미선정; 원문 미열람,search_return_screen_only,,search_records/ac-q15.json#turn71search9
ac-q15,2026-09-14,web.search_query,"""10.3390/su14148496""",https://mdpi-res.com/bookfiles/book/7510/Sustainability_and_Climate_Services_Critique_Integration_and_Reimagination.pdf?v=1748912770,Special Issue Reprint,17,not_prioritized,관련성 있는 주변 후보도 포함될 수 있으나 이번 제한된 원문검토 우선순위에서 미선정; 원문 미열람,search_return_screen_only,,search_records/ac-q15.json#turn71search15
ac-q15,2026-09-14,web.search_query,"""10.3390/su14148496""",https://accioclimatica.bibliotecadigital.gencat.cat/bitstream/handle/20.500.14343/1361/2025_Propuesta_Presupuestos_Carbono_Catalu%C3%B1a_2021_2035_SPA.pdf?isAllowed=y&sequence=4,PROPUESTA DE,17,not_prioritized,관련성 있는 주변 후보도 포함될 수 있으나 이번 제한된 원문검토 우선순위에서 미선정; 원문 미열람,search_return_screen_only,,search_records/ac-q15.json#turn71search16
ac-q15,2026-09-14,web.search_query,"""10.3390/su14148496""",https://encyclopedia.pub/entry/history/show/61525,Climate and Surfing | Encyclopedia MDPI,17,not_prioritized,주변 관련 후보; 직접 확인한 핵심 원연구·공식자료를 우선하며 전원문 검토는 수행하지 않음,search_return_screen_only,,search_records/ac-q15.json#turn71search10
ac-q15,2026-09-14,web.search_query,"""10.3390/su14148496""",https://ouci.dntb.gov.ua/en/works/4YmrWNEq/,Indicators for Assessing Sustainability in Mediterranean Tourism Destinations: A Systematic Review,17,not_prioritized,관련성 있는 주변 후보도 포함될 수 있으나 이번 제한된 원문검토 우선순위에서 미선정; 원문 미열람,search_return_screen_only,,search_records/ac-q15.json#turn71search11
ac-q16,2026-09-14,web.search_query,"""10.1016/j.scitotenv.2016.11.049""",https://pubmed.ncbi.nlm.nih.gov/27887836/,Modelling white-water rafting suitability in a hydropower regulated Alpine River - PubMed,18,selected_for_review,,search_return_screen_only,AC-S08,search_records/ac-q16.json#turn72search0
ac-q16,2026-09-14,web.search_query,"""10.1016/j.scitotenv.2016.11.049""",https://www.sciencedirect.com/science/article/abs/pii/S0048969716324895,Modelling white-water rafting suitability in a hydropower regulated Alpine River - ScienceDirect,18,duplicate_or_alternative_access,같은 연구의 재반환 또는 다른 접근주소; 독립연구로 세지 않음,search_return_screen_only,AC-S08,search_records/ac-q16.json#turn72search1
ac-q16,2026-09-14,web.search_query,"""10.1016/j.scitotenv.2016.11.049""",https://openalex.org/W2551758401,Modelling white-water rafting suitability in a hydropower regulated Alpine River,18,not_prioritized,주변 관련 후보; 직접 확인한 핵심 원연구·공식자료를 우선하며 전원문 검토는 수행하지 않음,search_return_screen_only,,search_records/ac-q16.json#turn72search2
ac-q16,2026-09-14,web.search_query,"""10.1016/j.scitotenv.2016.11.049""",https://www.researchgate.net/publication/310772978_Modelling_white-water_rafting_suitability_in_a_hydropower_regulated_Alpine_River,Modelling white-water rafting suitability in a hydropower regulated Alpine River | Request PDF,18,not_prioritized,주변 관련 후보; 직접 확인한 핵심 원연구·공식자료를 우선하며 전원문 검토는 수행하지 않음,search_return_screen_only,,search_records/ac-q16.json#turn72search3
ac-q16,2026-09-14,web.search_query,"""10.1016/j.scitotenv.2016.11.049""",https://hero.epa.gov/reference/8032671/,Modelling white-water rafting suitability in a hydropower regulated Alpine River,18,not_prioritized,주변 관련 후보; 직접 확인한 핵심 원연구·공식자료를 우선하며 전원문 검토는 수행하지 않음,search_return_screen_only,,search_records/ac-q16.json#turn72search4
ac-q16,2026-09-14,web.search_query,"""10.1016/j.scitotenv.2016.11.049""",https://iris.unitn.it/handle/11572/177725,Modelling white-water rafting suitability in a hydropower regulated Alpine River,18,duplicate_or_alternative_access,같은 연구의 재반환 또는 다른 접근주소; 독립연구로 세지 않음,search_return_screen_only,AC-S08,search_records/ac-q16.json#turn72search5
ac-q16,2026-09-14,web.search_query,"""10.1016/j.scitotenv.2016.11.049""",https://scispace.com/papers/modelling-white-water-rafting-suitability-in-a-hydropower-4p3p5x29h0,Modelling white-water rafting suitability in a hydropower regulated Alpine River. (2017) | Mauro Carolli | 24 Citations,18,not_prioritized,주변 관련 후보; 직접 확인한 핵심 원연구·공식자료를 우선하며 전원문 검토는 수행하지 않음,search_return_screen_only,,search_records/ac-q16.json#turn72search6
ac-q16,2026-09-14,web.search_query,"""10.1016/j.scitotenv.2016.11.049""",https://planes.dicam.unitn.it/papers/,Journal Articles – PLANES,18,not_prioritized,관련성 있는 주변 후보도 포함될 수 있으나 이번 제한된 원문검토 우선순위에서 미선정; 원문 미열람,search_return_screen_only,,search_records/ac-q16.json#turn72search7
ac-q16,2026-09-14,web.search_query,"""10.1016/j.scitotenv.2016.11.049""",https://www.research-collection.ethz.ch/handle/20.500.11850/125471,Modelling white-water rafting suitability in a hydropower regulated Alpine River,18,duplicate_or_alternative_access,같은 연구의 재반환 또는 다른 접근주소; 독립연구로 세지 않음,search_return_screen_only,AC-S08,search_records/ac-q16.json#turn72search8
ac-q16,2026-09-14,web.search_query,"""10.1016/j.scitotenv.2016.11.049""",https://ethz.ch/content/dam/ethz/special-interest/baug/vaw/vaw-dam/documents/das-institut/jahresberichte/2010-2019/jahresbericht-2016.pdf,Jahresbericht 2016,18,not_prioritized,관련성 있는 주변 후보도 포함될 수 있으나 이번 제한된 원문검토 우선순위에서 미선정; 원문 미열람,search_return_screen_only,,search_records/ac-q16.json#turn72search12
ac-q16,2026-09-14,web.search_query,"""10.1016/j.scitotenv.2016.11.049""",https://orcid.org/0000-0003-2807-7387,ORCID,18,excluded,요구한 활동×환경×결과 관계와 무관하거나 연구 원문이 아님,search_return_screen_only,,search_records/ac-q16.json#turn72search9
ac-q16,2026-09-14,web.search_query,"""10.1016/j.scitotenv.2016.11.049""",https://orcid.org/0000-0001-9625-8441,ORCID,18,excluded,요구한 활동×환경×결과 관계와 무관하거나 연구 원문이 아님,search_return_screen_only,,search_records/ac-q16.json#turn72search10
ac-q16,2026-09-14,web.search_query,"""10.1016/j.scitotenv.2016.11.049""",https://www.igb-berlin.de/sites/default/files/media-files/CVEng.pdf,Curriculum vitae,18,excluded,요구한 활동×환경×결과 관계와 무관하거나 연구 원문이 아님,search_return_screen_only,,search_records/ac-q16.json#turn72search13
ac-q16,2026-09-14,web.search_query,"""10.1016/j.scitotenv.2016.11.049""",https://scispace.com/authors/guido-zolezzi-3sfdam0nm3?papers_page=16,Guido Zolezzi | University of Trento | 106 Publications | 378 Citations | Related Authors,18,not_prioritized,관련성 있는 주변 후보도 포함될 수 있으나 이번 제한된 원문검토 우선순위에서 미선정; 원문 미열람,search_return_screen_only,,search_records/ac-q16.json#turn72search11
ac-q16,2026-09-14,web.search_query,"""10.1016/j.scitotenv.2016.11.049""",https://digitalcollection.zhaw.ch/bitstream/11475/26619/3/2023_Alp-etal_An-international-network-on-hydropeaking-research-practice-policy_RRA_AAM.pdf,This is the peer reviewed version of the following article:,18,not_prioritized,관련성 있는 주변 후보도 포함될 수 있으나 이번 제한된 원문검토 우선순위에서 미선정; 원문 미열람,search_return_screen_only,,search_records/ac-q16.json#turn72search14
ac-q16,2026-09-14,web.search_query,"""10.1016/j.scitotenv.2016.11.049""",https://oulurepo.oulu.fi/bitstream/handle/10024/47614/nbnfioulu-202402021560.pdf?isAllowed=y&sequence=1,Science of the Total Environment 912 (2024) 169385,18,not_prioritized,관련성 있는 주변 후보도 포함될 수 있으나 이번 제한된 원문검토 우선순위에서 미선정; 원문 미열람,search_return_screen_only,,search_records/ac-q16.json#turn72search15
ac-q16,2026-09-14,web.search_query,"""10.1016/j.scitotenv.2016.11.049""",https://www.danielhayes.at/_files/ugd/c09f97_f3fab6172f264102a1d43c8005285532.pdf?index=true,Received: 7 February 2022,18,not_prioritized,관련성 있는 주변 후보도 포함될 수 있으나 이번 제한된 원문검토 우선순위에서 미선정; 원문 미열람,search_return_screen_only,,search_records/ac-q16.json#turn72search16
ac-q16,2026-09-14,web.search_query,"""10.1016/j.scitotenv.2016.11.049""",https://www.rehydro.eu/wp-content/uploads/2024/12/D10.1-Project-Management-Plan-1.pdf,Demonstration of Sustainable,18,not_prioritized,관련성 있는 주변 후보도 포함될 수 있으나 이번 제한된 원문검토 우선순위에서 미선정; 원문 미열람,search_return_screen_only,,search_records/ac-q16.json#turn72search17
ac-q17,2026-09-14,web.search_query,"""Classification of surf breaks in relation to surfing skill"" Hutt 2001",https://ref.coastalrestorationtrust.org.nz/documents/classification-of-surf-breaks-in-relation-to-surfing-skill/,Classification of surf breaks in relation to surfing skill • Coastal Dune Ecosystem Reference Database,18,bibliographic_trace,"원조 임계값 추적; 공개 원문 미확보, 효과 근거 미추출",search_return_screen_only,,search_records/ac-q17.json#turn79search0
ac-q17,2026-09-14,web.search_query,"""Classification of surf breaks in relation to surfing skill"" Hutt 2001",https://www.researchgate.net/publication/277019083_Classification_of_Surf_Breaks_in_Relation_to_Surfing_Skill_In_K_Black_ed_Natural_and_Artificial_Reefs_for_Surfing_and_Coastal_Protection,Classification of Surf Breaks in Relation to Surfing Skill. In: K. Black (ed) Natural and Artificial Reefs for Surfing and Coastal Protection. | Request PDF,18,bibliographic_trace,"원조 임계값 추적; 공개 원문 미확보, 효과 근거 미추출",search_return_screen_only,,search_records/ac-q17.json#turn79search1
ac-q17,2026-09-14,web.search_query,"""Classification of surf breaks in relation to surfing skill"" Hutt 2001",https://www.waikatoregion.govt.nz/assets/WRC/WRC-2019/TR201719.pdf,Waikato Region Surf Breaks,18,not_prioritized,주변 관련 후보; 직접 확인한 핵심 원연구·공식자료를 우선하며 전원문 검토는 수행하지 않음,search_return_screen_only,,search_records/ac-q17.json#turn79search12
ac-q17,2026-09-14,web.search_query,"""Classification of surf breaks in relation to surfing skill"" Hutt 2001",https://www.trc.govt.nz/assets/Documents/Plans-policies/CoastalPlan/Proposed2018/Background/SignificanceCriteria-w.pdf,Regional significance criteria for the assessment of surf breaks,18,not_prioritized,주변 관련 후보; 직접 확인한 핵심 원연구·공식자료를 우선하며 전원문 검토는 수행하지 않음,search_return_screen_only,,search_records/ac-q17.json#turn79search13
ac-q17,2026-09-14,web.search_query,"""Classification of surf breaks in relation to surfing skill"" Hutt 2001",https://www.surfbreak.org.nz/wp-content/uploads/2014/01/Planning-approaches-for-the-management-of-Surf-Breaks-in-New-Zealand_Skellern-et-al-2013.pdf,Planning approaches for the  management of surf breaks in New Zealand,18,not_prioritized,주변 관련 후보; 직접 확인한 핵심 원연구·공식자료를 우선하며 전원문 검토는 수행하지 않음,search_return_screen_only,,search_records/ac-q17.json#turn79search14
ac-q17,2026-09-14,web.search_query,"""Classification of surf breaks in relation to surfing skill"" Hutt 2001",https://scispace.com/papers/the-science-of-surfing-waves-and-surfing-breaks-a-review-2k2kyup5pn,(Open Access) The Science of Surfing Waves and Surfing Breaks - A Review (2003) | B. E. Scarfe | 48 Citations,18,not_prioritized,주변 관련 후보; 직접 확인한 핵심 원연구·공식자료를 우선하며 전원문 검토는 수행하지 않음,search_return_screen_only,,search_records/ac-q17.json#turn79search2
ac-q17,2026-09-14,web.search_query,"""Classification of surf breaks in relation to surfing skill"" Hutt 2001",https://www.scribd.com/document/269801/Isbn-0-473-09801-6-Scarfe-Surfscience,Science of Surfing Waves and Breaks | PDF | Physical Oceanography | Earth Sciences,18,not_prioritized,주변 관련 후보; 직접 확인한 핵심 원연구·공식자료를 우선하며 전원문 검토는 수행하지 않음,search_return_screen_only,,search_records/ac-q17.json#turn79search3
ac-q17,2026-09-14,web.search_query,"""Classification of surf breaks in relation to surfing skill"" Hutt 2001",https://www.mdpi.com/2077-1312/8/8/599,Expected Distribution of Surfing Days in the Iberian Peninsula | MDPI,18,not_prioritized,주변 관련 후보; 직접 확인한 핵심 원연구·공식자료를 우선하며 전원문 검토는 수행하지 않음,search_return_screen_only,,search_records/ac-q17.json#turn79search4
ac-q17,2026-09-14,web.search_query,"""Classification of surf breaks in relation to surfing skill"" Hutt 2001",https://escholarship.org/content/qt6h72j1fz/qt6h72j1fz_noSplash_e9acf23aaf1f89711020355d7c3f66eb.pdf?t=lnpkzx,The Science of Surfing Waves and Surfing Breaks - A Review,18,not_prioritized,주변 관련 후보; 직접 확인한 핵심 원연구·공식자료를 우선하며 전원문 검토는 수행하지 않음,search_return_screen_only,,search_records/ac-q17.json#turn79search15
ac-q17,2026-09-14,web.search_query,"""Classification of surf breaks in relation to surfing skill"" Hutt 2001",https://bioone.org/journals/journal-of-coastal-research/volume-24/issue-9/08-0999.1/Sustainable-Management-of-Surfing-Breaks-Case-Studies-and-Recommendations/10.2112/08-0999.1.full,Sustainable Management of Surfing Breaks: Case Studies and Recommendations,18,not_prioritized,주변 관련 후보; 직접 확인한 핵심 원연구·공식자료를 우선하며 전원문 검토는 수행하지 않음,search_return_screen_only,,search_records/ac-q17.json#turn79search5
ac-q17,2026-09-14,web.search_query,"""Classification of surf breaks in relation to surfing skill"" Hutt 2001",https://ndltd.ncl.edu.tw/cgi-bin/gs32/gsweb.cgi/login?o=dnclcdr&s=id%3D%22109NKUS0571004%22.&searchmode=basic,衝浪活動整體條件評估與分級研究__臺灣博碩士論文知識加值系統,18,not_prioritized,관련성 있는 주변 후보도 포함될 수 있으나 이번 제한된 원문검토 우선순위에서 미선정; 원문 미열람,search_return_screen_only,,search_records/ac-q17.json#turn79search6
ac-q17,2026-09-14,web.search_query,"""Classification of surf breaks in relation to surfing skill"" Hutt 2001",https://ref.coastalrestorationtrust.org.nz/site/assets/files/7962/scarfe_etal_transtasmansurveyorpaper2002.pdf,Surfing breaks are made up of a complex array of interlinked reef components,18,not_prioritized,주변 관련 후보; 직접 확인한 핵심 원연구·공식자료를 우선하며 전원문 검토는 수행하지 않음,search_return_screen_only,,search_records/ac-q17.json#turn79search16
ac-q17,2026-09-14,web.search_query,"""Classification of surf breaks in relation to surfing skill"" Hutt 2001",https://researchcommons.waikato.ac.nz/server/api/core/bitstreams/76fd797b-da04-4da8-918b-a70bfbd1b193/content,The Development of Tools and Guidelines for Surfing Resource Management,18,not_prioritized,주변 관련 후보; 직접 확인한 핵심 원연구·공식자료를 우선하며 전원문 검토는 수행하지 않음,search_return_screen_only,,search_records/ac-q17.json#turn79search17
ac-q17,2026-09-14,web.search_query,"""Classification of surf breaks in relation to surfing skill"" Hutt 2001",https://patents.google.com/patent/US20190329115A1/en,US20190329115A1 - Wave Energy and Rip Current Control System for Surf Pools - Google Patents,18,not_prioritized,주변 관련 후보; 직접 확인한 핵심 원연구·공식자료를 우선하며 전원문 검토는 수행하지 않음,search_return_screen_only,,search_records/ac-q17.json#turn79search7
ac-q17,2026-09-14,web.search_query,"""Classification of surf breaks in relation to surfing skill"" Hutt 2001",https://connectsci.au/hc/article/11/1/47/34930/Lifetime-prevalence-of-exostoses-in-New-Zealand,Lifetime prevalence of exostoses in New Zealand surfers | Journal of Primary Health Care | ConnectSci,18,not_prioritized,주변 관련 후보; 직접 확인한 핵심 원연구·공식자료를 우선하며 전원문 검토는 수행하지 않음,search_return_screen_only,,search_records/ac-q17.json#turn79search8
ac-q17,2026-09-14,web.search_query,"""Classification of surf breaks in relation to surfing skill"" Hutt 2001",https://www.jstor.org/stable/26851745,Investigations of Offshore Wave Preconditioning | JSTOR,18,not_prioritized,관련성 있는 주변 후보도 포함될 수 있으나 이번 제한된 원문검토 우선순위에서 미선정; 원문 미열람,search_return_screen_only,,search_records/ac-q17.json#turn79search9
ac-q17,2026-09-14,web.search_query,"""Classification of surf breaks in relation to surfing skill"" Hutt 2001",https://www.frontiersin.org/journals/sports-and-active-living/articles/10.3389/fspor.2024.1458268/full,"Frontiers | The effects of a land-based warm-up and accompanying passive heat retention on core body temperature, hormones, and subsequent performance in elite surfers",18,not_prioritized,주변 관련 후보; 직접 확인한 핵심 원연구·공식자료를 우선하며 전원문 검토는 수행하지 않음,search_return_screen_only,,search_records/ac-q17.json#turn79search10
ac-q17,2026-09-14,web.search_query,"""Classification of surf breaks in relation to surfing skill"" Hutt 2001",https://ascelibrary.org/doi/10.1061/%28ASCE%29HY.1943-7900.0000177,"Wave and Flow Response to an Artificial Surf Reef: Laboratory Measurements | Journal of Hydraulic Engineering | Vol 136, No 5",18,not_prioritized,주변 관련 후보; 직접 확인한 핵심 원연구·공식자료를 우선하며 전원문 검토는 수행하지 않음,search_return_screen_only,,search_records/ac-q17.json#turn79search11
ac-search1,2026-09-14,web.search_query,"[{""q"": ""surfers wave height period wind preference skill discrete choice study""}, {""q"": ""whitewater rafting flow discharge preference satisfaction Shelby Whittaker study""}, {""q"": ""hot spring bathing water ambient temperature thermal comfort experiment""}, {""q"": ""tidal flat recreation visitor tidal stranding safety study""}]",https://www.lib.uidaho.edu/digital/rrrd/items/rrrd160.html,Using surveys to document effects of streamflows on whitewater rafting | River Recreation Research Database,28,not_prioritized,주변 관련 후보; 직접 확인한 핵심 원연구·공식자료를 우선하며 전원문 검토는 수행하지 않음,search_return_screen_only,,search_records/ac-search1.json#turn4search0
ac-search1,2026-09-14,web.search_query,"[{""q"": ""surfers wave height period wind preference skill discrete choice study""}, {""q"": ""whitewater rafting flow discharge preference satisfaction Shelby Whittaker study""}, {""q"": ""hot spring bathing water ambient temperature thermal comfort experiment""}, {""q"": ""tidal flat recreation visitor tidal stranding safety study""}]",https://www.sciencedirect.com/science/article/pii/S0306456519300750,Thermal and cardiovascular responses and thermal sensation during hot-water bathing and the influence of room temperature - ScienceDirect,28,duplicate_or_alternative_access,같은 연구의 재반환 또는 다른 접근주소; 독립연구로 세지 않음,search_return_screen_only,AC-S04,search_records/ac-search1.json#turn4search1
ac-search1,2026-09-14,web.search_query,"[{""q"": ""surfers wave height period wind preference skill discrete choice study""}, {""q"": ""whitewater rafting flow discharge preference satisfaction Shelby Whittaker study""}, {""q"": ""hot spring bathing water ambient temperature thermal comfort experiment""}, {""q"": ""tidal flat recreation visitor tidal stranding safety study""}]",https://link.springer.com/article/10.1007/s00267-016-0754-7,Setting Preferences of High and Low Use River Recreationists: How Different are They? | Environmental Management | Springer Nature Link,28,not_prioritized,관련성 있는 주변 후보도 포함될 수 있으나 이번 제한된 원문검토 우선순위에서 미선정; 원문 미열람,search_return_screen_only,,search_records/ac-search1.json#turn4search2
ac-search1,2026-09-14,web.search_query,"[{""q"": ""surfers wave height period wind preference skill discrete choice study""}, {""q"": ""whitewater rafting flow discharge preference satisfaction Shelby Whittaker study""}, {""q"": ""hot spring bathing water ambient temperature thermal comfort experiment""}, {""q"": ""tidal flat recreation visitor tidal stranding safety study""}]",https://www.sciencedirect.com/science/article/pii/S0261517710000488,The relationship between white-water rafting experience formation and customer reaction: a flow theory perspective - ScienceDirect,28,not_prioritized,주변 관련 후보; 직접 확인한 핵심 원연구·공식자료를 우선하며 전원문 검토는 수행하지 않음,search_return_screen_only,,search_records/ac-search1.json#turn4search3
ac-search1,2026-09-14,web.search_query,"[{""q"": ""surfers wave height period wind preference skill discrete choice study""}, {""q"": ""whitewater rafting flow discharge preference satisfaction Shelby Whittaker study""}, {""q"": ""hot spring bathing water ambient temperature thermal comfort experiment""}, {""q"": ""tidal flat recreation visitor tidal stranding safety study""}]",https://www.sciencedirect.com/science/article/pii/S1572347X05800291/pdf?md5=abb3208b82a136f937003273a909118a&pid=1-s2.0-S1572347X05800291-main.pdf,Effects of bath water and bathroom temperatures on human thermoregulatory function and thermal perception during half-body bathing in winter - ScienceDirect,28,not_prioritized,주변 관련 후보; 직접 확인한 핵심 원연구·공식자료를 우선하며 전원문 검토는 수행하지 않음,search_return_screen_only,,search_records/ac-search1.json#turn4search4
ac-search1,2026-09-14,web.search_query,"[{""q"": ""surfers wave height period wind preference skill discrete choice study""}, {""q"": ""whitewater rafting flow discharge preference satisfaction Shelby Whittaker study""}, {""q"": ""hot spring bathing water ambient temperature thermal comfort experiment""}, {""q"": ""tidal flat recreation visitor tidal stranding safety study""}]",https://www.smud.org/vi/-/media/Documents/Corporate/Environmental-Leadership/Hydro/hydro-rel-rpt-IHWWBoatFlow.ashx,"Ice House Reach Whitewater Boating Flow Study Technical Report, September 2004",28,not_prioritized,주변 관련 후보; 직접 확인한 핵심 원연구·공식자료를 우선하며 전원문 검토는 수행하지 않음,search_return_screen_only,,search_records/ac-search1.json#turn4search12
ac-search1,2026-09-14,web.search_query,"[{""q"": ""surfers wave height period wind preference skill discrete choice study""}, {""q"": ""whitewater rafting flow discharge preference satisfaction Shelby Whittaker study""}, {""q"": ""hot spring bathing water ambient temperature thermal comfort experiment""}, {""q"": ""tidal flat recreation visitor tidal stranding safety study""}]",https://www.researchgate.net/publication/248982266_Evaluating_Instream_Flows_for_Recreation_Applying_the_Structural_Norm_Approach_to_Biophysical_Conditions,(PDF) Evaluating Instream Flows for Recreation: Applying the Structural Norm Approach to Biophysical Conditions,28,not_prioritized,주변 관련 후보; 직접 확인한 핵심 원연구·공식자료를 우선하며 전원문 검토는 수행하지 않음,search_return_screen_only,,search_records/ac-search1.json#turn4search5
ac-search1,2026-09-14,web.search_query,"[{""q"": ""surfers wave height period wind preference skill discrete choice study""}, {""q"": ""whitewater rafting flow discharge preference satisfaction Shelby Whittaker study""}, {""q"": ""hot spring bathing water ambient temperature thermal comfort experiment""}, {""q"": ""tidal flat recreation visitor tidal stranding safety study""}]",https://pmc.ncbi.nlm.nih.gov/articles/PMC8600816/,Comparison of low-concentration carbon dioxide-enriched and tap water immersion on body temperature after passive heating - PMC,28,not_prioritized,관련성 있는 주변 후보도 포함될 수 있으나 이번 제한된 원문검토 우선순위에서 미선정; 원문 미열람,search_return_screen_only,,search_records/ac-search1.json#turn4search6
ac-search1,2026-09-14,web.search_query,"[{""q"": ""surfers wave height period wind preference skill discrete choice study""}, {""q"": ""whitewater rafting flow discharge preference satisfaction Shelby Whittaker study""}, {""q"": ""hot spring bathing water ambient temperature thermal comfort experiment""}, {""q"": ""tidal flat recreation visitor tidal stranding safety study""}]",https://www.researchgate.net/publication/237419118_Assessing_and_Evaluating_Recreational_Uses_of_Water_Resources_Implications_for_an_Integrated_Management_Framework,(PDF) Assessing and Evaluating Recreational Uses of Water Resources: Implications for an Integrated Management Framework,28,not_prioritized,관련성 있는 주변 후보도 포함될 수 있으나 이번 제한된 원문검토 우선순위에서 미선정; 원문 미열람,search_return_screen_only,,search_records/ac-search1.json#turn4search7
ac-search1,2026-09-14,web.search_query,"[{""q"": ""surfers wave height period wind preference skill discrete choice study""}, {""q"": ""whitewater rafting flow discharge preference satisfaction Shelby Whittaker study""}, {""q"": ""hot spring bathing water ambient temperature thermal comfort experiment""}, {""q"": ""tidal flat recreation visitor tidal stranding safety study""}]",https://www.sciencedirect.com/org/science/article/abs/pii/S2042678X16000226,The tragedy of the waves - ScienceDirect,28,not_prioritized,관련성 있는 주변 후보도 포함될 수 있으나 이번 제한된 원문검토 우선순위에서 미선정; 원문 미열람,search_return_screen_only,,search_records/ac-search1.json#turn4search8
ac-search1,2026-09-14,web.search_query,"[{""q"": ""surfers wave height period wind preference skill discrete choice study""}, {""q"": ""whitewater rafting flow discharge preference satisfaction Shelby Whittaker study""}, {""q"": ""hot spring bathing water ambient temperature thermal comfort experiment""}, {""q"": ""tidal flat recreation visitor tidal stranding safety study""}]",https://www.researchgate.net/publication/350133691_Quantifying_the_impacts_of_water_abstraction_on_kayaking_and_rafting_values_in_the_Rangitata_River_Canterbury_New_Zealand,"(PDF) Quantifying the impacts of water abstraction on kayaking and rafting values in the Rangitata River, Canterbury, New Zealand",28,not_prioritized,주변 관련 후보; 직접 확인한 핵심 원연구·공식자료를 우선하며 전원문 검토는 수행하지 않음,search_return_screen_only,,search_records/ac-search1.json#turn4search9
ac-search1,2026-09-14,web.search_query,"[{""q"": ""surfers wave height period wind preference skill discrete choice study""}, {""q"": ""whitewater rafting flow discharge preference satisfaction Shelby Whittaker study""}, {""q"": ""hot spring bathing water ambient temperature thermal comfort experiment""}, {""q"": ""tidal flat recreation visitor tidal stranding safety study""}]",https://pubmed.ncbi.nlm.nih.gov/9737754/,Comparison of responses of men to immersion in circulating water at 40.0 and 41.5 degrees C.,28,selected_for_review,,search_return_screen_only,AC-S05,search_records/ac-search1.json#turn4search10
ac-search1,2026-09-14,web.search_query,"[{""q"": ""surfers wave height period wind preference skill discrete choice study""}, {""q"": ""whitewater rafting flow discharge preference satisfaction Shelby Whittaker study""}, {""q"": ""hot spring bathing water ambient temperature thermal comfort experiment""}, {""q"": ""tidal flat recreation visitor tidal stranding safety study""}]",https://pmc.ncbi.nlm.nih.gov/articles/PMC8208095/,Heat Reacclimation Using Exercise or Hot Water Immersion - PMC,28,not_prioritized,관련성 있는 주변 후보도 포함될 수 있으나 이번 제한된 원문검토 우선순위에서 미선정; 원문 미열람,search_return_screen_only,,search_records/ac-search1.json#turn4search11
ac-search1,2026-09-14,web.search_query,"[{""q"": ""surfers wave height period wind preference skill discrete choice study""}, {""q"": ""whitewater rafting flow discharge preference satisfaction Shelby Whittaker study""}, {""q"": ""hot spring bathing water ambient temperature thermal comfort experiment""}, {""q"": ""tidal flat recreation visitor tidal stranding safety study""}]",https://site-media.americanwhitewater.org/Document_521.pdf,Flow-Recreation Study,28,not_prioritized,주변 관련 후보; 직접 확인한 핵심 원연구·공식자료를 우선하며 전원문 검토는 수행하지 않음,search_return_screen_only,,search_records/ac-search1.json#turn4search13
ac-search1,2026-09-14,web.search_query,"[{""q"": ""surfers wave height period wind preference skill discrete choice study""}, {""q"": ""whitewater rafting flow discharge preference satisfaction Shelby Whittaker study""}, {""q"": ""hot spring bathing water ambient temperature thermal comfort experiment""}, {""q"": ""tidal flat recreation visitor tidal stranding safety study""}]",https://site-media.americanwhitewater.org/Document_1265.pdf,"Defining	  Recreational	  Flow	  Needs	  on	  the	  North	  Fork	  of	  the	  Virgin	  River,	  Utah",28,not_prioritized,주변 관련 후보; 직접 확인한 핵심 원연구·공식자료를 우선하며 전원문 검토는 수행하지 않음,search_return_screen_only,,search_records/ac-search1.json#turn4search14
ac-search1,2026-09-14,web.search_query,"[{""q"": ""surfers wave height period wind preference skill discrete choice study""}, {""q"": ""whitewater rafting flow discharge preference satisfaction Shelby Whittaker study""}, {""q"": ""hot spring bathing water ambient temperature thermal comfort experiment""}, {""q"": ""tidal flat recreation visitor tidal stranding safety study""}]",https://ira.lib.polyu.edu.hk/bitstream/10397/116558/1/Wong_Experimental_Study_Human.pdf,This is the Pre-Published Version.,28,not_prioritized,관련성 있는 주변 후보도 포함될 수 있으나 이번 제한된 원문검토 우선순위에서 미선정; 원문 미열람,search_return_screen_only,,search_records/ac-search1.json#turn4search15
ac-search1,2026-09-14,web.search_query,"[{""q"": ""surfers wave height period wind preference skill discrete choice study""}, {""q"": ""whitewater rafting flow discharge preference satisfaction Shelby Whittaker study""}, {""q"": ""hot spring bathing water ambient temperature thermal comfort experiment""}, {""q"": ""tidal flat recreation visitor tidal stranding safety study""}]",https://www.jstage.jst.go.jp/article/jhes/3/1/3_3_1_027/_pdf,Journal of the Human-Environment System,28,not_prioritized,관련성 있는 주변 후보도 포함될 수 있으나 이번 제한된 원문검토 우선순위에서 미선정; 원문 미열람,search_return_screen_only,,search_records/ac-search1.json#turn4search16
ac-search1,2026-09-14,web.search_query,"[{""q"": ""surfers wave height period wind preference skill discrete choice study""}, {""q"": ""whitewater rafting flow discharge preference satisfaction Shelby Whittaker study""}, {""q"": ""hot spring bathing water ambient temperature thermal comfort experiment""}, {""q"": ""tidal flat recreation visitor tidal stranding safety study""}]",https://npshistory.com/publications/rtca/nri/flows-recreation.pdf,"Doug Whittaker, Bo Shelby, & John Gangemi",28,not_prioritized,관련성 있는 주변 후보도 포함될 수 있으나 이번 제한된 원문검토 우선순위에서 미선정; 원문 미열람,search_return_screen_only,,search_records/ac-search1.json#turn4search17
ac-search1,2026-09-14,web.search_query,"[{""q"": ""surfers wave height period wind preference skill discrete choice study""}, {""q"": ""whitewater rafting flow discharge preference satisfaction Shelby Whittaker study""}, {""q"": ""hot spring bathing water ambient temperature thermal comfort experiment""}, {""q"": ""tidal flat recreation visitor tidal stranding safety study""}]",https://www.reddit.com/r/theydidthemath/comments/17ju9v4,[request] I am pouring 150 l of water at flow rate 12 l/minute into a bathtub. The water has 65C. What is the final temperature once the bath is full?,28,excluded,비원자료/비공식 홍보·커뮤니티·백과 또는 주제무관; 수치규칙의 과학근거로 미채택,search_return_screen_only,,search_records/ac-search1.json#turn4reddit18
ac-search1,2026-09-14,web.search_query,"[{""q"": ""surfers wave height period wind preference skill discrete choice study""}, {""q"": ""whitewater rafting flow discharge preference satisfaction Shelby Whittaker study""}, {""q"": ""hot spring bathing water ambient temperature thermal comfort experiment""}, {""q"": ""tidal flat recreation visitor tidal stranding safety study""}]",https://arxiv.org/abs/2309.15878,Mapping tidal flat topography using time-series Sentinel-2 images and ICESat-2 data: A case study in Cixi City,28,not_prioritized,관련성 있는 주변 후보도 포함될 수 있으나 이번 제한된 원문검토 우선순위에서 미선정; 원문 미열람,search_return_screen_only,,search_records/ac-search1.json#turn4academia19
ac-search1,2026-09-14,web.search_query,"[{""q"": ""surfers wave height period wind preference skill discrete choice study""}, {""q"": ""whitewater rafting flow discharge preference satisfaction Shelby Whittaker study""}, {""q"": ""hot spring bathing water ambient temperature thermal comfort experiment""}, {""q"": ""tidal flat recreation visitor tidal stranding safety study""}]",https://en.wikipedia.org/wiki/Surfing,Surfing,28,excluded,비원자료/비공식 홍보·커뮤니티·백과 또는 주제무관; 수치규칙의 과학근거로 미채택,search_return_screen_only,,search_records/ac-search1.json#turn4search20
ac-search1,2026-09-14,web.search_query,"[{""q"": ""surfers wave height period wind preference skill discrete choice study""}, {""q"": ""whitewater rafting flow discharge preference satisfaction Shelby Whittaker study""}, {""q"": ""hot spring bathing water ambient temperature thermal comfort experiment""}, {""q"": ""tidal flat recreation visitor tidal stranding safety study""}]",https://en.wikipedia.org/wiki/Chena_Hot_Springs_%28thermal_mineral_springs%29,Chena Hot Springs (thermal mineral springs),28,excluded,비원자료/비공식 홍보·커뮤니티·백과 또는 주제무관; 수치규칙의 과학근거로 미채택,search_return_screen_only,,search_records/ac-search1.json#turn4search21
ac-search1,2026-09-14,web.search_query,"[{""q"": ""surfers wave height period wind preference skill discrete choice study""}, {""q"": ""whitewater rafting flow discharge preference satisfaction Shelby Whittaker study""}, {""q"": ""hot spring bathing water ambient temperature thermal comfort experiment""}, {""q"": ""tidal flat recreation visitor tidal stranding safety study""}]",https://www.reddit.com/r/explainlikeimfive/comments/1hmo7wn,ELI5: Why is 38° perfect for bathing but too hot for air temperature?,28,excluded,비원자료/비공식 홍보·커뮤니티·백과 또는 주제무관; 수치규칙의 과학근거로 미채택,search_return_screen_only,,search_records/ac-search1.json#turn4reddit22
ac-search1,2026-09-14,web.search_query,"[{""q"": ""surfers wave height period wind preference skill discrete choice study""}, {""q"": ""whitewater rafting flow discharge preference satisfaction Shelby Whittaker study""}, {""q"": ""hot spring bathing water ambient temperature thermal comfort experiment""}, {""q"": ""tidal flat recreation visitor tidal stranding safety study""}]",https://en.wikipedia.org/wiki/Summer_Lake_Hot_Springs,Summer Lake Hot Springs,28,excluded,비원자료/비공식 홍보·커뮤니티·백과 또는 주제무관; 수치규칙의 과학근거로 미채택,search_return_screen_only,,search_records/ac-search1.json#turn4search23
ac-search1,2026-09-14,web.search_query,"[{""q"": ""surfers wave height period wind preference skill discrete choice study""}, {""q"": ""whitewater rafting flow discharge preference satisfaction Shelby Whittaker study""}, {""q"": ""hot spring bathing water ambient temperature thermal comfort experiment""}, {""q"": ""tidal flat recreation visitor tidal stranding safety study""}]",https://en.wikipedia.org/wiki/List_of_hot_springs,List of hot springs,28,excluded,비원자료/비공식 홍보·커뮤니티·백과 또는 주제무관; 수치규칙의 과학근거로 미채택,search_return_screen_only,,search_records/ac-search1.json#turn4search24
ac-search1,2026-09-14,web.search_query,"[{""q"": ""surfers wave height period wind preference skill discrete choice study""}, {""q"": ""whitewater rafting flow discharge preference satisfaction Shelby Whittaker study""}, {""q"": ""hot spring bathing water ambient temperature thermal comfort experiment""}, {""q"": ""tidal flat recreation visitor tidal stranding safety study""}]",https://en.wikipedia.org/wiki/Hot_spring,Hot spring,28,excluded,비원자료/비공식 홍보·커뮤니티·백과 또는 주제무관; 수치규칙의 과학근거로 미채택,search_return_screen_only,,search_records/ac-search1.json#turn4search25
ac-search1,2026-09-14,web.search_query,"[{""q"": ""surfers wave height period wind preference skill discrete choice study""}, {""q"": ""whitewater rafting flow discharge preference satisfaction Shelby Whittaker study""}, {""q"": ""hot spring bathing water ambient temperature thermal comfort experiment""}, {""q"": ""tidal flat recreation visitor tidal stranding safety study""}]",https://www.reddit.com/r/thermodynamics/comments/1kmvffn,Why can I stay in a sauna longer than a hot spring?,28,excluded,비원자료/비공식 홍보·커뮤니티·백과 또는 주제무관; 수치규칙의 과학근거로 미채택,search_return_screen_only,,search_records/ac-search1.json#turn4reddit26
ac-search1,2026-09-14,web.search_query,"[{""q"": ""surfers wave height period wind preference skill discrete choice study""}, {""q"": ""whitewater rafting flow discharge preference satisfaction Shelby Whittaker study""}, {""q"": ""hot spring bathing water ambient temperature thermal comfort experiment""}, {""q"": ""tidal flat recreation visitor tidal stranding safety study""}]",https://en.wikipedia.org/wiki/Lussier_Hot_Springs,Lussier Hot Springs,28,excluded,비원자료/비공식 홍보·커뮤니티·백과 또는 주제무관; 수치규칙의 과학근거로 미채택,search_return_screen_only,,search_records/ac-search1.json#turn4search27
ac-o01,2026-09-14,web.open/click,직접열람: 429; 후속 Exa로 복구,https://www.mdpi.com/2073-4433/12/3/293,AC-S02,1,access_attempt,429; 후속 Exa로 복구,fetch_failed,AC-S02,search_records/ac-open-log.json#ac-o01
ac-o02,2026-09-14,web.open/click,직접열람: PDF pp121–127; 방법·평가결과,https://site-media.americanwhitewater.org/Document_516.pdf,AC-S03,1,access_attempt,,full_text_checked,AC-S03,search_records/ac-open-log.json#ac-o02
ac-o03,2026-09-14,web.open/click,직접열람: Internal Error,https://www.sciencedirect.com/science/article/pii/S0306456519300750,AC-S04,1,access_attempt,Internal Error,fetch_failed,AC-S04,search_records/ac-open-log.json#ac-o03
ac-o04,2026-09-14,web.open/click,직접열람: 0 lines; Plymouth 초록으로 보완,https://pubmed.ncbi.nlm.nih.gov/24736778/,AC-S01,1,access_attempt,0 lines; Plymouth 초록으로 보완,empty_response,AC-S01,search_records/ac-open-log.json#ac-o04
ac-o05,2026-09-14,web.open/click,직접열람: Internal Error; 다른 발령문 조회,https://www.kcg.go.kr/inchoncgs/na/ntt/selectNttInfo.do?nttSn=69789,접근시도/서지추적,1,access_attempt,Internal Error; 다른 발령문 조회,fetch_failed,,search_records/ac-open-log.json#ac-o05
ac-o06,2026-09-14,web.open/click,직접열람: tool non-retryable URL error,https://www.mdpi.com/2073-4433/12/3/293/htm,AC-S02,1,access_attempt,tool non-retryable URL error,fetch_failed,AC-S02,search_records/ac-open-log.json#ac-o06
ac-o07,2026-09-14,web.open/click,직접열람: 공식 연구기관 초록·서지 확인; 본문 링크 없음,https://researchportal.plymouth.ac.uk/en/publications/the-effect-of-wave-conditions-and-surfer-ability-on-performance-a/,AC-S01,1,access_attempt,,abstract_only,AC-S01,search_records/ac-open-log.json#ac-o07
ac-o08,2026-09-14,web.open/click,직접열람: 403 Forbidden,https://www.sciencedirect.com/science/article/abs/pii/S0306456519300750,AC-S04,1,access_attempt,403 Forbidden,fetch_failed,AC-S04,search_records/ac-open-log.json#ac-o08
ac-o09,2026-09-14,web.open/click,직접열람: 2026.03.27 발령문 본문; 적용기간·안전수칙,https://kcg.go.kr/inchoncgs/na/ntt/selectNttInfo.do?nttSn=68060,AC-S07,1,access_attempt,,full_text_checked,AC-S07,search_records/ac-open-log.json#ac-o09
ac-o10,2026-09-14,web.open/click,직접열람: open lineno500; pp125–131 평가·토의; n128 본문을 채택,https://site-media.americanwhitewater.org/Document_516.pdf,AC-S03,1,access_attempt,,full_text_checked,AC-S03,search_records/ac-open-log.json#ac-o10
ac-o11,2026-09-14,web.screenshot,직접열람: screenshot pageno4 Internal Error,https://site-media.americanwhitewater.org/Document_516.pdf,AC-S03,1,access_attempt,screenshot pageno4 Internal Error,fetch_failed,AC-S03,search_records/ac-open-log.json#ac-o11
ac-o12,2026-09-14,web.screenshot,직접열람: screenshot pageno6 Internal Error,https://site-media.americanwhitewater.org/Document_516.pdf,AC-S03,1,access_attempt,screenshot pageno6 Internal Error,fetch_failed,AC-S03,search_records/ac-open-log.json#ac-o12
ac-o13,2026-09-14,web.open/click,직접열람: 원문대신 image1줄; 동일논문 재수록 후보,https://www.tesisenred.net/bitstream/handle/10803/687266/TESI%20Anna%20Boqu%C3%A9%20Ciurana.pdf?isAllowed=y&sequence=1,AC-S02,1,access_attempt,원문대신 image1줄; 동일논문 재수록 후보,empty_response,AC-S02,search_records/ac-open-log.json#ac-o13
ac-o14,2026-09-14,web.open/click,직접열람: 출판사 초록과 원문링크 확인,https://www.cogitatiopress.com/oceanandsociety/article/view/9793,AC-S06,1,access_attempt,,abstract_only,AC-S06,search_records/ac-open-log.json#ac-o14
ac-o15,2026-09-14,web.open/click,직접열람: 0 lines; Waseda 초록으로 보완,https://pubmed.ncbi.nlm.nih.gov/31128663/,AC-S04,1,access_attempt,0 lines; Waseda 초록으로 보완,empty_response,AC-S04,search_records/ac-open-log.json#ac-o15
ac-o16,2026-09-14,web.open/click,직접열람: Methods/Results/Conclusions 및 서지; 전문미확보,https://pubmed.ncbi.nlm.nih.gov/9737754/,AC-S05,1,access_attempt,,abstract_only,AC-S05,search_records/ac-open-log.json#ac-o16
ac-o17,2026-09-14,Exa.web_fetch (root assistance),직접열람: 부모가 Exa fetch(maxCharacters75000) 실행; 본 에이전트가 캐시 §2–3.3 실제열람,https://www.mdpi.com/2073-4433/12/3/293,AC-S02,1,access_attempt,,full_text_checked,AC-S02,search_records/ac-open-log.json#ac-o17
ac-o18,2026-09-14,web.open/click,직접열람: PDF다운로드 링크 확인,https://www.cogitatiopress.com/oceanandsociety/article/view/9793/4313,AC-S06,1,access_attempt,PDF다운로드 링크 확인,pdf_wrapper_only,AC-S06,search_records/ac-open-log.json#ac-o18
ac-o19,2026-09-14,web.open/click,직접열람: §2방법·§3결과; 총응답/유효응답 구분,https://www.cogitatiopress.com/oceanandsociety/article/download/9793/4313,AC-S06,1,access_attempt,,full_text_checked,AC-S06,search_records/ac-open-log.json#ac-o19
ac-o20,2026-09-14,web.find,직접열람: find 4.1.; Table3후반 결과,https://www.cogitatiopress.com/oceanandsociety/article/download/9793/4313,AC-S06,1,access_attempt,,full_text_checked,AC-S06,search_records/ac-open-log.json#ac-o20
ac-o20b,2026-09-14,web.find,직접열람: find 24%; Table1 고난도 귀환문항,https://www.cogitatiopress.com/oceanandsociety/article/download/9793/4313,AC-S06,1,access_attempt,,full_text_checked,AC-S06,search_records/ac-open-log.json#ac-o20b
ac-o20c,2026-09-14,web.find,직접열람: find experienced tidal cut off; §3.3 자기보고사건,https://www.cogitatiopress.com/oceanandsociety/article/download/9793/4313,AC-S06,1,access_attempt,,full_text_checked,AC-S06,search_records/ac-open-log.json#ac-o20c
ac-o21,2026-09-14,web.open/click,직접열람: open lineno600; Table3 및 §4; 2022각주/2023윤리승인 불일치 발견,https://www.cogitatiopress.com/oceanandsociety/article/download/9793/4313,AC-S06,1,access_attempt,,full_text_checked,AC-S06,search_records/ac-open-log.json#ac-o21
ac-o22,2026-09-14,web.open/click,직접열람: 수심·현지가이드곡선·일내변동 재구성,https://pubmed.ncbi.nlm.nih.gov/27887836/,AC-S08,1,access_attempt,,abstract_only,AC-S08,search_records/ac-open-log.json#ac-o22
ac-o23,2026-09-14,web.open/click,직접열람: 403 Forbidden,https://www.sciencedirect.com/science/article/abs/pii/S0048969716324895,AC-S08,1,access_attempt,403 Forbidden,fetch_failed,AC-S08,search_records/ac-open-log.json#ac-o23
ac-o24,2026-09-14,web.open/click,직접열람: 두 방온도×동일물온도 실험 초록 및 서지,https://waseda.elsevierpure.com/en/publications/thermal-and-cardiovascular-responses-and-thermal-sensation-during/,AC-S04,1,access_attempt,,abstract_only,AC-S04,search_records/ac-open-log.json#ac-o24
ac-o25,2026-09-14,web.open/click,직접열람: 파일은 Solo gestori archivio/All rights reserved; 전문 미열람,https://iris.unitn.it/handle/11572/177725,AC-S08,1,access_attempt,파일은 Solo gestori archivio/All rights reserved; 전문 미열람,metadata_only,AC-S08,search_records/ac-open-log.json#ac-o25
ac-o26,2026-09-14,web.open/click,직접열람: 400 Timeout fetching,https://www.research-collection.ethz.ch/handle/20.500.11850/125471,AC-S08,1,access_attempt,400 Timeout fetching,fetch_failed,AC-S08,search_records/ac-open-log.json#ac-o26
ac-o27,2026-09-14,web.open/click,직접열람: 429 Too Many Requests,https://www.mdpi.com/2071-1050/14/14/8496,AC-S09,1,access_attempt,429 Too Many Requests,fetch_failed,AC-S09,search_records/ac-open-log.json#ac-o27
ac-o28,2026-09-14,Exa.web_fetch (root assistance),직접열람: 부모 Exa fetch(maxCharacters75000); 본 에이전트 §3–6/식1–2/Table2–3 실제열람; units용어검색,https://www.mdpi.com/2071-1050/14/14/8496,AC-S09,1,access_attempt,,full_text_checked,AC-S09,search_records/ac-open-log.json#ac-o28
ac-o29,2026-09-14,web.open/click,직접열람: Hutt2001 원문추적; Google Tag Manager1줄; 효과미추출,https://www.jstor.org/stable/25736206,접근시도/서지추적,1,access_attempt,Hutt2001 원문추적; Google Tag Manager1줄; 효과미추출,empty_response,,search_records/ac-open-log.json#ac-o29
ac-o30,2026-09-14,web.open/click,직접열람: Hutt 저자/제목/연도/쪽수 확인; not available electronically,https://ref.coastalrestorationtrust.org.nz/documents/classification-of-surf-breaks-in-relation-to-surfing-skill/,접근시도/서지추적,1,access_attempt,Hutt 저자/제목/연도/쪽수 확인; not available electronically,metadata_only,,search_records/ac-open-log.json#ac-o30
ac-q18,2026-09-14,web.search_query,"""Assessing preferences of beach users for certain aspects of weather and ocean conditions""",https://pubmed.ncbi.nlm.nih.gov/22661009/,Assessing preferences of beach users for certain aspects of weather and ocean conditions: case studies from Australia - PubMed,18,selected_for_review,,search_return_screen_only,AC-S10,search_records/ac-q18.json#turn89search0
ac-q18,2026-09-14,web.search_query,"""Assessing preferences of beach users for certain aspects of weather and ocean conditions""",https://www.researchgate.net/publication/225097957_Assessing_preferences_of_beach_users_for_certain_aspects_of_weather_and_ocean_conditions_case_studies_from_Australia,Assessing preferences of beach users for certain aspects of weather and ocean conditions: case studies from Australia,18,duplicate_or_alternative_access,같은논문 서지·재게시; 독립표본 아님,search_return_screen_only,AC-S10,search_records/ac-q18.json#turn89search1
ac-q18,2026-09-14,web.search_query,"""Assessing preferences of beach users for certain aspects of weather and ocean conditions""",https://agris.fao.org/search/en/records/65e009620f3e94b9e5deb595,Assessing preferences of beach users for certain aspects of weather and ocean conditions: case studies from Australia,18,duplicate_or_alternative_access,같은논문 서지·재게시; 독립표본 아님,search_return_screen_only,AC-S10,search_records/ac-q18.json#turn89search2
ac-q18,2026-09-14,web.search_query,"""Assessing preferences of beach users for certain aspects of weather and ocean conditions""",https://agris.fao.org/search/ar/records/65e009620f3e94b9e5deb595,Assessing preferences of beach users for certain aspects of weather and ocean conditions: case studies from Australia,18,duplicate_or_alternative_access,같은논문 서지·재게시; 독립표본 아님,search_return_screen_only,AC-S10,search_records/ac-q18.json#turn89search3
ac-q18,2026-09-14,web.search_query,"""Assessing preferences of beach users for certain aspects of weather and ocean conditions""",https://agris.fao.org/search/es/records/65e009620f3e94b9e5deb595,Assessing preferences of beach users for certain aspects of weather and ocean conditions: case studies from Australia,18,duplicate_or_alternative_access,같은논문 서지·재게시; 독립표본 아님,search_return_screen_only,AC-S10,search_records/ac-q18.json#turn89search4
ac-q18,2026-09-14,web.search_query,"""Assessing preferences of beach users for certain aspects of weather and ocean conditions""",https://research.unsw.edu.au/projects/sarccm-publications-year,SARCCM publications by year | UNSW Research,18,duplicate_or_alternative_access,같은논문 서지·재게시; 독립표본 아님,search_return_screen_only,AC-S10,search_records/ac-q18.json#turn89search5
ac-q18,2026-09-14,web.search_query,"""Assessing preferences of beach users for certain aspects of weather and ocean conditions""",https://openalex.org/W1982132370,Assessing preferences of beach users for certain aspects of weather and ocean conditions: case studies from Australia,18,duplicate_or_alternative_access,같은논문 서지·재게시; 독립표본 아님,search_return_screen_only,AC-S10,search_records/ac-q18.json#turn89search6
ac-q18,2026-09-14,web.search_query,"""Assessing preferences of beach users for certain aspects of weather and ocean conditions""",https://academic.oup.com/ooih/article/doi/10.1093/ooih/ouae003/7755366,Therapeutic and restorative landscapes: including preferences for bluespaces in planning urban infrastructure | Oxford Open Infrastructure and Health | Oxford Academic,18,not_prioritized,한정 보완검색의 다른 주변연구·뉴스; 원문미열람,search_return_screen_only,,search_records/ac-q18.json#turn89search7
ac-q18,2026-09-14,web.search_query,"""Assessing preferences of beach users for certain aspects of weather and ocean conditions""",https://research.unsw.edu.au/people/professor-xiao-hua-wang/publications?page=3,Select Publications by Professor Xiao Hua Wang | UNSW Research,18,duplicate_or_alternative_access,같은논문 서지·재게시; 독립표본 아님,search_return_screen_only,AC-S10,search_records/ac-q18.json#turn89search8
ac-q18,2026-09-14,web.search_query,"""Assessing preferences of beach users for certain aspects of weather and ocean conditions""",https://www.researchgate.net/publication/397149593_Artificial_intelligence-based_monitoring_of_occupancy_and_stay_duration_on_urban_beaches_Analyzing_climate_influence_in_Benidorm_Spain,Artificial intelligence-based monitoring of occupancy and stay duration on urban beaches: Analyzing climate influence in Benidorm (Spain) | Request PDF,18,not_prioritized,한정 보완검색의 다른 주변연구·뉴스; 원문미열람,search_return_screen_only,,search_records/ac-q18.json#turn89search9
ac-q18,2026-09-14,web.search_query,"""Assessing preferences of beach users for certain aspects of weather and ocean conditions""",https://www.researchgate.net/publication/276961440_Monitoring_beach_usage_with_a_coastal_video_imaging_system_an_application_at_Paralia_Katerinis_Greece,"(PDF) Monitoring beach usage with a coastal video imaging system: an application at Paralia Katerinis, Greece",18,not_prioritized,한정 보완검색의 다른 주변연구·뉴스; 원문미열람,search_return_screen_only,,search_records/ac-q18.json#turn89search10
ac-q18,2026-09-14,web.search_query,"""Assessing preferences of beach users for certain aspects of weather and ocean conditions""",https://www.theguardian.com/education/2015/mar/09/beach-study-tourists-like-good-weather,Beach study shows tourists like good weather | Research | The Guardian,18,not_prioritized,한정 보완검색의 다른 주변연구·뉴스; 원문미열람,search_return_screen_only,,search_records/ac-q18.json#turn89search11
ac-q18,2026-09-14,web.search_query,"""Assessing preferences of beach users for certain aspects of weather and ocean conditions""",https://fiocom.fio.org.cn/pdf/Prof.Xiao%20Hua%20Wang.pdf,Professor Xiao Hua Wang,18,duplicate_or_alternative_access,같은논문 서지·재게시; 독립표본 아님,search_return_screen_only,AC-S10,search_records/ac-q18.json#turn89search12
ac-q18,2026-09-14,web.search_query,"""Assessing preferences of beach users for certain aspects of weather and ocean conditions""",https://pure.plymouth.ac.uk/ws/portalfiles/portal/38883153/Stokes%20et%20al%202017%20Beach%20Risk_Complete%20Revised%20Manuscript.pdf,PEARL Application of multiple linear regression an,18,not_prioritized,한정 보완검색의 다른 주변연구·뉴스; 원문미열람,search_return_screen_only,,search_records/ac-q18.json#turn89search13
ac-q18,2026-09-14,web.search_query,"""Assessing preferences of beach users for certain aspects of weather and ocean conditions""",https://researchcommons.waikato.ac.nz/server/api/core/bitstreams/af17baac-ab66-416d-93f2-b91d5cb39366/content,http://researchcommons.waikato.ac.nz/,18,not_prioritized,한정 보완검색의 다른 주변연구·뉴스; 원문미열람,search_return_screen_only,,search_records/ac-q18.json#turn89search14
ac-q18,2026-09-14,web.search_query,"""Assessing preferences of beach users for certain aspects of weather and ocean conditions""",https://s3.ap-southeast-1.amazonaws.com/ap-st01.ext.exlibrisgroup.com/61SCU_INST/upload/1767403563843/Provost_EJ_2021_PhD_Redacted.pdf,Please do not remove this page,18,not_prioritized,한정 보완검색의 다른 주변연구·뉴스; 원문미열람 서명형 URL의 인증·만료 쿼리 제거; 자료 미열람,search_return_screen_only,,search_records/ac-q18.json#turn89search15
ac-q18,2026-09-14,web.search_query,"""Assessing preferences of beach users for certain aspects of weather and ocean conditions""",https://pure.strath.ac.uk/ws/portalfiles/portal/63673267/Stokes_etal_OCM2017_Application_of_multiple_linear_regression_and_Bayesian_belief.pdf,"International Conference on Environmental Interactions of Marine Renewable Energy Technologies. Stornoway, Isle of Lewis, Outer Hebrides, Scotland.",18,not_prioritized,한정 보완검색의 다른 주변연구·뉴스; 원문미열람,search_return_screen_only,,search_records/ac-q18.json#turn89search16
ac-q18,2026-09-14,web.search_query,"""Assessing preferences of beach users for certain aspects of weather and ocean conditions""",https://dergipark.org.tr/en/download/article-file/5065035,"Journal of Architectural Sciences and Applications, 2025, 10 (2), 949-970.",18,not_prioritized,한정 보완검색의 다른 주변연구·뉴스; 원문미열람,search_return_screen_only,,search_records/ac-q18.json#turn89search17
ac-o31,2026-09-14,web.open,직접열람: PubMed 초록/서지; 3해변 하루3회·수개월 관측,https://pubmed.ncbi.nlm.nih.gov/22661009/,AC-S10,1,access_attempt,전문 구독접근 불가; 초록 범위만 추출,abstract_only,AC-S10,search_records/ac-open-log.json#ac-o31
ac-o32,2026-09-14,web.open,직접열람: 출판사 구독콘텐츠 미리보기; 원문방법/결과 접근불가,https://link.springer.com/article/10.1007/s00484-012-0556-4,AC-S10,1,access_attempt,전문 구독접근 불가; 초록 범위만 추출,abstract_only,AC-S10,search_records/ac-open-log.json#ac-o32
ac-o33,2026-09-14,web.find,직접열람: find Access this article; 구독벽 확인,https://link.springer.com/article/10.1007/s00484-012-0556-4,AC-S10,1,access_attempt,전문 구독접근 불가; 초록 범위만 추출,abstract_only,AC-S10,search_records/ac-open-log.json#ac-o33
ac-o34,2026-09-14,web.find,직접열람: find Abstract; 노출변수·방문객관측 결과 확인,https://link.springer.com/article/10.1007/s00484-012-0556-4,AC-S10,1,access_attempt,전문 구독접근 불가; 초록 범위만 추출,abstract_only,AC-S10,search_records/ac-open-log.json#ac-o34
ac-o35,2026-09-14,web.find,직접열람: find Methods; 방법본문 없이 초록·서지·Notes만 반환,https://link.springer.com/article/10.1007/s00484-012-0556-4,AC-S10,1,access_attempt,전문 구독접근 불가; 초록 범위만 추출,abstract_only,AC-S10,search_records/ac-open-log.json#ac-o35
