parameter_id,parameter_family,purpose,value,status,unit,scope,evidence_ids,origin_type,adoption_reason,alternatives,uncertainty,sensitivity,calibration,model_version,release_gate,legacy_rule_ids,source_locator,live_default,notes
PAR_LEGACY_OFFICIAL_GRADE_ANCHORS,legacy_grade,공식 순서등급의 표시 숫자,"{""very_good"":95,""매우좋음"":95,""good"":80,""좋음"":80,""fair"":60,""moderate"":60,""보통"":60,""poor"":35,""나쁨"":35,""very_poor"":15,""매우나쁨"":15}",retired_or_not_adopted,heuristic_points,공식등급이 있는 swim/surf/mudflat,SW08;SW11;HC18;AC02,미검증기존,기존 구현의 역사적 값만 보존한다. 한국 물활동의 정량 타당성이 검증되지 않아 새 모델에 채택하지 않는다.,새 모델은 null/unknown; 명시된 별도 승인값이 있을 때만 사용,출처 라벨·단위 테스트가 계수 추정 불확실성을 제공하지 않는다.,오프라인 비교에서 값/경계 변화에 따른 순위·abstention·오판 변화를 평가; 현재 수치로 운영하지 않음.,대상·장소·계절·활동별 자료로 독립 보정과 외부 검증 후 별도 신규 parameter_id에 승인값 기록.,legacy:b160cf1c07cc0f299f9d83839557a1e987c47be4,G_PARAMETER_TRACE:pending;G_RULE_VERIFICATION:pending (비채택 역사 기록; 통과해도 새 모델로 자동 승격하지 않음),L-01,legacy profiles.py:48–62,null,공식 숫자/등간 효용/안전확률 아님; 원코드 engine.py:33 methodology_version=water-index-v1.0.0 (새 모델 버전 아님); profiles.py:48–62 실제 alias 전부 재확인; fair_or_moderate라는 입력 토큰은 없음.
PAR_LEGACY_SWIM_WEIGHTS,legacy_weights,swim 혼합 점수 가중치,"{""official_activity_grade"":0.45,""water_temperature_c"":0.15,""air_temperature_c"":0.1,""wave_height_m"":0.1,""wind_speed_ms"":0.08,""precipitation_1h_mm"":0.05,""uv_index"":0.03,""crowd_level"":0.04}",retired_or_not_adopted,proportion_weight,swim,SW01;SW02;SW03;SW06;HC06;HC08,미검증기존,기존 구현의 역사적 값만 보존한다. 한국 물활동의 정량 타당성이 검증되지 않아 새 모델에 채택하지 않는다.,새 모델은 null/unknown; 명시된 별도 승인값이 있을 때만 사용,출처 라벨·단위 테스트가 계수 추정 불확실성을 제공하지 않는다.,오프라인 비교에서 값/경계 변화에 따른 순위·abstention·오판 변화를 평가; 현재 수치로 운영하지 않음.,대상·장소·계절·활동별 자료로 독립 보정과 외부 검증 후 별도 신규 parameter_id에 승인값 기록.,legacy:b160cf1c07cc0f299f9d83839557a1e987c47be4,G_PARAMETER_TRACE:pending;G_RULE_VERIFICATION:pending (비채택 역사 기록; 통과해도 새 모델로 자동 승격하지 않음),L-02,legacy profiles.py:94–187,null,합계1은 산술 제약일 뿐 경험적 효용 동일성을 증명하지 않음; 원코드 engine.py:33 methodology_version=water-index-v1.0.0 (새 모델 버전 아님)
PAR_LEGACY_SURF_WEIGHTS,legacy_weights,surf 혼합 점수 가중치,"{""official_activity_grade"":0.8,""crowd_level"":0.1,""uv_index"":0.1}",retired_or_not_adopted,proportion_weight,surf,AC01;AC02;AC11,미검증기존,기존 구현의 역사적 값만 보존한다. 한국 물활동의 정량 타당성이 검증되지 않아 새 모델에 채택하지 않는다.,새 모델은 null/unknown; 명시된 별도 승인값이 있을 때만 사용,출처 라벨·단위 테스트가 계수 추정 불확실성을 제공하지 않는다.,오프라인 비교에서 값/경계 변화에 따른 순위·abstention·오판 변화를 평가; 현재 수치로 운영하지 않음.,대상·장소·계절·활동별 자료로 독립 보정과 외부 검증 후 별도 신규 parameter_id에 승인값 기록.,legacy:b160cf1c07cc0f299f9d83839557a1e987c47be4,G_PARAMETER_TRACE:pending;G_RULE_VERIFICATION:pending (비채택 역사 기록; 통과해도 새 모델로 자동 승격하지 않음),L-06,legacy profiles.py:94–187,null,합계1은 산술 제약일 뿐 경험적 효용 동일성을 증명하지 않음; 원코드 engine.py:33 methodology_version=water-index-v1.0.0 (새 모델 버전 아님)
PAR_LEGACY_RELAX_WEIGHTS,legacy_weights,relax 혼합 점수 가중치,"{""hci_beach_score"":0.9,""crowd_level"":0.1}",retired_or_not_adopted,proportion_weight,relax,HC01;HC02;HC03;HC05;HC09,미검증기존,기존 구현의 역사적 값만 보존한다. 한국 물활동의 정량 타당성이 검증되지 않아 새 모델에 채택하지 않는다.,새 모델은 null/unknown; 명시된 별도 승인값이 있을 때만 사용,출처 라벨·단위 테스트가 계수 추정 불확실성을 제공하지 않는다.,오프라인 비교에서 값/경계 변화에 따른 순위·abstention·오판 변화를 평가; 현재 수치로 운영하지 않음.,대상·장소·계절·활동별 자료로 독립 보정과 외부 검증 후 별도 신규 parameter_id에 승인값 기록.,legacy:b160cf1c07cc0f299f9d83839557a1e987c47be4,G_PARAMETER_TRACE:pending;G_RULE_VERIFICATION:pending (비채택 역사 기록; 통과해도 새 모델로 자동 승격하지 않음),L-07,legacy profiles.py:94–187,null,합계1은 산술 제약일 뿐 경험적 효용 동일성을 증명하지 않음; 원코드 engine.py:33 methodology_version=water-index-v1.0.0 (새 모델 버전 아님)
PAR_LEGACY_MUDFLAT_WEIGHTS,legacy_weights,mudflat 혼합 점수 가중치,"{""official_activity_grade"":0.85,""crowd_level"":0.1,""uv_index"":0.05}",retired_or_not_adopted,proportion_weight,mudflat,AC08;AC09,미검증기존,기존 구현의 역사적 값만 보존한다. 한국 물활동의 정량 타당성이 검증되지 않아 새 모델에 채택하지 않는다.,새 모델은 null/unknown; 명시된 별도 승인값이 있을 때만 사용,출처 라벨·단위 테스트가 계수 추정 불확실성을 제공하지 않는다.,오프라인 비교에서 값/경계 변화에 따른 순위·abstention·오판 변화를 평가; 현재 수치로 운영하지 않음.,대상·장소·계절·활동별 자료로 독립 보정과 외부 검증 후 별도 신규 parameter_id에 승인값 기록.,legacy:b160cf1c07cc0f299f9d83839557a1e987c47be4,G_PARAMETER_TRACE:pending;G_RULE_VERIFICATION:pending (비채택 역사 기록; 통과해도 새 모델로 자동 승격하지 않음),L-08,legacy profiles.py:94–187,null,합계1은 산술 제약일 뿐 경험적 효용 동일성을 증명하지 않음; 원코드 engine.py:33 methodology_version=water-index-v1.0.0 (새 모델 버전 아님)
PAR_LEGACY_ONSEN_WEIGHTS,legacy_weights,onsen 혼합 점수 가중치,"{""facility_operation_confidence"":0.4,""crowd_fit"":0.2,""amenity_fit"":0.2,""indoor_weather_shelter"":0.1,""preferred_temperature_fit"":0.1}",retired_or_not_adopted,proportion_weight,onsen,AC05;AC06;AC07;SW12;SW13,미검증기존,기존 구현의 역사적 값만 보존한다. 한국 물활동의 정량 타당성이 검증되지 않아 새 모델에 채택하지 않는다.,새 모델은 null/unknown; 명시된 별도 승인값이 있을 때만 사용,출처 라벨·단위 테스트가 계수 추정 불확실성을 제공하지 않는다.,오프라인 비교에서 값/경계 변화에 따른 순위·abstention·오판 변화를 평가; 현재 수치로 운영하지 않음.,대상·장소·계절·활동별 자료로 독립 보정과 외부 검증 후 별도 신규 parameter_id에 승인값 기록.,legacy:b160cf1c07cc0f299f9d83839557a1e987c47be4,G_PARAMETER_TRACE:pending;G_RULE_VERIFICATION:pending (비채택 역사 기록; 통과해도 새 모델로 자동 승격하지 않음),L-09,legacy profiles.py:94–187,null,합계1은 산술 제약일 뿐 경험적 효용 동일성을 증명하지 않음; 원코드 engine.py:33 methodology_version=water-index-v1.0.0 (새 모델 버전 아님)
PAR_LEGACY_RAFTING_WEIGHTS,legacy_weights,rafting 혼합 점수 가중치,"{""flow_suitability_score"":0.6,""operator_readiness"":0.2,""flow_trend_stability"":0.1,""thermal_gear_readiness"":0.1}",retired_or_not_adopted,proportion_weight,rafting,AC03;AC04;AC10,미검증기존,기존 구현의 역사적 값만 보존한다. 한국 물활동의 정량 타당성이 검증되지 않아 새 모델에 채택하지 않는다.,새 모델은 null/unknown; 명시된 별도 승인값이 있을 때만 사용,출처 라벨·단위 테스트가 계수 추정 불확실성을 제공하지 않는다.,오프라인 비교에서 값/경계 변화에 따른 순위·abstention·오판 변화를 평가; 현재 수치로 운영하지 않음.,대상·장소·계절·활동별 자료로 독립 보정과 외부 검증 후 별도 신규 parameter_id에 승인값 기록.,legacy:b160cf1c07cc0f299f9d83839557a1e987c47be4,G_PARAMETER_TRACE:pending;G_RULE_VERIFICATION:pending (비채택 역사 기록; 통과해도 새 모델로 자동 승격하지 않음),L-10,legacy profiles.py:94–187,null,합계1은 산술 제약일 뿐 경험적 효용 동일성을 증명하지 않음; 원코드 engine.py:33 methodology_version=water-index-v1.0.0 (새 모델 버전 아님)
PAR_LEGACY_CURVE_SWIM_WATER_TEMPERATURE,legacy_curve,SWIM_WATER_TEMPERATURE 점수곡선 좌표,"{""points"":[[5,0],[14.99,0],[15,10],[16,30],[18,55],[20,75],[23,90],[26,100],[30,100],[31,50],[31.01,0],[36,0]],""interpolation"":""linear"",""outside_domain"":""endpoint_constant""}",retired_or_not_adopted,degC→heuristic_points,swim,SW01;SW02;SW03;SW06,미검증기존,기존 구현의 역사적 값만 보존한다. 한국 물활동의 정량 타당성이 검증되지 않아 새 모델에 채택하지 않는다.,새 모델은 null/unknown; 명시된 별도 승인값이 있을 때만 사용,출처 라벨·단위 테스트가 계수 추정 불확실성을 제공하지 않는다.,오프라인 비교에서 값/경계 변화에 따른 순위·abstention·오판 변화를 평가; 현재 수치로 운영하지 않음.,대상·장소·계절·활동별 자료로 독립 보정과 외부 검증 후 별도 신규 parameter_id에 승인값 기록.,legacy:b160cf1c07cc0f299f9d83839557a1e987c47be4,G_PARAMETER_TRACE:pending;G_RULE_VERIFICATION:pending (비채택 역사 기록; 통과해도 새 모델로 자동 승격하지 않음),L-03,legacy profiles.py:77–79,null,활동·장비·노출별로 차이가 있으며 가족 안전선 아님; 원코드 engine.py:33 methodology_version=water-index-v1.0.0 (새 모델 버전 아님)
PAR_LEGACY_CURVE_OUTDOOR_AIR_COMFORT,legacy_curve,OUTDOOR_AIR_COMFORT 점수곡선 좌표,"{""points"":[[-10,0],[5,10],[15,45],[22,90],[26,100],[31,80],[35,40],[40,0]],""interpolation"":""linear"",""outside_domain"":""endpoint_constant""}",retired_or_not_adopted,degC→heuristic_points,swim,HC06;HC09;KR01,미검증기존,기존 구현의 역사적 값만 보존한다. 한국 물활동의 정량 타당성이 검증되지 않아 새 모델에 채택하지 않는다.,새 모델은 null/unknown; 명시된 별도 승인값이 있을 때만 사용,출처 라벨·단위 테스트가 계수 추정 불확실성을 제공하지 않는다.,오프라인 비교에서 값/경계 변화에 따른 순위·abstention·오판 변화를 평가; 현재 수치로 운영하지 않음.,대상·장소·계절·활동별 자료로 독립 보정과 외부 검증 후 별도 신규 parameter_id에 승인값 기록.,legacy:b160cf1c07cc0f299f9d83839557a1e987c47be4,G_PARAMETER_TRACE:pending;G_RULE_VERIFICATION:pending (비채택 역사 기록; 통과해도 새 모델로 자동 승격하지 않음),L-04,legacy profiles.py:80–82,null,기온26°C 선호최적값을 검증한 곡선 아님; 원코드 engine.py:33 methodology_version=water-index-v1.0.0 (새 모델 버전 아님)
PAR_LEGACY_CURVE_CALM_WIND,legacy_curve,CALM_WIND 점수곡선 좌표,"{""points"":[[0,100],[3,100],[6,80],[8.3,55],[10.8,25],[14,0]],""interpolation"":""linear"",""outside_domain"":""endpoint_constant""}",retired_or_not_adopted,m/s→heuristic_points,swim,HC04;AC01;AC02;AC14,미검증기존,기존 구현의 역사적 값만 보존한다. 한국 물활동의 정량 타당성이 검증되지 않아 새 모델에 채택하지 않는다.,새 모델은 null/unknown; 명시된 별도 승인값이 있을 때만 사용,출처 라벨·단위 테스트가 계수 추정 불확실성을 제공하지 않는다.,오프라인 비교에서 값/경계 변화에 따른 순위·abstention·오판 변화를 평가; 현재 수치로 운영하지 않음.,대상·장소·계절·활동별 자료로 독립 보정과 외부 검증 후 별도 신규 parameter_id에 승인값 기록.,legacy:b160cf1c07cc0f299f9d83839557a1e987c47be4,G_PARAMETER_TRACE:pending;G_RULE_VERIFICATION:pending (비채택 역사 기록; 통과해도 새 모델로 자동 승격하지 않음),L-05,legacy profiles.py:86,null,평균/최대/돌풍 대체불가; 원코드 engine.py:33 methodology_version=water-index-v1.0.0 (새 모델 버전 아님)
PAR_LEGACY_CURVE_LIGHT_WAVES,legacy_curve,LIGHT_WAVES 점수곡선 좌표,"{""points"":[[0,100],[0.3,95],[0.6,75],[0.9,40],[1.2,10],[1.5,0]],""interpolation"":""linear"",""outside_domain"":""endpoint_constant""}",retired_or_not_adopted,m→heuristic_points,swim,AC01;AC02;AC15,미검증기존,기존 구현의 역사적 값만 보존한다. 한국 물활동의 정량 타당성이 검증되지 않아 새 모델에 채택하지 않는다.,새 모델은 null/unknown; 명시된 별도 승인값이 있을 때만 사용,출처 라벨·단위 테스트가 계수 추정 불확실성을 제공하지 않는다.,오프라인 비교에서 값/경계 변화에 따른 순위·abstention·오판 변화를 평가; 현재 수치로 운영하지 않음.,대상·장소·계절·활동별 자료로 독립 보정과 외부 검증 후 별도 신규 parameter_id에 승인값 기록.,legacy:b160cf1c07cc0f299f9d83839557a1e987c47be4,G_PARAMETER_TRACE:pending;G_RULE_VERIFICATION:pending (비채택 역사 기록; 통과해도 새 모델로 자동 승격하지 않음),L-05,legacy profiles.py:87,null,서핑 선호/안전곡선 아님; 원코드 engine.py:33 methodology_version=water-index-v1.0.0 (새 모델 버전 아님)
PAR_LEGACY_CURVE_LOW_RAIN,legacy_curve,LOW_RAIN 점수곡선 좌표,"{""points"":[[0,100],[0.1,80],[1,60],[3,35],[15,0]],""interpolation"":""linear"",""outside_domain"":""endpoint_constant""}",retired_or_not_adopted,mm_per_1h→heuristic_points,swim,HC04;HC07;SW04;SW07;AC13,미검증기존,기존 구현의 역사적 값만 보존한다. 한국 물활동의 정량 타당성이 검증되지 않아 새 모델에 채택하지 않는다.,새 모델은 null/unknown; 명시된 별도 승인값이 있을 때만 사용,출처 라벨·단위 테스트가 계수 추정 불확실성을 제공하지 않는다.,오프라인 비교에서 값/경계 변화에 따른 순위·abstention·오판 변화를 평가; 현재 수치로 운영하지 않음.,대상·장소·계절·활동별 자료로 독립 보정과 외부 검증 후 별도 신규 parameter_id에 승인값 기록.,legacy:b160cf1c07cc0f299f9d83839557a1e987c47be4,G_PARAMETER_TRACE:pending;G_RULE_VERIFICATION:pending (비채택 역사 기록; 통과해도 새 모델로 자동 승격하지 않음),L-05,legacy profiles.py:88,null,원metric precipitation_1h_mm; POP/일누적/지속시간으로 대체불가; 원코드 engine.py:33 methodology_version=water-index-v1.0.0 (새 모델 버전 아님)
PAR_LEGACY_CURVE_UV_COMFORT,legacy_curve,UV_COMFORT 점수곡선 좌표,"{""points"":[[0,100],[2,100],[5,80],[7,60],[10,35],[11,25],[15,0]],""interpolation"":""linear"",""outside_domain"":""endpoint_constant""}",retired_or_not_adopted,UV_index→heuristic_points,swim/surf/mudflat,,미검증기존,기존 구현의 역사적 값만 보존한다. 한국 물활동의 정량 타당성이 검증되지 않아 새 모델에 채택하지 않는다.,새 모델은 null/unknown; 명시된 별도 승인값이 있을 때만 사용,출처 라벨·단위 테스트가 계수 추정 불확실성을 제공하지 않는다.,오프라인 비교에서 값/경계 변화에 따른 순위·abstention·오판 변화를 평가; 현재 수치로 운영하지 않음.,대상·장소·계절·활동별 자료로 독립 보정과 외부 검증 후 별도 신규 parameter_id에 승인값 기록.,legacy:b160cf1c07cc0f299f9d83839557a1e987c47be4,G_PARAMETER_TRACE:pending;G_RULE_VERIFICATION:pending (비채택 역사 기록; 통과해도 새 모델로 자동 승격하지 않음),L-05,legacy profiles.py:89,null,특정 선호좌표를 뒷받침한 근거 미확보. UV 위해가 선호점수의 근거 아님; 원코드 engine.py:33 methodology_version=water-index-v1.0.0 (새 모델 버전 아님)
PAR_LEGACY_CURVE_COOL_WEATHER_ONSEN,legacy_curve,COOL_WEATHER_ONSEN 점수곡선 좌표,"{""points"":[[-15,100],[0,100],[10,90],[20,65],[28,35],[35,10],[40,0]],""interpolation"":""linear"",""outside_domain"":""endpoint_constant""}",retired_or_not_adopted,degC→heuristic_points,legacy 정의만 있음; PROFILES 미사용,AC05;AC06;AC07,미검증기존,기존 구현의 역사적 값만 보존한다. 한국 물활동의 정량 타당성이 검증되지 않아 새 모델에 채택하지 않는다.,새 모델은 null/unknown; 명시된 별도 승인값이 있을 때만 사용,출처 라벨·단위 테스트가 계수 추정 불확실성을 제공하지 않는다.,오프라인 비교에서 값/경계 변화에 따른 순위·abstention·오판 변화를 평가; 현재 수치로 운영하지 않음.,대상·장소·계절·활동별 자료로 독립 보정과 외부 검증 후 별도 신규 parameter_id에 승인값 기록.,legacy:b160cf1c07cc0f299f9d83839557a1e987c47be4,G_PARAMETER_TRACE:pending;G_RULE_VERIFICATION:pending (비채택 역사 기록; 통과해도 새 모델로 자동 승격하지 않음),L-09,legacy profiles.py:83–85,null,historical_definition_only; 기존 활성 온천 모델로 보고하지 않음; 원코드 engine.py:33 methodology_version=water-index-v1.0.0 (새 모델 버전 아님)
PAR_LEGACY_CURVE_USER_RATING,legacy_curve,USER_RATING 점수곡선 좌표,"{""points"":[[1,0],[2,25],[3,50],[4,80],[5,100]],""interpolation"":""linear"",""outside_domain"":""endpoint_constant""}",retired_or_not_adopted,rating_1_to_5→heuristic_points,legacy 정의만 있음; PROFILES 미사용,,미검증기존,기존 구현의 역사적 값만 보존한다. 한국 물활동의 정량 타당성이 검증되지 않아 새 모델에 채택하지 않는다.,새 모델은 null/unknown; 명시된 별도 승인값이 있을 때만 사용,출처 라벨·단위 테스트가 계수 추정 불확실성을 제공하지 않는다.,오프라인 비교에서 값/경계 변화에 따른 순위·abstention·오판 변화를 평가; 현재 수치로 운영하지 않음.,대상·장소·계절·활동별 자료로 독립 보정과 외부 검증 후 별도 신규 parameter_id에 승인값 기록.,legacy:b160cf1c07cc0f299f9d83839557a1e987c47be4,G_PARAMETER_TRACE:pending;G_RULE_VERIFICATION:pending (비채택 역사 기록; 통과해도 새 모델로 자동 승격하지 않음),L-05,legacy profiles.py:90,null,historical_definition_only; 원연구 미확보; 원코드 engine.py:33 methodology_version=water-index-v1.0.0 (새 모델 버전 아님)
PAR_LEGACY_CURVE_PROPORTION_SCORE,legacy_curve,PROPORTION_SCORE 점수곡선 좌표,"{""points"":[[0,0],[1,100]],""interpolation"":""linear"",""outside_domain"":""endpoint_constant""}",retired_or_not_adopted,proportion→heuristic_points,onsen/rafting,,미검증기존,기존 구현의 역사적 값만 보존한다. 한국 물활동의 정량 타당성이 검증되지 않아 새 모델에 채택하지 않는다.,새 모델은 null/unknown; 명시된 별도 승인값이 있을 때만 사용,출처 라벨·단위 테스트가 계수 추정 불확실성을 제공하지 않는다.,오프라인 비교에서 값/경계 변화에 따른 순위·abstention·오판 변화를 평가; 현재 수치로 운영하지 않음.,대상·장소·계절·활동별 자료로 독립 보정과 외부 검증 후 별도 신규 parameter_id에 승인값 기록.,legacy:b160cf1c07cc0f299f9d83839557a1e987c47be4,G_PARAMETER_TRACE:pending;G_RULE_VERIFICATION:pending (비채택 역사 기록; 통과해도 새 모델로 자동 승격하지 않음),L-09;L-10,legacy profiles.py:91,null,선형척도 변환의 제품 가정; 타당성 보장 아님; 원코드 engine.py:33 methodology_version=water-index-v1.0.0 (새 모델 버전 아님)
PAR_LEGACY_CURVE_IDENTITY_SCORE,legacy_curve,IDENTITY_SCORE 점수곡선 좌표,"{""points"":[[0,0],[100,100]],""interpolation"":""linear"",""outside_domain"":""endpoint_constant""}",retired_or_not_adopted,heuristic_points→heuristic_points,relax/rafting,,미검증기존,기존 구현의 역사적 값만 보존한다. 한국 물활동의 정량 타당성이 검증되지 않아 새 모델에 채택하지 않는다.,새 모델은 null/unknown; 명시된 별도 승인값이 있을 때만 사용,출처 라벨·단위 테스트가 계수 추정 불확실성을 제공하지 않는다.,오프라인 비교에서 값/경계 변화에 따른 순위·abstention·오판 변화를 평가; 현재 수치로 운영하지 않음.,대상·장소·계절·활동별 자료로 독립 보정과 외부 검증 후 별도 신규 parameter_id에 승인값 기록.,legacy:b160cf1c07cc0f299f9d83839557a1e987c47be4,G_PARAMETER_TRACE:pending;G_RULE_VERIFICATION:pending (비채택 역사 기록; 통과해도 새 모델로 자동 승격하지 않음),L-07;L-10,legacy curves.py:52,null,기존 점수 identity/clamp 정의; 원코드 engine.py:33 methodology_version=water-index-v1.0.0 (새 모델 버전 아님)
PAR_LEGACY_CROWD_CATEGORY_POINTS,legacy_curve,혼잡 범주 선호점수,"{""low"":100,""낮음"":100,""medium"":65,""보통"":65,""high"":30,""높음"":30,""very_high"":10,""매우높음"":10}",retired_or_not_adopted,category→heuristic_points,swim/surf/relax/mudflat,,미검증기존,기존 구현의 역사적 값만 보존한다. 한국 물활동의 정량 타당성이 검증되지 않아 새 모델에 채택하지 않는다.,새 모델은 null/unknown; 명시된 별도 승인값이 있을 때만 사용,출처 라벨·단위 테스트가 계수 추정 불확실성을 제공하지 않는다.,오프라인 비교에서 값/경계 변화에 따른 순위·abstention·오판 변화를 평가; 현재 수치로 운영하지 않음.,대상·장소·계절·활동별 자료로 독립 보정과 외부 검증 후 별도 신규 parameter_id에 승인값 기록.,legacy:b160cf1c07cc0f299f9d83839557a1e987c47be4,G_PARAMETER_TRACE:pending;G_RULE_VERIFICATION:pending (비채택 역사 기록; 통과해도 새 모델로 자동 승격하지 않음),L-05,legacy profiles.py:64–75,null,한국 선호 검증 미확보; 모든 사람의 저혼잡 선호를 가정하지 않음; 원코드 engine.py:33 methodology_version=water-index-v1.0.0 (새 모델 버전 아님)
PAR_LEGACY_CURVE_INTERPOLATION,legacy_curve,곡선 범위·유효성 공통 처리,"{""score_domain"":[0,100],""minimum_points"":2,""x_order"":""strictly_increasing_unique"",""interpolation"":""linear"",""outside_domain"":""endpoint_constant""}",retired_or_not_adopted,algorithm,legacy piecewise curves,,미검증기존,기존 구현의 역사적 값만 보존한다. 한국 물활동의 정량 타당성이 검증되지 않아 새 모델에 채택하지 않는다.,새 모델은 null/unknown; 명시된 별도 승인값이 있을 때만 사용,출처 라벨·단위 테스트가 계수 추정 불확실성을 제공하지 않는다.,오프라인 비교에서 값/경계 변화에 따른 순위·abstention·오판 변화를 평가; 현재 수치로 운영하지 않음.,대상·장소·계절·활동별 자료로 독립 보정과 외부 검증 후 별도 신규 parameter_id에 승인값 기록.,legacy:b160cf1c07cc0f299f9d83839557a1e987c47be4,G_PARAMETER_TRACE:pending;G_RULE_VERIFICATION:pending (비채택 역사 기록; 통과해도 새 모델로 자동 승격하지 않음),L-03;L-04;L-05,legacy curves.py:20–38,null,끝점고정은 안전영역 확장이 아님; 원코드 engine.py:33 methodology_version=water-index-v1.0.0 (새 모델 버전 아님)
PAR_LEGACY_HCI_THERMAL_BANDS,legacy_hci_curve,legacy HCI THERMAL 경계 전사,"{""special"":[{""lt"":10,""score"":-10}],""upper_exclusive_score_pairs"":[[15,-5],[17,0],[18,1],[19,2],[20,3],[21,4],[22,5],[23,6],[26,7],[28,9],[31,10],[33,9],[34,8],[35,7],[36,6],[37,5],[38,4],[39,2]],""otherwise"":0}",retired_or_not_adopted,Humidex_index→component_points,legacy relax,HC01;HC02,미검증기존,기존 구현의 역사적 값만 보존한다. 한국 물활동의 정량 타당성이 검증되지 않아 새 모델에 채택하지 않는다.,새 모델은 null/unknown; 명시된 별도 승인값이 있을 때만 사용,출처 라벨·단위 테스트가 계수 추정 불확실성을 제공하지 않는다.,오프라인 비교에서 값/경계 변화에 따른 순위·abstention·오판 변화를 평가; 현재 수치로 운영하지 않음.,대상·장소·계절·활동별 자료로 독립 보정과 외부 검증 후 별도 신규 parameter_id에 승인값 기록.,legacy:b160cf1c07cc0f299f9d83839557a1e987c47be4,G_PARAMETER_TRACE:pending;G_RULE_VERIFICATION:pending (비채택 역사 기록; 통과해도 새 모델로 자동 승격하지 않음),L-07,legacy hci.py:33–76,null,HC01 원표의 새 모델 승인값으로 자동 승격하지 않음; 포함경계와 소수처리는 재현 전 별도 QA; 원코드 engine.py:33 methodology_version=water-index-v1.0.0 (새 모델 버전 아님)
PAR_LEGACY_HCI_CLOUD_BANDS,legacy_hci_curve,legacy HCI CLOUD 경계 전사,"{""input_clamp"":[0,100],""upper_exclusive_score_pairs"":[[1,8],[15,9],[26,10],[36,9],[46,8],[56,7],[66,6],[76,5],[86,4],[96,3],[101,2]]}",retired_or_not_adopted,cloud_percent→component_points,legacy relax,HC01;HC02,미검증기존,기존 구현의 역사적 값만 보존한다. 한국 물활동의 정량 타당성이 검증되지 않아 새 모델에 채택하지 않는다.,새 모델은 null/unknown; 명시된 별도 승인값이 있을 때만 사용,출처 라벨·단위 테스트가 계수 추정 불확실성을 제공하지 않는다.,오프라인 비교에서 값/경계 변화에 따른 순위·abstention·오판 변화를 평가; 현재 수치로 운영하지 않음.,대상·장소·계절·활동별 자료로 독립 보정과 외부 검증 후 별도 신규 parameter_id에 승인값 기록.,legacy:b160cf1c07cc0f299f9d83839557a1e987c47be4,G_PARAMETER_TRACE:pending;G_RULE_VERIFICATION:pending (비채택 역사 기록; 통과해도 새 모델로 자동 승격하지 않음),L-07,legacy hci.py:33–76,null,HC01 원표의 새 모델 승인값으로 자동 승격하지 않음; 포함경계와 소수처리는 재현 전 별도 QA; 원코드 engine.py:33 methodology_version=water-index-v1.0.0 (새 모델 버전 아님)
PAR_LEGACY_HCI_PRECIPITATION_BANDS,legacy_hci_curve,legacy HCI PRECIPITATION 경계 전사,"{""input_floor"":0,""zero_score"":10,""upper_exclusive_score_pairs"":[[3,9],[6,8],[9,6],[12,4],[25,0]],""otherwise"":-1}",retired_or_not_adopted,daily_mm→component_points,legacy relax,HC01;HC02,미검증기존,기존 구현의 역사적 값만 보존한다. 한국 물활동의 정량 타당성이 검증되지 않아 새 모델에 채택하지 않는다.,새 모델은 null/unknown; 명시된 별도 승인값이 있을 때만 사용,출처 라벨·단위 테스트가 계수 추정 불확실성을 제공하지 않는다.,오프라인 비교에서 값/경계 변화에 따른 순위·abstention·오판 변화를 평가; 현재 수치로 운영하지 않음.,대상·장소·계절·활동별 자료로 독립 보정과 외부 검증 후 별도 신규 parameter_id에 승인값 기록.,legacy:b160cf1c07cc0f299f9d83839557a1e987c47be4,G_PARAMETER_TRACE:pending;G_RULE_VERIFICATION:pending (비채택 역사 기록; 통과해도 새 모델로 자동 승격하지 않음),L-07,legacy hci.py:33–76,null,HC01 원표의 새 모델 승인값으로 자동 승격하지 않음; 포함경계와 소수처리는 재현 전 별도 QA; 원코드 engine.py:33 methodology_version=water-index-v1.0.0 (새 모델 버전 아님)
PAR_LEGACY_HCI_WIND_BANDS,legacy_hci_curve,legacy HCI WIND 경계 전사,"{""input_floor"":0,""upper_exclusive_score_pairs"":[[0.6,8],[10,10],[20,9],[30,8],[40,6],[50,3],[70,0]],""otherwise"":-10}",retired_or_not_adopted,mean_km/h→component_points,legacy relax,HC01;HC02,미검증기존,기존 구현의 역사적 값만 보존한다. 한국 물활동의 정량 타당성이 검증되지 않아 새 모델에 채택하지 않는다.,새 모델은 null/unknown; 명시된 별도 승인값이 있을 때만 사용,출처 라벨·단위 테스트가 계수 추정 불확실성을 제공하지 않는다.,오프라인 비교에서 값/경계 변화에 따른 순위·abstention·오판 변화를 평가; 현재 수치로 운영하지 않음.,대상·장소·계절·활동별 자료로 독립 보정과 외부 검증 후 별도 신규 parameter_id에 승인값 기록.,legacy:b160cf1c07cc0f299f9d83839557a1e987c47be4,G_PARAMETER_TRACE:pending;G_RULE_VERIFICATION:pending (비채택 역사 기록; 통과해도 새 모델로 자동 승격하지 않음),L-07,legacy hci.py:33–76,null,HC01 원표의 새 모델 승인값으로 자동 승격하지 않음; 포함경계와 소수처리는 재현 전 별도 QA; 원코드 engine.py:33 methodology_version=water-index-v1.0.0 (새 모델 버전 아님)
PAR_LEGACY_HCI_WEIGHT_AND_DISPLAY,legacy_hci,legacy HCI 합산·표시,"{""weights"":{""thermal"":2,""aesthetic"":4,""precipitation"":3,""wind"":1},""display_clip"":[0,100],""rounding"":""Python round""}",retired_or_not_adopted,component_points→heuristic_points,relax,HC01;HC02,미검증기존,기존 구현의 역사적 값만 보존한다. 한국 물활동의 정량 타당성이 검증되지 않아 새 모델에 채택하지 않는다.,새 모델은 null/unknown; 명시된 별도 승인값이 있을 때만 사용,출처 라벨·단위 테스트가 계수 추정 불확실성을 제공하지 않는다.,오프라인 비교에서 값/경계 변화에 따른 순위·abstention·오판 변화를 평가; 현재 수치로 운영하지 않음.,대상·장소·계절·활동별 자료로 독립 보정과 외부 검증 후 별도 신규 parameter_id에 승인값 기록.,legacy:b160cf1c07cc0f299f9d83839557a1e987c47be4,G_PARAMETER_TRACE:pending;G_RULE_VERIFICATION:pending (비채택 역사 기록; 통과해도 새 모델로 자동 승격하지 않음),L-07,legacy hci.py:79–99,null,원합과 표시clip 분리; 아래 새 offline 사양에서 별도 검토; 원코드 engine.py:33 methodology_version=water-index-v1.0.0 (새 모델 버전 아님)
PAR_LEGACY_HUMIDEX_CONSTANTS,legacy_hci,Humidex 계산 상수·식,"{""e_expression"":""6.11*exp(5417.7530*(1/273.16-1/(273.15+Td)))"",""humidex_expression"":""T+(5/9)*(e-10)""}",retired_or_not_adopted,"T,Td:degC;e:hPa;output:index",legacy HCI,HC01,미검증기존,기존 구현의 역사적 값만 보존한다. 한국 물활동의 정량 타당성이 검증되지 않아 새 모델에 채택하지 않는다.,새 모델은 null/unknown; 명시된 별도 승인값이 있을 때만 사용,출처 라벨·단위 테스트가 계수 추정 불확실성을 제공하지 않는다.,오프라인 비교에서 값/경계 변화에 따른 순위·abstention·오판 변화를 평가; 현재 수치로 운영하지 않음.,대상·장소·계절·활동별 자료로 독립 보정과 외부 검증 후 별도 신규 parameter_id에 승인값 기록.,legacy:b160cf1c07cc0f299f9d83839557a1e987c47be4,G_PARAMETER_TRACE:pending;G_RULE_VERIFICATION:pending (비채택 역사 기록; 통과해도 새 모델로 자동 승격하지 않음),L-07,legacy hci.py:24–30,null,공식의 역사적 전사. 새 offline재현 source/단위 QA 대상; 원코드 engine.py:33 methodology_version=water-index-v1.0.0 (새 모델 버전 아님)
PAR_LEGACY_MAGNUS_CONSTANTS,legacy_hci,RH에서 이슬점 변환,"{""a"":17.625,""b"":243.04,""gamma"":""ln(RH/100)+a*T/(b+T)"",""Td"":""b*gamma/(a-gamma)"",""air_range_degC"":[-80,60],""RH_percent"":{""lower_exclusive"":0,""upper_inclusive"":100}}",retired_or_not_adopted,degC;percent,legacy HCI,HC01,미검증기존,기존 구현의 역사적 값만 보존한다. 한국 물활동의 정량 타당성이 검증되지 않아 새 모델에 채택하지 않는다.,새 모델은 null/unknown; 명시된 별도 승인값이 있을 때만 사용,출처 라벨·단위 테스트가 계수 추정 불확실성을 제공하지 않는다.,오프라인 비교에서 값/경계 변화에 따른 순위·abstention·오판 변화를 평가; 현재 수치로 운영하지 않음.,대상·장소·계절·활동별 자료로 독립 보정과 외부 검증 후 별도 신규 parameter_id에 승인값 기록.,legacy:b160cf1c07cc0f299f9d83839557a1e987c47be4,G_PARAMETER_TRACE:pending;G_RULE_VERIFICATION:pending (비채택 역사 기록; 통과해도 새 모델로 자동 승격하지 않음),L-07,legacy derived.py:573–592,null,범위검사는 데이터 validator이며 선호/안전 허용범위 아님; 원코드 engine.py:33 methodology_version=water-index-v1.0.0 (새 모델 버전 아님)
PAR_LEGACY_KMA_SKY_UPPER_MAPPING,legacy_hci,SKY 범주 상한 대체,"{""1"":50,""3"":80,""4"":100}",retired_or_not_adopted,provider_code→cloud_percent,legacy HCI,HC01,미검증기존,기존 구현의 역사적 값만 보존한다. 한국 물활동의 정량 타당성이 검증되지 않아 새 모델에 채택하지 않는다.,새 모델은 null/unknown; 명시된 별도 승인값이 있을 때만 사용,출처 라벨·단위 테스트가 계수 추정 불확실성을 제공하지 않는다.,오프라인 비교에서 값/경계 변화에 따른 순위·abstention·오판 변화를 평가; 현재 수치로 운영하지 않음.,대상·장소·계절·활동별 자료로 독립 보정과 외부 검증 후 별도 신규 parameter_id에 승인값 기록.,legacy:b160cf1c07cc0f299f9d83839557a1e987c47be4,G_PARAMETER_TRACE:pending;G_RULE_VERIFICATION:pending (비채택 역사 기록; 통과해도 새 모델로 자동 승격하지 않음),L-07,legacy derived.py:595–612,null,현재 범주내 최소component점수 대체이며 실측구름/일사량 아님; 새 offline기본값으로 채택안함; 원코드 engine.py:33 methodology_version=water-index-v1.0.0 (새 모델 버전 아님)
PAR_LEGACY_HCI_INPUT_WINDOW,legacy_hci,동시 snapshot 입력과 유효성,"{""required"":[""air_temperature_c"",""relative_humidity_pct"",""sky_condition_code"",""precipitation_amount_text"",""daily_precipitation_mm"",""wind_speed_ms""],""identity"":""same KMA source/station/scope/mode/validity window"",""wind_conversion_multiplier"":3.6,""daily_rain_range_mm"":[0,2000],""wind_range_ms"":[0,100],""pcp_check"":""lower_bound<=daily_total""}",retired_or_not_adopted,mixed,legacy beach snapshot,HC01;HC04,미검증기존,기존 구현의 역사적 값만 보존한다. 한국 물활동의 정량 타당성이 검증되지 않아 새 모델에 채택하지 않는다.,새 모델은 null/unknown; 명시된 별도 승인값이 있을 때만 사용,출처 라벨·단위 테스트가 계수 추정 불확실성을 제공하지 않는다.,오프라인 비교에서 값/경계 변화에 따른 순위·abstention·오판 변화를 평가; 현재 수치로 운영하지 않음.,대상·장소·계절·활동별 자료로 독립 보정과 외부 검증 후 별도 신규 parameter_id에 승인값 기록.,legacy:b160cf1c07cc0f299f9d83839557a1e987c47be4,G_PARAMETER_TRACE:pending;G_RULE_VERIFICATION:pending (비채택 역사 기록; 통과해도 새 모델로 자동 승격하지 않음),L-07,"legacy derived.py:45–54,177–224,679–715",null,단일 wind×3.6은 일평균생성이 아님; 현재 legacy KMA adapter가 daily_total을 생성하지 않아 abstain; 원코드 engine.py:33 methodology_version=water-index-v1.0.0 (새 모델 버전 아님)
PAR_LEGACY_ONSEN_SESSION_FORMULAE,legacy_onsen,시설 요구·혼잡·수온 요청 일치도,"{""amenity_fit"":""matched_required/required_count"",""crowd_fit"":""1-abs(target-observed)"",""preferred_temperature_fit"":""max(0,1-abs(preferred-observed)/tolerance)""}",retired_or_not_adopted,proportion_0_to_1,요청범위 onsen,AC05;AC06;AC07,미검증기존,기존 구현의 역사적 값만 보존한다. 한국 물활동의 정량 타당성이 검증되지 않아 새 모델에 채택하지 않는다.,새 모델은 null/unknown; 명시된 별도 승인값이 있을 때만 사용,출처 라벨·단위 테스트가 계수 추정 불확실성을 제공하지 않는다.,오프라인 비교에서 값/경계 변화에 따른 순위·abstention·오판 변화를 평가; 현재 수치로 운영하지 않음.,대상·장소·계절·활동별 자료로 독립 보정과 외부 검증 후 별도 신규 parameter_id에 승인값 기록.,legacy:b160cf1c07cc0f299f9d83839557a1e987c47be4,G_PARAMETER_TRACE:pending;G_RULE_VERIFICATION:pending (비채택 역사 기록; 통과해도 새 모델로 자동 승격하지 않음),L-09,legacy onsen.py:153–171,null,요청/대응자료 없으면 metric미생성; 무조건중립점수 금지; 원코드 engine.py:33 methodology_version=water-index-v1.0.0 (새 모델 버전 아님)
PAR_LEGACY_ONSEN_TEMPERATURE_TOLERANCE,legacy_onsen,선호수온 핏 감소 폭,5.0,retired_or_not_adopted,degC,onsen,AC05;AC06;AC07,미검증기존,기존 구현의 역사적 값만 보존한다. 한국 물활동의 정량 타당성이 검증되지 않아 새 모델에 채택하지 않는다.,새 모델은 null/unknown; 명시된 별도 승인값이 있을 때만 사용,출처 라벨·단위 테스트가 계수 추정 불확실성을 제공하지 않는다.,오프라인 비교에서 값/경계 변화에 따른 순위·abstention·오판 변화를 평가; 현재 수치로 운영하지 않음.,대상·장소·계절·활동별 자료로 독립 보정과 외부 검증 후 별도 신규 parameter_id에 승인값 기록.,legacy:b160cf1c07cc0f299f9d83839557a1e987c47be4,G_PARAMETER_TRACE:pending;G_RULE_VERIFICATION:pending (비채택 역사 기록; 통과해도 새 모델로 자동 승격하지 않음),L-09,"legacy onsen.py:48,168–171",null,임상/선호연구에서 추정되지 않은 기본값; 원코드 engine.py:33 methodology_version=water-index-v1.0.0 (새 모델 버전 아님)
PAR_LEGACY_ONSEN_SESSION_EXPIRY,legacy_onsen,개인 선호 metric 수명,"{""valid_from"":""evaluation_at"",""valid_until"":""evaluation_at"",""persistable"":false,""source"":""SESSION_CONTEXT""}",retired_or_not_adopted,datetime/in_memory,onsen session,,미검증기존,기존 구현의 역사적 값만 보존한다. 한국 물활동의 정량 타당성이 검증되지 않아 새 모델에 채택하지 않는다.,새 모델은 null/unknown; 명시된 별도 승인값이 있을 때만 사용,출처 라벨·단위 테스트가 계수 추정 불확실성을 제공하지 않는다.,오프라인 비교에서 값/경계 변화에 따른 순위·abstention·오판 변화를 평가; 현재 수치로 운영하지 않음.,대상·장소·계절·활동별 자료로 독립 보정과 외부 검증 후 별도 신규 parameter_id에 승인값 기록.,legacy:b160cf1c07cc0f299f9d83839557a1e987c47be4,G_PARAMETER_TRACE:pending;G_RULE_VERIFICATION:pending (비채택 역사 기록; 통과해도 새 모델로 자동 승격하지 않음),L-09,legacy onsen.py:175–215,null,과거 알고리즘 계약 보존; 새설계 개인정보/세션 계약은 별도; 원코드 engine.py:33 methodology_version=water-index-v1.0.0 (새 모델 버전 아님)
PAR_LEGACY_ONSEN_OPERATION_SHELTER,legacy_onsen,시설 운영·실내대피 파생,"{""operation_confidence"":""min(catalog_confidence,selected_operation_confidences)"",""catalog_min_confidence"":0.8,""shelter_true_requires"":[""verified_catalog"",""indoor=true"",""bad_weather_suitable=true""],""shelter_value_when_true"":1.0,""otherwise"":""metric_not_emitted""}",retired_or_not_adopted,proportion,onsen,AC05;AC06;AC07,미검증기존,기존 구현의 역사적 값만 보존한다. 한국 물활동의 정량 타당성이 검증되지 않아 새 모델에 채택하지 않는다.,새 모델은 null/unknown; 명시된 별도 승인값이 있을 때만 사용,출처 라벨·단위 테스트가 계수 추정 불확실성을 제공하지 않는다.,오프라인 비교에서 값/경계 변화에 따른 순위·abstention·오판 변화를 평가; 현재 수치로 운영하지 않음.,대상·장소·계절·활동별 자료로 독립 보정과 외부 검증 후 별도 신규 parameter_id에 승인값 기록.,legacy:b160cf1c07cc0f299f9d83839557a1e987c47be4,G_PARAMETER_TRACE:pending;G_RULE_VERIFICATION:pending (비채택 역사 기록; 통과해도 새 모델로 자동 승격하지 않음),L-09,"legacy derived.py:316–395,718–735",null,confidence .8 또는 시설boolean이 의료안전 보장 아님; 원코드 engine.py:33 methodology_version=water-index-v1.0.0 (새 모델 버전 아님)
PAR_LEGACY_RAFTING_TRAPEZOID,legacy_rafting,유량 적합 사다리꼴,"{""ordering"":""0<=q_min<q_opt_low<=q_opt_high<q_max"",""q_min"":null,""q_opt_low"":null,""q_opt_high"":null,""q_max"":null,""outside_or_on_limits"":0,""optimal_band"":100,""rising"":""100*(Q-q_min)/(q_opt_low-q_min)"",""falling"":""100*(q_max-Q)/(q_max-q_opt_high)""}",retired_or_not_adopted,Q:m3/s;output:heuristic_points,지점·구간별 rafting,AC03;AC04;AC10,미검증기존,기존 구현의 역사적 값만 보존한다. 한국 물활동의 정량 타당성이 검증되지 않아 새 모델에 채택하지 않는다.,새 모델은 null/unknown; 명시된 별도 승인값이 있을 때만 사용,출처 라벨·단위 테스트가 계수 추정 불확실성을 제공하지 않는다.,오프라인 비교에서 값/경계 변화에 따른 순위·abstention·오판 변화를 평가; 현재 수치로 운영하지 않음.,대상·장소·계절·활동별 자료로 독립 보정과 외부 검증 후 별도 신규 parameter_id에 승인값 기록.,legacy:b160cf1c07cc0f299f9d83839557a1e987c47be4,G_PARAMETER_TRACE:pending;G_RULE_VERIFICATION:pending (비채택 역사 기록; 통과해도 새 모델로 자동 승격하지 않음),L-10,legacy derived.py:654–676;conditions/models.py:366–438,null,실제 보정Q값은 확인하지 않음. fixture10/20/30/40을 현지값으로 쓰지 않음; 원코드 engine.py:33 methodology_version=water-index-v1.0.0 (새 모델 버전 아님)
PAR_LEGACY_RAFTING_CALIBRATION_BINDING,legacy_rafting,유량곡선 지점 identity,"{""required"":[""spot"",""version"",""station_id"",""exact_spatial_scope"",""authority"",""public_https_evidence"",""verified_at"",""active_verified""],""active_rows_per_spot"":1,""unit"":""m3/s""}",retired_or_not_adopted,identity/constraints,rafting,AC03;AC04;AC10,미검증기존,기존 구현의 역사적 값만 보존한다. 한국 물활동의 정량 타당성이 검증되지 않아 새 모델에 채택하지 않는다.,새 모델은 null/unknown; 명시된 별도 승인값이 있을 때만 사용,출처 라벨·단위 테스트가 계수 추정 불확실성을 제공하지 않는다.,오프라인 비교에서 값/경계 변화에 따른 순위·abstention·오판 변화를 평가; 현재 수치로 운영하지 않음.,대상·장소·계절·활동별 자료로 독립 보정과 외부 검증 후 별도 신규 parameter_id에 승인값 기록.,legacy:b160cf1c07cc0f299f9d83839557a1e987c47be4,G_PARAMETER_TRACE:pending;G_RULE_VERIFICATION:pending (비채택 역사 기록; 통과해도 새 모델로 자동 승격하지 않음),L-10,legacy conditions/models.py:366–438;derived.py:475–531,null,보정모델 schema존재가 실제 보정행존재를 뜻하지 않음; 원코드 engine.py:33 methodology_version=water-index-v1.0.0 (새 모델 버전 아님)
PAR_LEGACY_MINIMUM_COVERAGE,legacy_quality,활동별 가중 coverage 하한,"{""swim"":0.8,""surf"":0.8,""relax"":0.9,""mudflat"":0.85,""onsen"":0.7,""rafting"":0.9}",retired_or_not_adopted,weight_fraction,6legacy활동,,미검증기존,기존 구현의 역사적 값만 보존한다. 한국 물활동의 정량 타당성이 검증되지 않아 새 모델에 채택하지 않는다.,새 모델은 null/unknown; 명시된 별도 승인값이 있을 때만 사용,출처 라벨·단위 테스트가 계수 추정 불확실성을 제공하지 않는다.,오프라인 비교에서 값/경계 변화에 따른 순위·abstention·오판 변화를 평가; 현재 수치로 운영하지 않음.,대상·장소·계절·활동별 자료로 독립 보정과 외부 검증 후 별도 신규 parameter_id에 승인값 기록.,legacy:b160cf1c07cc0f299f9d83839557a1e987c47be4,G_PARAMETER_TRACE:pending;G_RULE_VERIFICATION:pending (비채택 역사 기록; 통과해도 새 모델로 자동 승격하지 않음),L-11,legacy profiles.py:94–187,null,coverage는 자료확보 가중비율이며 불확실성/확률 아님; 원코드 engine.py:33 methodology_version=water-index-v1.0.0 (새 모델 버전 아님)
PAR_LEGACY_REQUIRED_FACTOR_GROUPS,legacy_quality,점수 계산 필수 대안집합,"{""swim"":[[""official_activity_grade""]],""surf"":[[""official_activity_grade""]],""relax"":[[""hci_beach_score""]],""mudflat"":[[""official_activity_grade""]],""onsen"":[[""facility_operation_confidence""],[""amenity_fit""]],""rafting"":[[""flow_suitability_score""],[""operator_readiness""],[""thermal_gear_readiness""]]}",retired_or_not_adopted,metric_sets,6legacy활동,,미검증기존,기존 구현의 역사적 값만 보존한다. 한국 물활동의 정량 타당성이 검증되지 않아 새 모델에 채택하지 않는다.,새 모델은 null/unknown; 명시된 별도 승인값이 있을 때만 사용,출처 라벨·단위 테스트가 계수 추정 불확실성을 제공하지 않는다.,오프라인 비교에서 값/경계 변화에 따른 순위·abstention·오판 변화를 평가; 현재 수치로 운영하지 않음.,대상·장소·계절·활동별 자료로 독립 보정과 외부 검증 후 별도 신규 parameter_id에 승인값 기록.,legacy:b160cf1c07cc0f299f9d83839557a1e987c47be4,G_PARAMETER_TRACE:pending;G_RULE_VERIFICATION:pending (비채택 역사 기록; 통과해도 새 모델로 자동 승격하지 않음),L-02;L-06;L-07;L-08;L-09;L-10;L-11,legacy profiles.py:107–179,null,새 모델 필수안전요소와 별개; missing은 모든기여 재분배로 메우지 않음; 원코드 engine.py:33 methodology_version=water-index-v1.0.0 (새 모델 버전 아님)
PAR_LEGACY_SCORE_CONFIDENCE,legacy_quality,가중 신뢰값 하한,"{""formula"":""sum(configured_weight*metric.confidence)"",""minimum"":0.8,""coverage_formula"":""sum(present_configured_weight)""}",retired_or_not_adopted,heuristic_fraction,6legacy활동,,미검증기존,기존 구현의 역사적 값만 보존한다. 한국 물활동의 정량 타당성이 검증되지 않아 새 모델에 채택하지 않는다.,새 모델은 null/unknown; 명시된 별도 승인값이 있을 때만 사용,출처 라벨·단위 테스트가 계수 추정 불확실성을 제공하지 않는다.,오프라인 비교에서 값/경계 변화에 따른 순위·abstention·오판 변화를 평가; 현재 수치로 운영하지 않음.,대상·장소·계절·활동별 자료로 독립 보정과 외부 검증 후 별도 신규 parameter_id에 승인값 기록.,legacy:b160cf1c07cc0f299f9d83839557a1e987c47be4,G_PARAMETER_TRACE:pending;G_RULE_VERIFICATION:pending (비채택 역사 기록; 통과해도 새 모델로 자동 승격하지 않음),L-11,legacy profiles.py:36;engine.py:584–598,null,보정된 확률 아님; 원코드 engine.py:33 methodology_version=water-index-v1.0.0 (새 모델 버전 아님)
PAR_LEGACY_SCORE_BOUNDS,legacy_quality,결측요인 하한·상한과 표시,"{""lower"":""sum(weight*score)"",""upper"":""min(100,lower+(1-present_weight)*100)"",""point"":""floor(lower)"",""redistribute_missing_weights"":false}",retired_or_not_adopted,heuristic_points,6legacy활동,,미검증기존,기존 구현의 역사적 값만 보존한다. 한국 물활동의 정량 타당성이 검증되지 않아 새 모델에 채택하지 않는다.,새 모델은 null/unknown; 명시된 별도 승인값이 있을 때만 사용,출처 라벨·단위 테스트가 계수 추정 불확실성을 제공하지 않는다.,오프라인 비교에서 값/경계 변화에 따른 순위·abstention·오판 변화를 평가; 현재 수치로 운영하지 않음.,대상·장소·계절·활동별 자료로 독립 보정과 외부 검증 후 별도 신규 parameter_id에 승인값 기록.,legacy:b160cf1c07cc0f299f9d83839557a1e987c47be4,G_PARAMETER_TRACE:pending;G_RULE_VERIFICATION:pending (비채택 역사 기록; 통과해도 새 모델로 자동 승격하지 않음),L-11,legacy engine.py:584–626,null,수학적 가능범위이며 CI아님; 하한을 선호손실 관측으로 해석금지; 원코드 engine.py:33 methodology_version=water-index-v1.0.0 (새 모델 버전 아님)
PAR_LEGACY_RECOMMENDATION_THRESHOLDS,legacy_decision,추천·고려·주의 경계,"{""recommended_gte"":80,""consider_gte"":60,""caution_score_cap"":39}",retired_or_not_adopted,heuristic_points,6legacy활동,HC18;AC03;AC04,미검증기존,기존 구현의 역사적 값만 보존한다. 한국 물활동의 정량 타당성이 검증되지 않아 새 모델에 채택하지 않는다.,새 모델은 null/unknown; 명시된 별도 승인값이 있을 때만 사용,출처 라벨·단위 테스트가 계수 추정 불확실성을 제공하지 않는다.,오프라인 비교에서 값/경계 변화에 따른 순위·abstention·오판 변화를 평가; 현재 수치로 운영하지 않음.,대상·장소·계절·활동별 자료로 독립 보정과 외부 검증 후 별도 신규 parameter_id에 승인값 기록.,legacy:b160cf1c07cc0f299f9d83839557a1e987c47be4,G_PARAMETER_TRACE:pending;G_RULE_VERIFICATION:pending (비채택 역사 기록; 통과해도 새 모델로 자동 승격하지 않음),L-11,legacy engine.py:705–743,null,0–100같은 표시는 활동간 공통효용을 뜻하지 않음; 원코드 engine.py:33 methodology_version=water-index-v1.0.0 (새 모델 버전 아님)
PAR_LEGACY_SWIM_FACTOR_MAX_AGE,legacy_freshness,swim 적합요인 관측 최대나이,"{""official_activity_grade"":43200,""water_temperature_c"":10800,""air_temperature_c"":10800,""wave_height_m"":3600,""wind_speed_ms"":3600,""precipitation_1h_mm"":3600,""uv_index"":10800,""crowd_level"":3600}",retired_or_not_adopted,seconds_since_observation,swim,SW07;AC10,미검증기존,기존 구현의 역사적 값만 보존한다. 한국 물활동의 정량 타당성이 검증되지 않아 새 모델에 채택하지 않는다.,새 모델은 null/unknown; 명시된 별도 승인값이 있을 때만 사용,출처 라벨·단위 테스트가 계수 추정 불확실성을 제공하지 않는다.,오프라인 비교에서 값/경계 변화에 따른 순위·abstention·오판 변화를 평가; 현재 수치로 운영하지 않음.,대상·장소·계절·활동별 자료로 독립 보정과 외부 검증 후 별도 신규 parameter_id에 승인값 기록.,legacy:b160cf1c07cc0f299f9d83839557a1e987c47be4,G_PARAMETER_TRACE:pending;G_RULE_VERIFICATION:pending (비채택 역사 기록; 통과해도 새 모델로 자동 승격하지 않음),L-20,legacy profiles.py:94–187,null,typed forecast는 issue나이가 아닌 명시provider validity; 안전maxage가 더 짧을 수 있음; 원코드 engine.py:33 methodology_version=water-index-v1.0.0 (새 모델 버전 아님)
PAR_LEGACY_SURF_FACTOR_MAX_AGE,legacy_freshness,surf 적합요인 관측 최대나이,"{""official_activity_grade"":43200,""crowd_level"":3600,""uv_index"":10800}",retired_or_not_adopted,seconds_since_observation,surf,SW07;AC10,미검증기존,기존 구현의 역사적 값만 보존한다. 한국 물활동의 정량 타당성이 검증되지 않아 새 모델에 채택하지 않는다.,새 모델은 null/unknown; 명시된 별도 승인값이 있을 때만 사용,출처 라벨·단위 테스트가 계수 추정 불확실성을 제공하지 않는다.,오프라인 비교에서 값/경계 변화에 따른 순위·abstention·오판 변화를 평가; 현재 수치로 운영하지 않음.,대상·장소·계절·활동별 자료로 독립 보정과 외부 검증 후 별도 신규 parameter_id에 승인값 기록.,legacy:b160cf1c07cc0f299f9d83839557a1e987c47be4,G_PARAMETER_TRACE:pending;G_RULE_VERIFICATION:pending (비채택 역사 기록; 통과해도 새 모델로 자동 승격하지 않음),L-20,legacy profiles.py:94–187,null,typed forecast는 issue나이가 아닌 명시provider validity; 안전maxage가 더 짧을 수 있음; 원코드 engine.py:33 methodology_version=water-index-v1.0.0 (새 모델 버전 아님)
PAR_LEGACY_RELAX_FACTOR_MAX_AGE,legacy_freshness,relax 적합요인 관측 최대나이,"{""hci_beach_score"":10800,""crowd_level"":3600}",retired_or_not_adopted,seconds_since_observation,relax,SW07;AC10,미검증기존,기존 구현의 역사적 값만 보존한다. 한국 물활동의 정량 타당성이 검증되지 않아 새 모델에 채택하지 않는다.,새 모델은 null/unknown; 명시된 별도 승인값이 있을 때만 사용,출처 라벨·단위 테스트가 계수 추정 불확실성을 제공하지 않는다.,오프라인 비교에서 값/경계 변화에 따른 순위·abstention·오판 변화를 평가; 현재 수치로 운영하지 않음.,대상·장소·계절·활동별 자료로 독립 보정과 외부 검증 후 별도 신규 parameter_id에 승인값 기록.,legacy:b160cf1c07cc0f299f9d83839557a1e987c47be4,G_PARAMETER_TRACE:pending;G_RULE_VERIFICATION:pending (비채택 역사 기록; 통과해도 새 모델로 자동 승격하지 않음),L-20,legacy profiles.py:94–187,null,typed forecast는 issue나이가 아닌 명시provider validity; 안전maxage가 더 짧을 수 있음; 원코드 engine.py:33 methodology_version=water-index-v1.0.0 (새 모델 버전 아님)
PAR_LEGACY_MUDFLAT_FACTOR_MAX_AGE,legacy_freshness,mudflat 적합요인 관측 최대나이,"{""official_activity_grade"":43200,""crowd_level"":3600,""uv_index"":10800}",retired_or_not_adopted,seconds_since_observation,mudflat,SW07;AC10,미검증기존,기존 구현의 역사적 값만 보존한다. 한국 물활동의 정량 타당성이 검증되지 않아 새 모델에 채택하지 않는다.,새 모델은 null/unknown; 명시된 별도 승인값이 있을 때만 사용,출처 라벨·단위 테스트가 계수 추정 불확실성을 제공하지 않는다.,오프라인 비교에서 값/경계 변화에 따른 순위·abstention·오판 변화를 평가; 현재 수치로 운영하지 않음.,대상·장소·계절·활동별 자료로 독립 보정과 외부 검증 후 별도 신규 parameter_id에 승인값 기록.,legacy:b160cf1c07cc0f299f9d83839557a1e987c47be4,G_PARAMETER_TRACE:pending;G_RULE_VERIFICATION:pending (비채택 역사 기록; 통과해도 새 모델로 자동 승격하지 않음),L-20,legacy profiles.py:94–187,null,typed forecast는 issue나이가 아닌 명시provider validity; 안전maxage가 더 짧을 수 있음; 원코드 engine.py:33 methodology_version=water-index-v1.0.0 (새 모델 버전 아님)
PAR_LEGACY_ONSEN_FACTOR_MAX_AGE,legacy_freshness,onsen 적합요인 관측 최대나이,"{""facility_operation_confidence"":1800,""crowd_fit"":3600,""amenity_fit"":86400,""indoor_weather_shelter"":86400,""preferred_temperature_fit"":1800}",retired_or_not_adopted,seconds_since_observation,onsen,SW07;AC10,미검증기존,기존 구현의 역사적 값만 보존한다. 한국 물활동의 정량 타당성이 검증되지 않아 새 모델에 채택하지 않는다.,새 모델은 null/unknown; 명시된 별도 승인값이 있을 때만 사용,출처 라벨·단위 테스트가 계수 추정 불확실성을 제공하지 않는다.,오프라인 비교에서 값/경계 변화에 따른 순위·abstention·오판 변화를 평가; 현재 수치로 운영하지 않음.,대상·장소·계절·활동별 자료로 독립 보정과 외부 검증 후 별도 신규 parameter_id에 승인값 기록.,legacy:b160cf1c07cc0f299f9d83839557a1e987c47be4,G_PARAMETER_TRACE:pending;G_RULE_VERIFICATION:pending (비채택 역사 기록; 통과해도 새 모델로 자동 승격하지 않음),L-20,legacy profiles.py:94–187,null,typed forecast는 issue나이가 아닌 명시provider validity; 안전maxage가 더 짧을 수 있음; 원코드 engine.py:33 methodology_version=water-index-v1.0.0 (새 모델 버전 아님)
PAR_LEGACY_RAFTING_FACTOR_MAX_AGE,legacy_freshness,rafting 적합요인 관측 최대나이,"{""flow_suitability_score"":900,""operator_readiness"":900,""flow_trend_stability"":900,""thermal_gear_readiness"":900}",retired_or_not_adopted,seconds_since_observation,rafting,SW07;AC10,미검증기존,기존 구현의 역사적 값만 보존한다. 한국 물활동의 정량 타당성이 검증되지 않아 새 모델에 채택하지 않는다.,새 모델은 null/unknown; 명시된 별도 승인값이 있을 때만 사용,출처 라벨·단위 테스트가 계수 추정 불확실성을 제공하지 않는다.,오프라인 비교에서 값/경계 변화에 따른 순위·abstention·오판 변화를 평가; 현재 수치로 운영하지 않음.,대상·장소·계절·활동별 자료로 독립 보정과 외부 검증 후 별도 신규 parameter_id에 승인값 기록.,legacy:b160cf1c07cc0f299f9d83839557a1e987c47be4,G_PARAMETER_TRACE:pending;G_RULE_VERIFICATION:pending (비채택 역사 기록; 통과해도 새 모델로 자동 승격하지 않음),L-20,legacy profiles.py:94–187,null,typed forecast는 issue나이가 아닌 명시provider validity; 안전maxage가 더 짧을 수 있음; 원코드 engine.py:33 methodology_version=water-index-v1.0.0 (새 모델 버전 아님)
PAR_LEGACY_SAFETY_MAX_AGES,legacy_freshness,안전 metric별 관측 최대나이,"{""official_stop_signal"":900,""access_status"":900,""official_entry_status"":900,""patrol_status"":900,""designated_swim_zone_status"":900,""adult_supervision_status"":900,""facility_status"":1800,""operator_status"":900,""weather_alert_level"":600,""lightning_clearance_minutes"":300,""rip_current_risk"":1200,""water_quality_status"":null,""river_risk_level"":900,""tide_window_open"":null,""marine_hazard_status"":600,""fog_status"":600,""designated_route_status"":21600,""facility_hygiene_status"":null,""hot_tub_temperature_c"":1800,""safety_equipment_status"":900,""upstream_rain_risk"":900,""water_temperature_c"":3600}",retired_or_not_adopted,seconds_since_observation,활동별 요구/현재존재하는 선택적안전metric,SW07;SW09;SW11;AC10,미검증기존,기존 구현의 역사적 값만 보존한다. 한국 물활동의 정량 타당성이 검증되지 않아 새 모델에 채택하지 않는다.,새 모델은 null/unknown; 명시된 별도 승인값이 있을 때만 사용,출처 라벨·단위 테스트가 계수 추정 불확실성을 제공하지 않는다.,오프라인 비교에서 값/경계 변화에 따른 순위·abstention·오판 변화를 평가; 현재 수치로 운영하지 않음.,대상·장소·계절·활동별 자료로 독립 보정과 외부 검증 후 별도 신규 parameter_id에 승인값 기록.,legacy:b160cf1c07cc0f299f9d83839557a1e987c47be4,G_PARAMETER_TRACE:pending;G_RULE_VERIFICATION:pending (비채택 역사 기록; 통과해도 새 모델로 자동 승격하지 않음),L-20,legacy engine.py:44–67,null,null TTL은 무기한 아님; 공급expiry가 별도로 없으면 current아님; 원코드 engine.py:33 methodology_version=water-index-v1.0.0 (새 모델 버전 아님)
PAR_LEGACY_SAFETY_CONFIDENCE,legacy_quality,안전필수 metric 최소신뢰,0.8,retired_or_not_adopted,heuristic_fraction,6legacy활동,,미검증기존,기존 구현의 역사적 값만 보존한다. 한국 물활동의 정량 타당성이 검증되지 않아 새 모델에 채택하지 않는다.,새 모델은 null/unknown; 명시된 별도 승인값이 있을 때만 사용,출처 라벨·단위 테스트가 계수 추정 불확실성을 제공하지 않는다.,오프라인 비교에서 값/경계 변화에 따른 순위·abstention·오판 변화를 평가; 현재 수치로 운영하지 않음.,대상·장소·계절·활동별 자료로 독립 보정과 외부 검증 후 별도 신규 parameter_id에 승인값 기록.,legacy:b160cf1c07cc0f299f9d83839557a1e987c47be4,G_PARAMETER_TRACE:pending;G_RULE_VERIFICATION:pending (비채택 역사 기록; 통과해도 새 모델로 자동 승격하지 않음),L-20,"legacy engine.py:34,464–516",null,미정량 authority/신뢰점수 .80을 안전확률80%로 해석하지 않음; 원코드 engine.py:33 methodology_version=water-index-v1.0.0 (새 모델 버전 아님)
PAR_LEGACY_EXPIRY_RULE,legacy_freshness,관측/예보 만료와 결측 처리,"{""observed_expiry"":""min(provider_expiry,observed_at+max_age)"",""forecast_expiry"":""explicit_provider_validity"",""expiry_boundary"":""inclusive"",""missing_required_evidence"":""evaluation_valid_until=evaluation_at"",""state_invalid_or_conflict"":""not_current"",""future_observation"":""not_current""}",retired_or_not_adopted,datetime/rules,6legacy활동,SW07;SW11;AC10,미검증기존,기존 구현의 역사적 값만 보존한다. 한국 물활동의 정량 타당성이 검증되지 않아 새 모델에 채택하지 않는다.,새 모델은 null/unknown; 명시된 별도 승인값이 있을 때만 사용,출처 라벨·단위 테스트가 계수 추정 불확실성을 제공하지 않는다.,오프라인 비교에서 값/경계 변화에 따른 순위·abstention·오판 변화를 평가; 현재 수치로 운영하지 않음.,대상·장소·계절·활동별 자료로 독립 보정과 외부 검증 후 별도 신규 parameter_id에 승인값 기록.,legacy:b160cf1c07cc0f299f9d83839557a1e987c47be4,G_PARAMETER_TRACE:pending;G_RULE_VERIFICATION:pending (비채택 역사 기록; 통과해도 새 모델로 자동 승격하지 않음),L-20,legacy domain.py:154–181;engine.py:72–145,null,새제공자별 발표/validity/freshness정책은 재검증 필요; 원코드 engine.py:33 methodology_version=water-index-v1.0.0 (새 모델 버전 아님)
PAR_LEGACY_SAFETY_REQUIREMENTS,legacy_requirements,활동·환경별 안전필수 그룹,"{""swim_marine_general"":[""access_or_official_entry"",""weather_alert"",""lightning_clearance"",""rip_current"",""water_quality"",""marine_hazard"",""water_temperature""],""swim_marine_family_additions"":[""patrol"",""designated_zone"",""session_adult_supervision""],""swim_inland"":[""access_or_official_entry"",""weather_alert"",""lightning_clearance"",""river_risk"",""water_quality""],""surf"":[""access_or_official_entry"",""weather_alert"",""lightning_clearance"",""rip_current"",""marine_hazard""],""relax_marine"":[""access_or_official_entry"",""weather_alert"",""lightning_clearance"",""marine_hazard""],""mudflat"":[""access_or_official_entry"",""weather_alert"",""lightning_clearance"",""official_tide_window"",""marine_hazard"",""fog"",""designated_route""],""onsen"":[""facility_status"",""hygiene"",""hot_tub_temperature""],""rafting"":[""operator_status"",""weather_alert"",""lightning_clearance"",""river_risk"",""equipment"",""upstream_rain""]}",retired_or_not_adopted,metric_groups,legacy활동·환경,SW04;SW05;SW07;SW09;AC08;AC09;AC10,미검증기존,기존 구현의 역사적 값만 보존한다. 한국 물활동의 정량 타당성이 검증되지 않아 새 모델에 채택하지 않는다.,새 모델은 null/unknown; 명시된 별도 승인값이 있을 때만 사용,출처 라벨·단위 테스트가 계수 추정 불확실성을 제공하지 않는다.,오프라인 비교에서 값/경계 변화에 따른 순위·abstention·오판 변화를 평가; 현재 수치로 운영하지 않음.,대상·장소·계절·활동별 자료로 독립 보정과 외부 검증 후 별도 신규 parameter_id에 승인값 기록.,legacy:b160cf1c07cc0f299f9d83839557a1e987c47be4,G_PARAMETER_TRACE:pending;G_RULE_VERIFICATION:pending (비채택 역사 기록; 통과해도 새 모델로 자동 승격하지 않음),L-12;L-13;L-14;L-15;L-16;L-17;L-18;L-19;L-20,legacy engine.py:148–249,null,접촉4활동에 수질STOP은 있지만 필수수질은swim만인 불일치. 새모델에 그대로채택안함; 원코드 engine.py:33 methodology_version=water-index-v1.0.0 (새 모델 버전 아님)
PAR_LEGACY_OFFICIAL_OPERATION_BLOCK,legacy_safety,현장통제·운영불가 block,"{""official_stop"":""active_true→STOP"",""access"":""closed_or_restricted→STOP"",""operation"":""closed_suspended_restricted→STOP"",""unrecognized"":""UNKNOWN""}",retired_or_not_adopted,status_rules,해당현장·활동,SW08;SW10;AC09,미검증기존,기존 구현의 역사적 값만 보존한다. 한국 물활동의 정량 타당성이 검증되지 않아 새 모델에 채택하지 않는다.,새 모델은 null/unknown; 명시된 별도 승인값이 있을 때만 사용,출처 라벨·단위 테스트가 계수 추정 불확실성을 제공하지 않는다.,오프라인 비교에서 값/경계 변화에 따른 순위·abstention·오판 변화를 평가; 현재 수치로 운영하지 않음.,대상·장소·계절·활동별 자료로 독립 보정과 외부 검증 후 별도 신규 parameter_id에 승인값 기록.,legacy:b160cf1c07cc0f299f9d83839557a1e987c47be4,G_PARAMETER_TRACE:pending;G_RULE_VERIFICATION:pending (비채택 역사 기록; 통과해도 새 모델로 자동 승격하지 않음),L-12,legacy engine.py:289–303,null,문자열alias그대로운영규약으로승격하지 않음; 새설계는타입별공식코드 검수; 원코드 engine.py:33 methodology_version=water-index-v1.0.0 (새 모델 버전 아님)
PAR_LEGACY_LIGHTNING_MINUTES,legacy_safety,마지막천둥 경과 policy,"{""stop_when_lt"":30,""invalid"":""negative/nonfinite/unrecognized→UNKNOWN""}",retired_or_not_adopted,minutes,onsen외 outdoor,SW09,미검증기존,기존 구현의 역사적 값만 보존한다. 한국 물활동의 정량 타당성이 검증되지 않아 새 모델에 채택하지 않는다.,새 모델은 null/unknown; 명시된 별도 승인값이 있을 때만 사용,출처 라벨·단위 테스트가 계수 추정 불확실성을 제공하지 않는다.,오프라인 비교에서 값/경계 변화에 따른 순위·abstention·오판 변화를 평가; 현재 수치로 운영하지 않음.,대상·장소·계절·활동별 자료로 독립 보정과 외부 검증 후 별도 신규 parameter_id에 승인값 기록.,legacy:b160cf1c07cc0f299f9d83839557a1e987c47be4,G_PARAMETER_TRACE:pending;G_RULE_VERIFICATION:pending (비채택 역사 기록; 통과해도 새 모델로 자동 승격하지 않음),L-13,legacy engine.py:304–313,null,같은30분이라도 새정책초안은 별도ID로 한정채택; 원코드 engine.py:33 methodology_version=water-index-v1.0.0 (새 모델 버전 아님)
PAR_LEGACY_WEATHER_MARINE_RULES,legacy_safety,기상·해양 위험 처리,"{""weather_warning_or_emergency"":""STOP"",""weather_advisory_or_watch"":""CAUTION"",""marine_advisory_warning_danger_typhoon_surge_heavy_rain"":""STOP"",""unrecognized"":""UNKNOWN""}",retired_or_not_adopted,category_rules,onsen외 outdoor,SW09;SW10,미검증기존,기존 구현의 역사적 값만 보존한다. 한국 물활동의 정량 타당성이 검증되지 않아 새 모델에 채택하지 않는다.,새 모델은 null/unknown; 명시된 별도 승인값이 있을 때만 사용,출처 라벨·단위 테스트가 계수 추정 불확실성을 제공하지 않는다.,오프라인 비교에서 값/경계 변화에 따른 순위·abstention·오판 변화를 평가; 현재 수치로 운영하지 않음.,대상·장소·계절·활동별 자료로 독립 보정과 외부 검증 후 별도 신규 parameter_id에 승인값 기록.,legacy:b160cf1c07cc0f299f9d83839557a1e987c47be4,G_PARAMETER_TRACE:pending;G_RULE_VERIFICATION:pending (비채택 역사 기록; 통과해도 새 모델로 자동 승격하지 않음),L-12;L-19,legacy engine.py:314–328,null,일반날씨예보가특보없음·낙뢰해제의 근거아님; 원코드 engine.py:33 methodology_version=water-index-v1.0.0 (새 모델 버전 아님)
PAR_LEGACY_RIP_INDEX_THRESHOLDS,legacy_safety,이안류 원지수 경계와 혼재별칭,"{""numeric_range"":[0,120],""stop_gte"":55,""caution_gte"":30,""category_stop"":[""warning"",""danger"",""경계"",""위험"",""3"",""4""],""category_caution"":[""caution"",""주의"",""2""]}",retired_or_not_adopted,official_raw_index/category_mixed,swim/surf,SW08;SW11,미검증기존,기존 구현의 역사적 값만 보존한다. 한국 물활동의 정량 타당성이 검증되지 않아 새 모델에 채택하지 않는다.,새 모델은 null/unknown; 명시된 별도 승인값이 있을 때만 사용,출처 라벨·단위 테스트가 계수 추정 불확실성을 제공하지 않는다.,오프라인 비교에서 값/경계 변화에 따른 순위·abstention·오판 변화를 평가; 현재 수치로 운영하지 않음.,대상·장소·계절·활동별 자료로 독립 보정과 외부 검증 후 별도 신규 parameter_id에 승인값 기록.,legacy:b160cf1c07cc0f299f9d83839557a1e987c47be4,G_PARAMETER_TRACE:pending;G_RULE_VERIFICATION:pending (비채택 역사 기록; 통과해도 새 모델로 자동 승격하지 않음),L-14,legacy engine.py:329–343,null,원지수3과category3을혼동하는경로를보존기록; 새 parser에서 typed distinction필수. threshold임의재사용금지; 원코드 engine.py:33 methodology_version=water-index-v1.0.0 (새 모델 버전 아님)
PAR_LEGACY_FAMILY_WATER_TEMPERATURE,legacy_safety,가족/초급수온 제한,"{""stop_lt"":15,""caution_gte"":15,""caution_lt"":18,""stop_gt"":31}",retired_or_not_adopted,degC,family/beginner/family_swim,SW01;SW02;SW03;SW06,미검증기존,기존 구현의 역사적 값만 보존한다. 한국 물활동의 정량 타당성이 검증되지 않아 새 모델에 채택하지 않는다.,새 모델은 null/unknown; 명시된 별도 승인값이 있을 때만 사용,출처 라벨·단위 테스트가 계수 추정 불확실성을 제공하지 않는다.,오프라인 비교에서 값/경계 변화에 따른 순위·abstention·오판 변화를 평가; 현재 수치로 운영하지 않음.,대상·장소·계절·활동별 자료로 독립 보정과 외부 검증 후 별도 신규 parameter_id에 승인값 기록.,legacy:b160cf1c07cc0f299f9d83839557a1e987c47be4,G_PARAMETER_TRACE:pending;G_RULE_VERIFICATION:pending (비채택 역사 기록; 통과해도 새 모델로 자동 승격하지 않음),L-15,legacy engine.py:344–366,null,제품의보수적정책값; 한국취약군보편안전선아님; 원코드 engine.py:33 methodology_version=water-index-v1.0.0 (새 모델 버전 아님)
PAR_LEGACY_FAMILY_SUPERVISION_RULES,legacy_safety,감독·지정구역·안전요원,"{""patrol_absent"":""CAUTION"",""designated_zone_closed_or_outside"":""STOP"",""arm_reach_adult_supervision_unavailable"":""STOP"",""unknown"":""UNKNOWN""}",retired_or_not_adopted,status_rules,family/beginner/family_swim,,미검증기존,기존 구현의 역사적 값만 보존한다. 한국 물활동의 정량 타당성이 검증되지 않아 새 모델에 채택하지 않는다.,새 모델은 null/unknown; 명시된 별도 승인값이 있을 때만 사용,출처 라벨·단위 테스트가 계수 추정 불확실성을 제공하지 않는다.,오프라인 비교에서 값/경계 변화에 따른 순위·abstention·오판 변화를 평가; 현재 수치로 운영하지 않음.,대상·장소·계절·활동별 자료로 독립 보정과 외부 검증 후 별도 신규 parameter_id에 승인값 기록.,legacy:b160cf1c07cc0f299f9d83839557a1e987c47be4,G_PARAMETER_TRACE:pending;G_RULE_VERIFICATION:pending (비채택 역사 기록; 통과해도 새 모델로 자동 승격하지 않음),L-15,legacy engine.py:367–384,null,감독/요원정책의해당원지침은이번근거표미확보; 문구를법적판정으로사용안함; 원코드 engine.py:33 methodology_version=water-index-v1.0.0 (새 모델 버전 아님)
PAR_LEGACY_WATER_QUALITY_BLOCK,legacy_safety,수질 이용제한 block,"{""fail_closed_unsafe"":""STOP"",""advisory_caution"":""STOP"",""unrecognized"":""UNKNOWN"",""activity_applies"":[""swim"",""surf"",""mudflat"",""rafting""],""required_in_legacy"":[""swim""]}",retired_or_not_adopted,status_rules,물접촉활동,SW04;SW05;SW07,미검증기존,기존 구현의 역사적 값만 보존한다. 한국 물활동의 정량 타당성이 검증되지 않아 새 모델에 채택하지 않는다.,새 모델은 null/unknown; 명시된 별도 승인값이 있을 때만 사용,출처 라벨·단위 테스트가 계수 추정 불확실성을 제공하지 않는다.,오프라인 비교에서 값/경계 변화에 따른 순위·abstention·오판 변화를 평가; 현재 수치로 운영하지 않음.,대상·장소·계절·활동별 자료로 독립 보정과 외부 검증 후 별도 신규 parameter_id에 승인값 기록.,legacy:b160cf1c07cc0f299f9d83839557a1e987c47be4,G_PARAMETER_TRACE:pending;G_RULE_VERIFICATION:pending (비채택 역사 기록; 통과해도 새 모델로 자동 승격하지 않음),L-16,legacy engine.py:385–396,null,실시료threshold아님; DO/pH→병원체pass전환금지; 원코드 engine.py:33 methodology_version=water-index-v1.0.0 (새 모델 버전 아님)
PAR_LEGACY_MUDFLAT_GATES,legacy_safety,공식창·안개·경로 조건,"{""outside_official_window"":""STOP"",""fog_active"":""STOP"",""route_closed_unverified_blocked"":""STOP"",""unrecognized"":""UNKNOWN""}",retired_or_not_adopted,status_rules,mudflat,AC08;AC09,미검증기존,기존 구현의 역사적 값만 보존한다. 한국 물활동의 정량 타당성이 검증되지 않아 새 모델에 채택하지 않는다.,새 모델은 null/unknown; 명시된 별도 승인값이 있을 때만 사용,출처 라벨·단위 테스트가 계수 추정 불확실성을 제공하지 않는다.,오프라인 비교에서 값/경계 변화에 따른 순위·abstention·오판 변화를 평가; 현재 수치로 운영하지 않음.,대상·장소·계절·활동별 자료로 독립 보정과 외부 검증 후 별도 신규 parameter_id에 승인값 기록.,legacy:b160cf1c07cc0f299f9d83839557a1e987c47be4,G_PARAMETER_TRACE:pending;G_RULE_VERIFICATION:pending (비채택 역사 기록; 통과해도 새 모델로 자동 승격하지 않음),L-17,legacy engine.py:404–418,null,미확인과실제폐쇄를별도상태로설계필요; 원코드 engine.py:33 methodology_version=water-index-v1.0.0 (새 모델 버전 아님)
PAR_LEGACY_HOT_TUB_LIMIT,legacy_safety,욕조실측수온 제한,"{""stop_gt"":40,""invalid"":""nonfinite_or_unrecognized→UNKNOWN""}",retired_or_not_adopted,degC,legacy onsen (too broad),SW12;SW13,미검증기존,기존 구현의 역사적 값만 보존한다. 한국 물활동의 정량 타당성이 검증되지 않아 새 모델에 채택하지 않는다.,새 모델은 null/unknown; 명시된 별도 승인값이 있을 때만 사용,출처 라벨·단위 테스트가 계수 추정 불확실성을 제공하지 않는다.,오프라인 비교에서 값/경계 변화에 따른 순위·abstention·오판 변화를 평가; 현재 수치로 운영하지 않음.,대상·장소·계절·활동별 자료로 독립 보정과 외부 검증 후 별도 신규 parameter_id에 승인값 기록.,legacy:b160cf1c07cc0f299f9d83839557a1e987c47be4,G_PARAMETER_TRACE:pending;G_RULE_VERIFICATION:pending (비채택 역사 기록; 통과해도 새 모델로 자동 승격하지 않음),L-18,legacy engine.py:424–433,null,새정책초안은hot tub/spa에만한정하며40이하안전보증아님; 원코드 engine.py:33 methodology_version=water-index-v1.0.0 (새 모델 버전 아님)
PAR_LEGACY_HOT_TUB_HYGIENE,legacy_safety,위생 제한,"{""hygiene_fail_restricted_action"":""STOP"",""unrecognized"":""UNKNOWN""}",retired_or_not_adopted,status_rules,onsen,SW12;SW13,미검증기존,기존 구현의 역사적 값만 보존한다. 한국 물활동의 정량 타당성이 검증되지 않아 새 모델에 채택하지 않는다.,새 모델은 null/unknown; 명시된 별도 승인값이 있을 때만 사용,출처 라벨·단위 테스트가 계수 추정 불확실성을 제공하지 않는다.,오프라인 비교에서 값/경계 변화에 따른 순위·abstention·오판 변화를 평가; 현재 수치로 운영하지 않음.,대상·장소·계절·활동별 자료로 독립 보정과 외부 검증 후 별도 신규 parameter_id에 승인값 기록.,legacy:b160cf1c07cc0f299f9d83839557a1e987c47be4,G_PARAMETER_TRACE:pending;G_RULE_VERIFICATION:pending (비채택 역사 기록; 통과해도 새 모델로 자동 승격하지 않음),L-18,legacy engine.py:419–423,null,공식/시설자료의관할·유효성확인필요; 원코드 engine.py:33 methodology_version=water-index-v1.0.0 (새 모델 버전 아님)
PAR_LEGACY_RAFTING_HAZARD_GATES,legacy_safety,하천·장비·상류강우,"{""river_warning_danger"":""STOP"",""river_caution"":""CAUTION"",""equipment_missing_failed_unavailable"":""STOP"",""upstream_rain_caution_or_higher"":""STOP"",""unrecognized"":""UNKNOWN""}",retired_or_not_adopted,status_rules,rafting;river_risk also swim,AC03;AC04;AC10;SW10,미검증기존,기존 구현의 역사적 값만 보존한다. 한국 물활동의 정량 타당성이 검증되지 않아 새 모델에 채택하지 않는다.,새 모델은 null/unknown; 명시된 별도 승인값이 있을 때만 사용,출처 라벨·단위 테스트가 계수 추정 불확실성을 제공하지 않는다.,오프라인 비교에서 값/경계 변화에 따른 순위·abstention·오판 변화를 평가; 현재 수치로 운영하지 않음.,대상·장소·계절·활동별 자료로 독립 보정과 외부 검증 후 별도 신규 parameter_id에 승인값 기록.,legacy:b160cf1c07cc0f299f9d83839557a1e987c47be4,G_PARAMETER_TRACE:pending;G_RULE_VERIFICATION:pending (비채택 역사 기록; 통과해도 새 모델로 자동 승격하지 않음),L-19,"legacy engine.py:397–403,434–443",null,운영자·구간별위험값미확정; 공통Q추론없음; 원코드 engine.py:33 methodology_version=water-index-v1.0.0 (새 모델 버전 아님)
PAR_LEGACY_DECISION_PRECEDENCE,legacy_decision,판정우선순위·숫자노출,"{""priority"":[""STOP"",""UNKNOWN"",""CAUTION"",""score_evaluation""],""STOP_score"":null,""UNKNOWN_score"":null,""CAUTION_cap"":39,""eligibility"":""safety_clear AND recommended_or_consider""}",retired_or_not_adopted,rule_order,legacyall,,미검증기존,기존 구현의 역사적 값만 보존한다. 한국 물활동의 정량 타당성이 검증되지 않아 새 모델에 채택하지 않는다.,새 모델은 null/unknown; 명시된 별도 승인값이 있을 때만 사용,출처 라벨·단위 테스트가 계수 추정 불확실성을 제공하지 않는다.,오프라인 비교에서 값/경계 변화에 따른 순위·abstention·오판 변화를 평가; 현재 수치로 운영하지 않음.,대상·장소·계절·활동별 자료로 독립 보정과 외부 검증 후 별도 신규 parameter_id에 승인값 기록.,legacy:b160cf1c07cc0f299f9d83839557a1e987c47be4,G_PARAMETER_TRACE:pending;G_RULE_VERIFICATION:pending (비채택 역사 기록; 통과해도 새 모델로 자동 승격하지 않음),L-11;L-12;L-20,legacy engine.py:699–752;domain.py:295–299,null,구조의새설계채택은별도ID; legacy CAUTION숫자cap39는채택안함; 원코드 engine.py:33 methodology_version=water-index-v1.0.0 (새 모델 버전 아님)
PAR_LEGACY_DAILY_REFERENCE_TIME,legacy_aggregation,날짜별평가 기준시각,"{""timezone"":""Asia/Seoul"",""time"":""12:00""}",retired_or_not_adopted,local_clock_time,legacydailyforecast,HC01;HC02;AC10,미검증기존,기존 구현의 역사적 값만 보존한다. 한국 물활동의 정량 타당성이 검증되지 않아 새 모델에 채택하지 않는다.,새 모델은 null/unknown; 명시된 별도 승인값이 있을 때만 사용,출처 라벨·단위 테스트가 계수 추정 불확실성을 제공하지 않는다.,오프라인 비교에서 값/경계 변화에 따른 순위·abstention·오판 변화를 평가; 현재 수치로 운영하지 않음.,대상·장소·계절·활동별 자료로 독립 보정과 외부 검증 후 별도 신규 parameter_id에 승인값 기록.,legacy:b160cf1c07cc0f299f9d83839557a1e987c47be4,G_PARAMETER_TRACE:pending;G_RULE_VERIFICATION:pending (비채택 역사 기록; 통과해도 새 모델로 자동 승격하지 않음),L-07,legacy daily_forecasts.py:50;methodology.md:306–317,null,하루전체/시간별추천의근거아님; 원코드 engine.py:33 methodology_version=water-index-v1.0.0 (새 모델 버전 아님)
PAR_LEGACY_KMA_VALIDITY,legacy_aggregation,KMA관측/예보시간창,"{""observation_minutes"":70,""forecast_hours"":1}",retired_or_not_adopted,minutes/hours,legacyKMA adapter,,미검증기존,기존 구현의 역사적 값만 보존한다. 한국 물활동의 정량 타당성이 검증되지 않아 새 모델에 채택하지 않는다.,새 모델은 null/unknown; 명시된 별도 승인값이 있을 때만 사용,출처 라벨·단위 테스트가 계수 추정 불확실성을 제공하지 않는다.,오프라인 비교에서 값/경계 변화에 따른 순위·abstention·오판 변화를 평가; 현재 수치로 운영하지 않음.,대상·장소·계절·활동별 자료로 독립 보정과 외부 검증 후 별도 신규 parameter_id에 승인값 기록.,legacy:b160cf1c07cc0f299f9d83839557a1e987c47be4,G_PARAMETER_TRACE:pending;G_RULE_VERIFICATION:pending (비채택 역사 기록; 통과해도 새 모델로 자동 승격하지 않음),L-07;L-20,"legacy kma_adapter.py:23–25,114–121",null,유효기간과집계기간을구분; 새provider정책에복제안함; 원코드 engine.py:33 methodology_version=water-index-v1.0.0 (새 모델 버전 아님)
PAR_LEGACY_KHOA_FORECAST_PERIODS,legacy_aggregation,공식반일제품 adapter창,"{""timezone"":""Asia/Seoul"",""am"":[""00:00:00"",""11:59:59.999999""],""pm"":[""12:00:00"",""23:59:59.999999""],""unrecognized"":""no_window""}",retired_or_not_adopted,provider_validity_period,KHOAbeach/surf,,미검증기존,기존 구현의 역사적 값만 보존한다. 한국 물활동의 정량 타당성이 검증되지 않아 새 모델에 채택하지 않는다.,새 모델은 null/unknown; 명시된 별도 승인값이 있을 때만 사용,출처 라벨·단위 테스트가 계수 추정 불확실성을 제공하지 않는다.,오프라인 비교에서 값/경계 변화에 따른 순위·abstention·오판 변화를 평가; 현재 수치로 운영하지 않음.,대상·장소·계절·활동별 자료로 독립 보정과 외부 검증 후 별도 신규 parameter_id에 승인값 기록.,legacy:b160cf1c07cc0f299f9d83839557a1e987c47be4,G_PARAMETER_TRACE:pending;G_RULE_VERIFICATION:pending (비채택 역사 기록; 통과해도 새 모델로 자동 승격하지 않음),L-06;L-07;L-20,legacy khoa_adapter.py:459–474,null,반일값을매시간별정밀예보로확장안함; 원코드 engine.py:33 methodology_version=water-index-v1.0.0 (새 모델 버전 아님)
PAR_LEGACY_MUDFLAT_WINDOW_BOUNDARY,legacy_aggregation,공식체험창 시각처리,"{""timezone"":""Asia/Seoul"",""start_end_equal"":""invalid"",""end_before_start"":""next_day"",""start_end_boundary"":""inclusive"",""unrelated_date"":""UNKNOWN""}",retired_or_not_adopted,provider_clock_window,mudflat,AC08;AC09,미검증기존,기존 구현의 역사적 값만 보존한다. 한국 물활동의 정량 타당성이 검증되지 않아 새 모델에 채택하지 않는다.,새 모델은 null/unknown; 명시된 별도 승인값이 있을 때만 사용,출처 라벨·단위 테스트가 계수 추정 불확실성을 제공하지 않는다.,오프라인 비교에서 값/경계 변화에 따른 순위·abstention·오판 변화를 평가; 현재 수치로 운영하지 않음.,대상·장소·계절·활동별 자료로 독립 보정과 외부 검증 후 별도 신규 parameter_id에 승인값 기록.,legacy:b160cf1c07cc0f299f9d83839557a1e987c47be4,G_PARAMETER_TRACE:pending;G_RULE_VERIFICATION:pending (비채택 역사 기록; 통과해도 새 모델로 자동 승격하지 않음),L-17,legacy khoa_adapter.py:477–492;methodology.md:206–211,null,간조±고정시간계산없음; 원코드 engine.py:33 methodology_version=water-index-v1.0.0 (새 모델 버전 아님)
PAR_LEGACY_ACTIVITY_ENVIRONMENT_MAPPING,legacy_scope,넓은 장소유형별활동 허용,"{""marine_beach"":[""swim"",""surf"",""relax""],""inland_water"":[""swim"",""rafting""],""tidal_flat"":[""mudflat""],""licensed_facility"":[""onsen""],""waterside"":[],""type_aliases"":{""marine_beach"":[""beach"",""sea"",""marine_beach"",""coastal_road""],""inland_water"":[""river"",""valley"",""lake"",""riverside"",""reservoir""],""licensed_facility"":[""hotspring"",""pool"",""waterpark"",""licensed_facility""],""tidal_flat"":[""mudflat"",""tidal_flat""],""fallback"":""waterside""}}",retired_or_not_adopted,mapping,6legacyactivities,AC01;AC08;AC10;HC18,미검증기존,기존 구현의 역사적 값만 보존한다. 한국 물활동의 정량 타당성이 검증되지 않아 새 모델에 채택하지 않는다.,새 모델은 null/unknown; 명시된 별도 승인값이 있을 때만 사용,출처 라벨·단위 테스트가 계수 추정 불확실성을 제공하지 않는다.,오프라인 비교에서 값/경계 변화에 따른 순위·abstention·오판 변화를 평가; 현재 수치로 운영하지 않음.,대상·장소·계절·활동별 자료로 독립 보정과 외부 검증 후 별도 신규 parameter_id에 승인값 기록.,legacy:b160cf1c07cc0f299f9d83839557a1e987c47be4,G_PARAMETER_TRACE:pending;G_RULE_VERIFICATION:pending (비채택 역사 기록; 통과해도 새 모델로 자동 승격하지 않음),L-06;L-07;L-08;L-09;L-10,legacy domain.py:72–83;fusion.py:398–412,null,실제 장소별 지원 확인 아님; lake→rafting/pool→onsen/coastal_road→swim 추론 폐기; 원코드 engine.py:33 methodology_version=water-index-v1.0.0 (새 모델 버전 아님)
PAR_LEGACY_SURF_GRADE_SKILL_SCOPE,legacy_scope,서핑숙련 grade설명 해석,"{""allowed_identity_skills"":[""unspecified"",""beginner"",""intermediate"",""advanced""],""accepted_detail"":{""초중급자에게적합"":[""beginner"",""intermediate""]},""unspecified_or_mismatch"":""score_null""}",retired_or_not_adopted,provider_text→skill_set,KHOAsurf,AC01;AC02;AC11,미검증기존,기존 구현의 역사적 값만 보존한다. 한국 물활동의 정량 타당성이 검증되지 않아 새 모델에 채택하지 않는다.,새 모델은 null/unknown; 명시된 별도 승인값이 있을 때만 사용,출처 라벨·단위 테스트가 계수 추정 불확실성을 제공하지 않는다.,오프라인 비교에서 값/경계 변화에 따른 순위·abstention·오판 변화를 평가; 현재 수치로 운영하지 않음.,대상·장소·계절·활동별 자료로 독립 보정과 외부 검증 후 별도 신규 parameter_id에 승인값 기록.,legacy:b160cf1c07cc0f299f9d83839557a1e987c47be4,G_PARAMETER_TRACE:pending;G_RULE_VERIFICATION:pending (비채택 역사 기록; 통과해도 새 모델로 자동 승격하지 않음),L-06,"legacy surf_skill.py:12–33,44–117",null,advanced표시가advancedscore지원아님; 새parserproviderrevision검수전보류; 원코드 engine.py:33 methodology_version=water-index-v1.0.0 (새 모델 버전 아님)
PAR_LEGACY_DERIVED_MAX_AGE,legacy_freshness,producer신선도상수,"{""hci_hours"":3,""facility_minutes"":30,""flow_minutes"":15}",retired_or_not_adopted,hours/minutes,legacyderived,,미검증기존,기존 구현의 역사적 값만 보존한다. 한국 물활동의 정량 타당성이 검증되지 않아 새 모델에 채택하지 않는다.,새 모델은 null/unknown; 명시된 별도 승인값이 있을 때만 사용,출처 라벨·단위 테스트가 계수 추정 불확실성을 제공하지 않는다.,오프라인 비교에서 값/경계 변화에 따른 순위·abstention·오판 변화를 평가; 현재 수치로 운영하지 않음.,대상·장소·계절·활동별 자료로 독립 보정과 외부 검증 후 별도 신규 parameter_id에 승인값 기록.,legacy:b160cf1c07cc0f299f9d83839557a1e987c47be4,G_PARAMETER_TRACE:pending;G_RULE_VERIFICATION:pending (비채택 역사 기록; 통과해도 새 모델로 자동 승격하지 않음),L-07;L-09;L-10;L-20,legacy derived.py:39–42,null,신선도상수는모델타당성임계가아님; 원코드 engine.py:33 methodology_version=water-index-v1.0.0 (새 모델 버전 아님)
PAR_LEGACY_HCI_TEST_VECTORS,legacy_fixture,세회귀벡터 기대점수,"[{""humidex"":29,""cloud_pct"":20,""daily_mm"":0,""wind_kmh"":5,""expected"":100},{""humidex"":24,""cloud_pct"":70,""daily_mm"":4,""wind_kmh"":25,""expected"":66},{""humidex"":29,""cloud_pct"":100,""daily_mm"":30,""wind_kmh"":75,""expected"":15}]",retired_or_not_adopted,mixed→points,legacyHCItest,,미검증기존,기존 구현의 역사적 값만 보존한다. 한국 물활동의 정량 타당성이 검증되지 않아 새 모델에 채택하지 않는다.,새 모델은 null/unknown; 명시된 별도 승인값이 있을 때만 사용,출처 라벨·단위 테스트가 계수 추정 불확실성을 제공하지 않는다.,오프라인 비교에서 값/경계 변화에 따른 순위·abstention·오판 변화를 평가; 현재 수치로 운영하지 않음.,대상·장소·계절·활동별 자료로 독립 보정과 외부 검증 후 별도 신규 parameter_id에 승인값 기록.,legacy:b160cf1c07cc0f299f9d83839557a1e987c47be4,G_PARAMETER_TRACE:pending;G_RULE_VERIFICATION:pending (비채택 역사 기록; 통과해도 새 모델로 자동 승격하지 않음),L-07,legacy conditions/test_water_index.py:228–250,null,개발자가구성한회귀fixture; 원논문검증표본/새offline정답으로자동채택안함; 원코드 engine.py:33 methodology_version=water-index-v1.0.0 (새 모델 버전 아님)
PAR_LEGACY_RAFTING_TEST_THRESHOLDS,legacy_fixture,유량 fixture 예시,"[10,20,30,40]",retired_or_not_adopted,m3/s,legacytests,,미검증기존,기존 구현의 역사적 값만 보존한다. 한국 물활동의 정량 타당성이 검증되지 않아 새 모델에 채택하지 않는다.,새 모델은 null/unknown; 명시된 별도 승인값이 있을 때만 사용,출처 라벨·단위 테스트가 계수 추정 불확실성을 제공하지 않는다.,오프라인 비교에서 값/경계 변화에 따른 순위·abstention·오판 변화를 평가; 현재 수치로 운영하지 않음.,대상·장소·계절·활동별 자료로 독립 보정과 외부 검증 후 별도 신규 parameter_id에 승인값 기록.,legacy:b160cf1c07cc0f299f9d83839557a1e987c47be4,G_PARAMETER_TRACE:pending;G_RULE_VERIFICATION:pending (비채택 역사 기록; 통과해도 새 모델로 자동 승격하지 않음),L-10,research legacy_audit.md:122,null,현장Q아님; 테스트샘플그대로운영반영금지; 원코드 engine.py:33 methodology_version=water-index-v1.0.0 (새 모델 버전 아님)
PAR_PUBLIC_DEFAULT,design_invariant,미구현 기본 모델의 공개 반환값,"{""model_status"":""unimplemented"",""environment_score"":null,""preference_status"":""not_modelled"",""preference_score"":null,""preference_ranking"":null,""recommendation_ranking"":null}",adopted_design_constraint,not_applicable,공통 설계,,설계가정,자료 의미와 평가 가능 범위를 명시하기 위한 설계 결정이다. 문헌에서 추정한 계수로 주장하지 않는다.,별도 근거·승인·버전으로 대안을 기록; 조용한 기본값 대체 금지,수치 효과 추정 항목이 아니다. 구현과 표시가 아직 검증되지 않은 설계 불변조건이다.,validation_plan.md의 경계·결측·시간·범위 사례와 실제 장애 패턴을 확인한다.,계수 보정 대상 아님; 후속 구현 시 명세·상태 전이 검증 및 범위 승인 필요.,pongdang-water-assessment@0.1.0-draft;params.0.1.0-draft,G_PARAMETER_TRACE:pending;G_RULE_VERIFICATION:pending;G_FE_RELEASE:pending,,canonical_contract.md,null,현재 자체 점수·추천은 미구현. 라이브 서버가 이 새 DTO를 반환한다는 뜻은 아님.
PAR_OUTCOME_SEPARATION,design_invariant,A/B1/B2/C 결과를 별도 관리,"{""outcomes"":[""thermal_sensation"",""thermal_comfort"",""satisfaction"",""stated_preference"",""observed_behavior"",""operational_restriction""],""pooled_default"":false}",adopted_design_constraint,not_applicable,공통 설계,HC02;HC06;HC09;HC18;SW01;AC01;AC02;KR01,설계가정,자료 의미와 평가 가능 범위를 명시하기 위한 설계 결정이다. 문헌에서 추정한 계수로 주장하지 않는다.,별도 근거·승인·버전으로 대안을 기록; 조용한 기본값 대체 금지,수치 효과 추정 항목이 아니다. 구현과 표시가 아직 검증되지 않은 설계 불변조건이다.,validation_plan.md의 경계·결측·시간·범위 사례와 실제 장애 패턴을 확인한다.,계수 보정 대상 아님; 후속 구현 시 명세·상태 전이 검증 및 범위 승인 필요.,pongdang-water-assessment@0.1.0-draft;params.0.1.0-draft,G_PARAMETER_TRACE:pending;G_RULE_VERIFICATION:pending;G_FE_RELEASE:pending,,canonical_contract.md,null,
PAR_SAFETY_NON_COMPENSATION,design_invariant,좋은 환경으로 확인된 금지를 상쇄하지 않음,"{""support_supported_and_applicable_block"":""restricted"",""comfort_offset_allowed"":false}",adopted_design_constraint,not_applicable,공통 설계,SW08;SW09;SW10;SW12;AC08;AC09,설계가정,자료 의미와 평가 가능 범위를 명시하기 위한 설계 결정이다. 문헌에서 추정한 계수로 주장하지 않는다.,별도 근거·승인·버전으로 대안을 기록; 조용한 기본값 대체 금지,수치 효과 추정 항목이 아니다. 구현과 표시가 아직 검증되지 않은 설계 불변조건이다.,validation_plan.md의 경계·결측·시간·범위 사례와 실제 장애 패턴을 확인한다.,계수 보정 대상 아님; 후속 구현 시 명세·상태 전이 검증 및 범위 승인 필요.,pongdang-water-assessment@0.1.0-draft;params.0.1.0-draft,G_PARAMETER_TRACE:pending;G_RULE_VERIFICATION:pending;G_FE_RELEASE:pending,,canonical_contract.md,null,
PAR_SAFETY_KNOWLEDGE_ORDER,design_invariant,금지/미확인/주의/확인범위의 제한부재 순서,"{""supported_priority"":[""restricted"",""unknown"",""caution"",""no_known_restriction""],""support_not_supported"":""not_assessed"",""preserve_known_warnings"":true}",adopted_design_constraint,not_applicable,공통 설계,SW07;SW08;SW09;SW11,설계가정,자료 의미와 평가 가능 범위를 명시하기 위한 설계 결정이다. 문헌에서 추정한 계수로 주장하지 않는다.,별도 근거·승인·버전으로 대안을 기록; 조용한 기본값 대체 금지,수치 효과 추정 항목이 아니다. 구현과 표시가 아직 검증되지 않은 설계 불변조건이다.,validation_plan.md의 경계·결측·시간·범위 사례와 실제 장애 패턴을 확인한다.,계수 보정 대상 아님; 후속 구현 시 명세·상태 전이 검증 및 범위 승인 필요.,pongdang-water-assessment@0.1.0-draft;params.0.1.0-draft,G_PARAMETER_TRACE:pending;G_RULE_VERIFICATION:pending;G_FE_RELEASE:pending,,canonical_contract.md,null,공식 자료 부재는 제한 부재가 아니다. no_known_restriction은 safe/사고확률0을 뜻하지 않음.
PAR_SAFETY_CHECK_NONEMPTY,design_invariant,필수 확인목록 비어 있음으로 완료를 만들지 않음,"{""approved_required_checks"":""non_empty"",""empty_or_unapproved_required_complete"":false,""empty_or_unapproved_quality_sufficient"":false}",adopted_design_constraint,not_applicable,공통 설계,SW07;SW08;AC08,설계가정,자료 의미와 평가 가능 범위를 명시하기 위한 설계 결정이다. 문헌에서 추정한 계수로 주장하지 않는다.,별도 근거·승인·버전으로 대안을 기록; 조용한 기본값 대체 금지,수치 효과 추정 항목이 아니다. 구현과 표시가 아직 검증되지 않은 설계 불변조건이다.,validation_plan.md의 경계·결측·시간·범위 사례와 실제 장애 패턴을 확인한다.,계수 보정 대상 아님; 후속 구현 시 명세·상태 전이 검증 및 범위 승인 필요.,pongdang-water-assessment@0.1.0-draft;params.0.1.0-draft,G_PARAMETER_TRACE:pending;G_RULE_VERIFICATION:pending;G_FE_RELEASE:pending,,canonical_contract.md,null,
PAR_PUBLIC_SCORE_WITHHOLD,design_invariant,지원/안전 미확인 또는 제한시 공개점수 보류,"{""support_not_supported"":""score_null"",""safety_in"":[""restricted"",""unknown"",""not_assessed""],""action"":""score_null"",""safety_caution"":""conditional_information_only""}",adopted_design_constraint,not_applicable,공통 설계,SW08;SW09;SW10,설계가정,자료 의미와 평가 가능 범위를 명시하기 위한 설계 결정이다. 문헌에서 추정한 계수로 주장하지 않는다.,별도 근거·승인·버전으로 대안을 기록; 조용한 기본값 대체 금지,수치 효과 추정 항목이 아니다. 구현과 표시가 아직 검증되지 않은 설계 불변조건이다.,validation_plan.md의 경계·결측·시간·범위 사례와 실제 장애 패턴을 확인한다.,계수 보정 대상 아님; 후속 구현 시 명세·상태 전이 검증 및 범위 승인 필요.,pongdang-water-assessment@0.1.0-draft;params.0.1.0-draft,G_PARAMETER_TRACE:pending;G_RULE_VERIFICATION:pending;G_FE_RELEASE:pending,,canonical_contract.md,null,안전 caution에서도 숫자는 별도 검증된 환경 모델이 있을 때만 가능. 현재 항상 null.
PAR_RECOMMENDATION_ROUTING,design_invariant,상태 기반 안내 라우팅,"{""ordered_rules"":[[""support.unsupported"",""not_supported""],[""support.unknown"",""check_required""],[""safety.restricted"",""do_not_proceed""],[""safety.unknown_or_not_assessed"",""check_required""],[""safety.caution"",""conditional_information""],[""environment.unevaluated_or_outside_coverage"",""unavailable""],[""otherwise"",""information_only""]]}",adopted_design_constraint,not_applicable,공통 설계,SW08;SW09;SW10;SW12,설계가정,자료 의미와 평가 가능 범위를 명시하기 위한 설계 결정이다. 문헌에서 추정한 계수로 주장하지 않는다.,별도 근거·승인·버전으로 대안을 기록; 조용한 기본값 대체 금지,수치 효과 추정 항목이 아니다. 구현과 표시가 아직 검증되지 않은 설계 불변조건이다.,validation_plan.md의 경계·결측·시간·범위 사례와 실제 장애 패턴을 확인한다.,계수 보정 대상 아님; 후속 구현 시 명세·상태 전이 검증 및 범위 승인 필요.,pongdang-water-assessment@0.1.0-draft;params.0.1.0-draft,G_PARAMETER_TRACE:pending;G_RULE_VERIFICATION:pending;G_FE_RELEASE:pending,,canonical_contract.md,null,선호 순위/추천 확률 계산기가 아니라 UI 설명 정책.
PAR_CROSS_ACTIVITY_COMPARISON,design_invariant,공동 척도 미검증 활동 간 비교 금지,"{""comparison_scope"":null,""ranking"":null,""common_utility_transform"":null}",adopted_design_constraint,not_applicable,공통 설계,HC02;HC18;AC02;AC03;AC04;KR01,설계가정,자료 의미와 평가 가능 범위를 명시하기 위한 설계 결정이다. 문헌에서 추정한 계수로 주장하지 않는다.,별도 근거·승인·버전으로 대안을 기록; 조용한 기본값 대체 금지,수치 효과 추정 항목이 아니다. 구현과 표시가 아직 검증되지 않은 설계 불변조건이다.,validation_plan.md의 경계·결측·시간·범위 사례와 실제 장애 패턴을 확인한다.,계수 보정 대상 아님; 후속 구현 시 명세·상태 전이 검증 및 범위 승인 필요.,pongdang-water-assessment@0.1.0-draft;params.0.1.0-draft,G_PARAMETER_TRACE:pending;G_RULE_VERIFICATION:pending;G_FE_RELEASE:pending,,canonical_contract.md,null,
PAR_NULL_NOT_ZERO,design_invariant,계산 불가와 실제 숫자0 구분,"{""missing_imputation"":null,""valid_numeric_zero"":""evaluated"",""public_score_alias"":""environment.score""}",adopted_design_constraint,not_applicable,공통 설계,,설계가정,자료 의미와 평가 가능 범위를 명시하기 위한 설계 결정이다. 문헌에서 추정한 계수로 주장하지 않는다.,별도 근거·승인·버전으로 대안을 기록; 조용한 기본값 대체 금지,수치 효과 추정 항목이 아니다. 구현과 표시가 아직 검증되지 않은 설계 불변조건이다.,validation_plan.md의 경계·결측·시간·범위 사례와 실제 장애 패턴을 확인한다.,계수 보정 대상 아님; 후속 구현 시 명세·상태 전이 검증 및 범위 승인 필요.,pongdang-water-assessment@0.1.0-draft;params.0.1.0-draft,G_PARAMETER_TRACE:pending;G_RULE_VERIFICATION:pending;G_FE_RELEASE:pending,,canonical_contract.md,null,결측 중간값50 또는 기본점수0 없음.
PAR_NO_WEIGHT_REDISTRIBUTION,design_invariant,선택 결측에 따른 가중치 재분배 금지,"{""redistribute_missing_weight"":false,""used_optional_input_limits_validity"":true}",adopted_design_constraint,not_applicable,공통 설계,HC01;HC08,설계가정,자료 의미와 평가 가능 범위를 명시하기 위한 설계 결정이다. 문헌에서 추정한 계수로 주장하지 않는다.,별도 근거·승인·버전으로 대안을 기록; 조용한 기본값 대체 금지,수치 효과 추정 항목이 아니다. 구현과 표시가 아직 검증되지 않은 설계 불변조건이다.,validation_plan.md의 경계·결측·시간·범위 사례와 실제 장애 패턴을 확인한다.,계수 보정 대상 아님; 후속 구현 시 명세·상태 전이 검증 및 범위 승인 필요.,pongdang-water-assessment@0.1.0-draft;params.0.1.0-draft,G_PARAMETER_TRACE:pending;G_RULE_VERIFICATION:pending;G_FE_RELEASE:pending,,canonical_contract.md,null,검증된 별도 축소모델이 있으면 모델 ID·버전을 바꿔 명시적으로 선택한다.
PAR_SUPPORT_EVIDENCE_POLICY,design_invariant,장소 유형을 지원 활동으로 자동 변환하지 않음,"{""support_requires"":[""spot_id"",""activity"",""area_or_route"",""operator_or_authority"",""evidence_ref"",""valid_window"",""mapping_version""],""type_only_support"":false}",adopted_design_constraint,not_applicable,공통 설계,AC03;AC04;AC08;AC09;AC11,설계가정,자료 의미와 평가 가능 범위를 명시하기 위한 설계 결정이다. 문헌에서 추정한 계수로 주장하지 않는다.,별도 근거·승인·버전으로 대안을 기록; 조용한 기본값 대체 금지,수치 효과 추정 항목이 아니다. 구현과 표시가 아직 검증되지 않은 설계 불변조건이다.,validation_plan.md의 경계·결측·시간·범위 사례와 실제 장애 패턴을 확인한다.,계수 보정 대상 아님; 후속 구현 시 명세·상태 전이 검증 및 범위 승인 필요.,pongdang-water-assessment@0.1.0-draft;params.0.1.0-draft,G_SUPPORT:pending;G_INPUT_CONTRACT:pending;G_RULE_VERIFICATION:pending,,canonical_contract.md,null,
PAR_TIME_INTERVAL_SEMANTICS,design_invariant,시간 평가 대상과 자료 집계를 구분,"{""interval"":""[start_at,end_at)"",""timezone"":""place_IANA_timezone"",""offset_required"":true,""aggregation_not_inferred_from_validity"":true}",adopted_design_constraint,not_applicable,공통 설계,HC01;AC10,설계가정,자료 의미와 평가 가능 범위를 명시하기 위한 설계 결정이다. 문헌에서 추정한 계수로 주장하지 않는다.,별도 근거·승인·버전으로 대안을 기록; 조용한 기본값 대체 금지,수치 효과 추정 항목이 아니다. 구현과 표시가 아직 검증되지 않은 설계 불변조건이다.,validation_plan.md의 경계·결측·시간·범위 사례와 실제 장애 패턴을 확인한다.,계수 보정 대상 아님; 후속 구현 시 명세·상태 전이 검증 및 범위 승인 필요.,pongdang-water-assessment@0.1.0-draft;params.0.1.0-draft,G_PARAMETER_TRACE:pending;G_RULE_VERIFICATION:pending;G_FE_RELEASE:pending,,canonical_contract.md,null,
PAR_AS_OF_KNOWLEDGE_POLICY,design_invariant,과거 계산의 지식 시점과 수정본 보존,"{""fetched_at_lte_as_of"":true,""observations_observed_at_lte_as_of"":true,""known_issued_at_lte_as_of"":true,""missing_issue_time"":null,""history_requires_immutable_manifest"":true}",adopted_design_constraint,not_applicable,공통 설계,,설계가정,자료 의미와 평가 가능 범위를 명시하기 위한 설계 결정이다. 문헌에서 추정한 계수로 주장하지 않는다.,별도 근거·승인·버전으로 대안을 기록; 조용한 기본값 대체 금지,수치 효과 추정 항목이 아니다. 구현과 표시가 아직 검증되지 않은 설계 불변조건이다.,validation_plan.md의 경계·결측·시간·범위 사례와 실제 장애 패턴을 확인한다.,계수 보정 대상 아님; 후속 구현 시 명세·상태 전이 검증 및 범위 승인 필요.,pongdang-water-assessment@0.1.0-draft;params.0.1.0-draft,G_PARAMETER_TRACE:pending;G_RULE_VERIFICATION:pending;G_FE_RELEASE:pending,,canonical_contract.md,null,이 조건만으로 과거 재현 충분성을 보증하지 않음. 매핑/메타데이터 이력이 필요.
PAR_VALIDITY_INTERSECTION,design_invariant,실제 사용한 근거 유효창의 교집합만 반환,"{""direct_input_applicability"":""verified_raw_or_recipe_derived_inputs"",""valid_from"":""maximum_direct_input_and_policy_applicable_starts"",""valid_until"":""minimum_direct_input_and_policy_applicable_ends"",""empty_intersection"":""not_evaluable"",""used_optional_included"":true,""raw_sample_validity_intersection_before_aggregation"":false}",adopted_design_constraint,not_applicable,공통 설계,HC01;SW07;AC10,설계가정,자료 의미와 평가 가능 범위를 명시하기 위한 설계 결정이다. 문헌에서 추정한 계수로 주장하지 않는다.,별도 근거·승인·버전으로 대안을 기록; 조용한 기본값 대체 금지,수치 효과 추정 항목이 아니다. 구현과 표시가 아직 검증되지 않은 설계 불변조건이다.,validation_plan.md의 경계·결측·시간·범위 사례와 실제 장애 패턴을 확인한다.,계수 보정 대상 아님; 후속 구현 시 명세·상태 전이 검증 및 범위 승인 필요.,pongdang-water-assessment@0.1.0-draft;params.0.1.0-draft,G_PARAMETER_TRACE:pending;G_RULE_VERIFICATION:pending;G_FE_RELEASE:pending,,canonical_contract.md,null,집계값은 승인 recipe가 원시 표본의 집계기간·coverage·대표성을 먼저 검수해 생성한다.합산/평균에쓰인모든원시표본의순간validity를교집합해일집계를불가능하게하는규칙이아님.집계파생값과원시계보를둘다보존.
PAR_ACTUAL_FORECAST_COVERAGE,design_invariant,제공된 예보 대상 창만 사용,"{""source"":""actual_preserved_provider_model_variable_windows"",""synthetic_empty_dates"":false,""replicate_halfday_as_hourly"":false,""default_horizon_days"":null}",adopted_design_constraint,not_applicable,공통 설계,HC01;AC10,설계가정,자료 의미와 평가 가능 범위를 명시하기 위한 설계 결정이다. 문헌에서 추정한 계수로 주장하지 않는다.,별도 근거·승인·버전으로 대안을 기록; 조용한 기본값 대체 금지,수치 효과 추정 항목이 아니다. 구현과 표시가 아직 검증되지 않은 설계 불변조건이다.,validation_plan.md의 경계·결측·시간·범위 사례와 실제 장애 패턴을 확인한다.,계수 보정 대상 아님; 후속 구현 시 명세·상태 전이 검증 및 범위 승인 필요.,pongdang-water-assessment@0.1.0-draft;params.0.1.0-draft,G_PARAMETER_TRACE:pending;G_RULE_VERIFICATION:pending;G_FE_RELEASE:pending,,canonical_contract.md,null,조회창31일과 예보제공기간은 무관.
PAR_DATA_QUALITY_COUNTS,design_invariant,품질 상태를 확인항목 개수와 구체 사유로 표시,"{""measures"":[""required_total"",""required_usable"",""optional_total"",""optional_usable""],""confidence_probability"":null,""weighted_quality_score"":null}",adopted_design_constraint,not_applicable,공통 설계,,설계가정,자료 의미와 평가 가능 범위를 명시하기 위한 설계 결정이다. 문헌에서 추정한 계수로 주장하지 않는다.,별도 근거·승인·버전으로 대안을 기록; 조용한 기본값 대체 금지,수치 효과 추정 항목이 아니다. 구현과 표시가 아직 검증되지 않은 설계 불변조건이다.,validation_plan.md의 경계·결측·시간·범위 사례와 실제 장애 패턴을 확인한다.,계수 보정 대상 아님; 후속 구현 시 명세·상태 전이 검증 및 범위 승인 필요.,pongdang-water-assessment@0.1.0-draft;params.0.1.0-draft,G_PARAMETER_TRACE:pending;G_RULE_VERIFICATION:pending;G_FE_RELEASE:pending,,canonical_contract.md,null,자료가 모두 있어도 과학 모델 검증 완료를 의미하지 않음.
PAR_THERMAL_DOUBLE_COUNT_POLICY,design_invariant,원시 기온/RH와 파생 열지수의 중복 기본 가중 금지,"{""default_joint_weighting"":false,""candidates"":[""raw_temperature_and_RH"",""verified_thermal_index""],""extra_terms_need_separate_validation"":true}",adopted_design_constraint,not_applicable,공통 설계,HC08;HC01;SW01;SW03,설계가정,자료 의미와 평가 가능 범위를 명시하기 위한 설계 결정이다. 문헌에서 추정한 계수로 주장하지 않는다.,별도 근거·승인·버전으로 대안을 기록; 조용한 기본값 대체 금지,수치 효과 추정 항목이 아니다. 구현과 표시가 아직 검증되지 않은 설계 불변조건이다.,validation_plan.md의 경계·결측·시간·범위 사례와 실제 장애 패턴을 확인한다.,계수 보정 대상 아님; 후속 구현 시 명세·상태 전이 검증 및 범위 승인 필요.,pongdang-water-assessment@0.1.0-draft;params.0.1.0-draft,G_PARAMETER_TRACE:pending;G_RULE_VERIFICATION:pending;G_FE_RELEASE:pending,,canonical_contract.md,null,
PAR_PUBLIC_MODEL_ALLOWLIST,design_invariant,오프라인 실험모델 공개 활성화 차단,"{""public_query_cannot_enable_experimental"":true,""registry_required"":true,""fallback_synthetic_or_legacy"":false}",adopted_design_constraint,not_applicable,공통 설계,,설계가정,자료 의미와 평가 가능 범위를 명시하기 위한 설계 결정이다. 문헌에서 추정한 계수로 주장하지 않는다.,별도 근거·승인·버전으로 대안을 기록; 조용한 기본값 대체 금지,수치 효과 추정 항목이 아니다. 구현과 표시가 아직 검증되지 않은 설계 불변조건이다.,validation_plan.md의 경계·결측·시간·범위 사례와 실제 장애 패턴을 확인한다.,계수 보정 대상 아님; 후속 구현 시 명세·상태 전이 검증 및 범위 승인 필요.,pongdang-water-assessment@0.1.0-draft;params.0.1.0-draft,G_PARAMETER_TRACE:pending;G_RULE_VERIFICATION:pending;G_FE_RELEASE:pending,,canonical_contract.md,null,문서 예시나 실험모델은 제품 관측자료가 아님.
PAR_HCI_SCOPE,hci_experimental,오프라인 일별 해변 관광 기후 대리지표의 범위,"{""activity_proxy"":""daily_beach_tourism_climate"",""execution"":""offline_only_after_parameter_QA"",""not_outcomes"":[""individual_swim_choice"",""safety_probability"",""cross_activity_preference""]}",experimental_offline,not_applicable,일별 beach climate proxy; 한국 개인 활동·시간대 추천 아님,HC01;HC02;HC03;HC04;HC10;HC11;HC14,연구종합,자료 의미와 평가 가능 범위를 명시하기 위한 설계 결정이다. 문헌에서 추정한 계수로 주장하지 않는다.,별도 근거·승인·버전으로 대안을 기록; 조용한 기본값 대체 금지,한국 대상/장소/계절의 수치적 타당성은 아직 검증되지 않았다.,validation_plan.md의 경계·결측·시간·범위 사례와 실제 장애 패턴을 확인한다.,승인 대상과 적용 범위·결정자·날짜를 기록하고 필요한 경우 한국 자료로 보정한다.,hci-beach-reproduction@0.1.0-experimental-draft;params.0.1.0-draft,G_PARAMETER_TRACE:pending;G_RULE_VERIFICATION:pending,,canonical_contract.md,null,원표 전사/열지수 방법 검수 미완료: 현재 실행불가.
PAR_HCI_WEIGHTS,hci_experimental,원HCI:Beach 결합식의 재현 계수,"{""TC"":2,""A"":4,""P"":3,""W"":1,""formula"":""2*TC+4*A+3*P+W""}",experimental_offline,rating_coefficient,원HCI 일별 관광기후지수,HC01,원문직접,HC01 §3–4 Tables2–6의 명세식 확인. 회귀에서 추정한 한국 효용 가중치가 아니다.,별도 근거·승인·버전으로 대안을 기록; 조용한 기본값 대체 금지,한국 대상/장소/계절의 수치적 타당성은 아직 검증되지 않았다.,validation_plan.md의 경계·결측·시간·범위 사례와 실제 장애 패턴을 확인한다.,승인 대상과 적용 범위·결정자·날짜를 기록하고 필요한 경우 한국 자료로 보정한다.,hci-beach-reproduction@0.1.0-experimental-draft;params.0.1.0-draft,G_PARAMETER_TRACE:pending;G_RULE_VERIFICATION:pending,,evidence_matrix.csv HC01; Rutty2020 §3–4 Tables2–6,null,표준화 표현20/40/30/10과 계수2/4/3/1을 구분한다. 원표가 미확정이라 이 식만으로 실행하지 않음.
PAR_HCI_INPUT_DEFINITIONS,hci_experimental,원HCI 일별 입력 정의,"{""thermal_inputs"":{""air_temperature"":""daily_maximum_degC"",""relative_humidity"":""daily_mean_percent"",""derived_index"":""Humidex""},""aesthetic"":""cloud_cover_percent"",""precipitation"":""daily_total_mm"",""wind"":""mean_km_per_h"",""output_aggregation"":""daily""}",experimental_offline,not_applicable,원문 일집계 재현 후보,HC01,원문직접,자료 의미와 평가 가능 범위를 명시하기 위한 설계 결정이다. 문헌에서 추정한 계수로 주장하지 않는다.,별도 근거·승인·버전으로 대안을 기록; 조용한 기본값 대체 금지,한국 대상/장소/계절의 수치적 타당성은 아직 검증되지 않았다.,validation_plan.md의 경계·결측·시간·범위 사례와 실제 장애 패턴을 확인한다.,승인 대상과 적용 범위·결정자·날짜를 기록하고 필요한 경우 한국 자료로 보정한다.,hci-beach-reproduction@0.1.0-experimental-draft;params.0.1.0-draft,G_INPUT_CONTRACT:pending;G_PARAMETER_TRACE:pending;G_RULE_VERIFICATION:pending,,evidence_matrix.csv HC01; Rutty2020 §3–4 Tables2–6,null,"평균의 표본/coverage, 정확한 일 경계, CC 집계 상세는 별도 미정항목. 순간T/RH/풍속을 일집계라고 하지 않음."
PAR_HCI_SCORE_SEMANTICS,hci_experimental,지수 해석의 한계,"{""intended_display_scale"":""index_0_100"",""meaning"":""heuristic_climate_index"",""is_probability"":false,""raw_value_preserved"":true}",experimental_offline,not_applicable,오프라인 HCI만,HC01;HC02,연구종합,자료 의미와 평가 가능 범위를 명시하기 위한 설계 결정이다. 문헌에서 추정한 계수로 주장하지 않는다.,별도 근거·승인·버전으로 대안을 기록; 조용한 기본값 대체 금지,한국 대상/장소/계절의 수치적 타당성은 아직 검증되지 않았다.,validation_plan.md의 경계·결측·시간·범위 사례와 실제 장애 패턴을 확인한다.,승인 대상과 적용 범위·결정자·날짜를 기록하고 필요한 경우 한국 자료로 보정한다.,hci-beach-reproduction@0.1.0-experimental-draft;params.0.1.0-draft,G_PARAMETER_TRACE:pending;G_RULE_VERIFICATION:pending,,canonical_contract.md,null,0/100은 만족·참여·안전확률이 아님. clip/rounding 규칙은 별도 unresolved.
PAR_HCI_COMPONENT_TABLE_TRANSCRIPTION,hci_unresolved,원문 Tables3–6 모든 band/rating/endpoint의 실행용 전사,null,unresolved,component_rating,오프라인 HCI 원표 재현 또는 명시된 별도 mixed 후보,HC01,설계가정,근거표는 이 실행 세부값을 검수 완료한 구조로 제공하지 않는다. 정확한 원문/자료 계약 검수 전 수치화하지 않는다.,별도 근거·승인·버전으로 대안을 기록; 조용한 기본값 대체 금지,한국 대상/장소/계절의 수치적 타당성은 아직 검증되지 않았다.,validation_plan.md의 경계·결측·시간·범위 사례와 실제 장애 패턴을 확인한다.,승인 대상과 적용 범위·결정자·날짜를 기록하고 필요한 경우 한국 자료로 보정한다.,hci-beach-reproduction@0.1.0-experimental-draft;params.0.1.0-draft,G_INPUT_CONTRACT:pending;G_PARAMETER_TRACE:pending;G_RULE_VERIFICATION:pending,,evidence_matrix.csv HC01; model_spec.md §6,null,legacy 표를 자동 승격하지 않음; 전사값 현재 null
PAR_HCI_THERMAL_METHOD,hci_unresolved,원Humidex 계산법·상수·유효 입력범위의 정확한 방법,null,unresolved,Humidex_scale,오프라인 HCI 원표 재현 또는 명시된 별도 mixed 후보,HC01,설계가정,근거표는 이 실행 세부값을 검수 완료한 구조로 제공하지 않는다. 정확한 원문/자료 계약 검수 전 수치화하지 않는다.,별도 근거·승인·버전으로 대안을 기록; 조용한 기본값 대체 금지,한국 대상/장소/계절의 수치적 타당성은 아직 검증되지 않았다.,validation_plan.md의 경계·결측·시간·범위 사례와 실제 장애 패턴을 확인한다.,승인 대상과 적용 범위·결정자·날짜를 기록하고 필요한 경우 한국 자료로 보정한다.,hci-beach-reproduction@0.1.0-experimental-draft;params.0.1.0-draft,G_INPUT_CONTRACT:pending;G_PARAMETER_TRACE:pending;G_RULE_VERIFICATION:pending,,evidence_matrix.csv HC01; model_spec.md §6,null,legacy Humidex/Magnus 상수는 미검증기존별도행
PAR_HCI_DAY_BOUNDARY,hci_unresolved,원일집계 기준 timezone·날짜 경계·대상시각,null,unresolved,time_window,오프라인 HCI 원표 재현 또는 명시된 별도 mixed 후보,HC01,설계가정,근거표는 이 실행 세부값을 검수 완료한 구조로 제공하지 않는다. 정확한 원문/자료 계약 검수 전 수치화하지 않는다.,별도 근거·승인·버전으로 대안을 기록; 조용한 기본값 대체 금지,한국 대상/장소/계절의 수치적 타당성은 아직 검증되지 않았다.,validation_plan.md의 경계·결측·시간·범위 사례와 실제 장애 패턴을 확인한다.,승인 대상과 적용 범위·결정자·날짜를 기록하고 필요한 경우 한국 자료로 보정한다.,hci-beach-reproduction@0.1.0-experimental-draft;params.0.1.0-draft,G_INPUT_CONTRACT:pending;G_PARAMETER_TRACE:pending;G_RULE_VERIFICATION:pending,,evidence_matrix.csv HC01; model_spec.md §6,null,한국 KST를 무근거로 원문 재현 경계로 만들지 않음
PAR_HCI_DAILY_COVERAGE,hci_unresolved,일평균/최대/누적을 허용할 자료 간격과 완전성,null,unresolved,count_or_fraction_and_time,오프라인 HCI 원표 재현 또는 명시된 별도 mixed 후보,HC01,설계가정,근거표는 이 실행 세부값을 검수 완료한 구조로 제공하지 않는다. 정확한 원문/자료 계약 검수 전 수치화하지 않는다.,별도 근거·승인·버전으로 대안을 기록; 조용한 기본값 대체 금지,한국 대상/장소/계절의 수치적 타당성은 아직 검증되지 않았다.,validation_plan.md의 경계·결측·시간·범위 사례와 실제 장애 패턴을 확인한다.,승인 대상과 적용 범위·결정자·날짜를 기록하고 필요한 경우 한국 자료로 보정한다.,hci-beach-reproduction@0.1.0-experimental-draft;params.0.1.0-draft,G_INPUT_CONTRACT:pending;G_PARAMETER_TRACE:pending;G_RULE_VERIFICATION:pending,,evidence_matrix.csv HC01; model_spec.md §6,null,결측률/최소표본/시간 coverage 수치 미정
PAR_HCI_CLOUD_AGGREGATION,hci_unresolved,구름% 시간적 집계·공급 값 정의,null,unresolved,percent_with_time_window,오프라인 HCI 원표 재현 또는 명시된 별도 mixed 후보,HC01,설계가정,근거표는 이 실행 세부값을 검수 완료한 구조로 제공하지 않는다. 정확한 원문/자료 계약 검수 전 수치화하지 않는다.,별도 근거·승인·버전으로 대안을 기록; 조용한 기본값 대체 금지,한국 대상/장소/계절의 수치적 타당성은 아직 검증되지 않았다.,validation_plan.md의 경계·결측·시간·범위 사례와 실제 장애 패턴을 확인한다.,승인 대상과 적용 범위·결정자·날짜를 기록하고 필요한 경우 한국 자료로 보정한다.,hci-beach-reproduction@0.1.0-experimental-draft;params.0.1.0-draft,G_INPUT_CONTRACT:pending;G_PARAMETER_TRACE:pending;G_RULE_VERIFICATION:pending,,evidence_matrix.csv HC01; model_spec.md §6,null,KMA SKY범주 상한을 구름 관측%로 대체하지 않음
PAR_HCI_DISPLAY_TRANSFORM,hci_unresolved,원지수 raw와 표시 clip/round/경계,null,unresolved,index_points,오프라인 HCI 원표 재현 또는 명시된 별도 mixed 후보,HC01,설계가정,근거표는 이 실행 세부값을 검수 완료한 구조로 제공하지 않는다. 정확한 원문/자료 계약 검수 전 수치화하지 않는다.,별도 근거·승인·버전으로 대안을 기록; 조용한 기본값 대체 금지,한국 대상/장소/계절의 수치적 타당성은 아직 검증되지 않았다.,validation_plan.md의 경계·결측·시간·범위 사례와 실제 장애 패턴을 확인한다.,승인 대상과 적용 범위·결정자·날짜를 기록하고 필요한 경우 한국 자료로 보정한다.,hci-beach-reproduction@0.1.0-experimental-draft;params.0.1.0-draft,G_INPUT_CONTRACT:pending;G_PARAMETER_TRACE:pending;G_RULE_VERIFICATION:pending,,evidence_matrix.csv HC01; model_spec.md §6,null,legacy Python round 또는0–100clip을 원문 직접 규칙으로 채택하지 않음
PAR_HCI_PARTIAL_DAY_MIXED,hci_unresolved,부분관측+남은예보의 별도 후보 집계 규칙,null,unresolved,time_window,오프라인 HCI 원표 재현 또는 명시된 별도 mixed 후보,HC01,설계가정,근거표는 이 실행 세부값을 검수 완료한 구조로 제공하지 않는다. 정확한 원문/자료 계약 검수 전 수치화하지 않는다.,별도 근거·승인·버전으로 대안을 기록; 조용한 기본값 대체 금지,한국 대상/장소/계절의 수치적 타당성은 아직 검증되지 않았다.,validation_plan.md의 경계·결측·시간·범위 사례와 실제 장애 패턴을 확인한다.,승인 대상과 적용 범위·결정자·날짜를 기록하고 필요한 경우 한국 자료로 보정한다.,hci-beach-reproduction@0.1.0-experimental-draft;params.0.1.0-draft,G_INPUT_CONTRACT:pending;G_PARAMETER_TRACE:pending;G_RULE_VERIFICATION:pending,,evidence_matrix.csv HC01; model_spec.md §6,null,순수 원HCI 재현과 다른 모델 ID 필요; 사후확정일자료의 당시예보전환금지
PAR_POLICY_THUNDER_WAIT,official_policy_draft,낙뢰 후 야외활동 대기 운영안,"{""minimum_minutes_after_last_thunder"":30,""before_wait_complete"":""restriction_draft"",""after_wait_complete"":""reassess_all_required_checks""}",draft_operational_policy,min,마지막 천둥과 야외 노출 범위가 확인된 활동; 적용 현장 승인 필요,SW09,원문직접,한국 기상청 국민행동요령의 최소 대기시간을 한정 운영정책 초안으로 보존한다.,별도 근거·승인·버전으로 대안을 기록; 조용한 기본값 대체 금지,마지막 천둥 관측·지역 범위와 감지 완전성 미정;30분후 안전확률이나 한국 법적 재개허가가 아님.,validation_plan.md의 경계·결측·시간·범위 사례와 실제 장애 패턴을 확인한다.,승인 대상과 적용 범위·결정자·날짜를 기록하고 필요한 경우 한국 자료로 보정한다.,safety-support.0.1.0-draft;params.0.1.0-draft,G_SUPPORT:pending;G_INPUT_CONTRACT:pending;G_PARAMETER_TRACE:pending;G_RULE_VERIFICATION:pending;G_OPERATIONS:pending,L-13,evidence_matrix.csv SW09,null,provider 낙뢰 감지 반경/발생시각을 천둥 청취시각과 자동 동일시하지 않음.
PAR_POLICY_HOT_TUB_TEMPERATURE,official_policy_draft,시설 hot tub/spa 물 상한 운영안,"{""operator"":"">"",""threshold_degC"":40,""source_parallel_F"":104,""candidate_effect"":""restricted""}",draft_operational_policy,degC,실제 시설 hot tub/spa로 확인한 onsen 하위범위,SW12,원문직접,CDC의104°F(40°C) 초과 금지 안내. 한국 모든 온천/해수수영의 법적 상한으로 확대하지 않는다.,별도 근거·승인·버전으로 대안을 기록; 조용한 기본값 대체 금지,평균 측정창·오차·시설별 규정·개인조건 미확정;40°C 이하가 전체 안전/쾌적 보증 아님.,validation_plan.md의 경계·결측·시간·범위 사례와 실제 장애 패턴을 확인한다.,승인 대상과 적용 범위·결정자·날짜를 기록하고 필요한 경우 한국 자료로 보정한다.,safety-support.0.1.0-draft;params.0.1.0-draft,G_SUPPORT:pending;G_INPUT_CONTRACT:pending;G_PARAMETER_TRACE:pending;G_RULE_VERIFICATION:pending;G_OPERATIONS:pending,L-18,evidence_matrix.csv SW12,null,>40 과 >=40 구분.104°F/40°C는 출처 병기값이며 자체 환산 아님.
PAR_POLICY_HOT_TUB_MIN_AGE,official_policy_draft,시설 hot tub/spa 아동 이용 제한 운영안,"{""operator"":""<"",""threshold_years"":5,""candidate_effect"":""restricted""}",draft_operational_policy,years,CDC hot tub/spa 지침 대상의 확인 가능한 연령범위,SW12,원문직접,5세 미만 이용 금지의 출처 범위를 보존한다. general/family 라벨로 나이를 추정하지 않는다.,별도 근거·승인·버전으로 대안을 기록; 조용한 기본값 대체 금지,한국 시설 규정·나이 입력/확인 계약 미정;일반 온천·수영의 보편 연령규칙 아님.,validation_plan.md의 경계·결측·시간·범위 사례와 실제 장애 패턴을 확인한다.,승인 대상과 적용 범위·결정자·날짜를 기록하고 필요한 경우 한국 자료로 보정한다.,safety-support.0.1.0-draft;params.0.1.0-draft,G_SUPPORT:pending;G_INPUT_CONTRACT:pending;G_PARAMETER_TRACE:pending;G_RULE_VERIFICATION:pending;G_OPERATIONS:pending,,evidence_matrix.csv SW12,null,5세 이상을 무조건 사용 가능으로 승인하지 않음.민감정보 공개GET입력 도입안 아님.
PAR_SWIM_SAFETY_REQUIRED_CHECKS,activity_safety_required_checks,swim: 필수 안전 확인목록의 최종 승인,null,unresolved,approved_check_ids,swim × 실제 지원 장소 × 계절 × 대상/장비/노출 × 결과,SW01;SW02;SW03;SW04;SW05;SW06;SW07;SW11;HC06;HC09,설계가정,활동 관련 근거는 있으나 이 서비스의 승인된 실행값/집합은 아직 없다.정의 확정 전 관련 평가를 unknown/not_evaluable로 남긴다.,별도 근거·승인·버전으로 대안을 기록; 조용한 기본값 대체 금지,한국 대상/장소/계절의 수치적 타당성은 아직 검증되지 않았다.,validation_plan.md의 경계·결측·시간·범위 사례와 실제 장애 패턴을 확인한다.,승인 대상과 적용 범위·결정자·날짜를 기록하고 필요한 경우 한국 자료로 보정한다.,pongdang-water-assessment@0.1.0-draft;params.0.1.0-draft,G_SUPPORT:pending;G_INPUT_CONTRACT:pending;G_PARAMETER_TRACE:pending;G_RULE_VERIFICATION:pending;G_OPERATIONS:pending,,model_spec.md §5; validation_plan.md §5–7,null,model_spec.md §5 목록은 후보.시설/구역/계절/노출별 적용성과 필수자료 확보 검토 전 null.빈목록허용아님
PAR_SWIM_DATA_MAX_AGE,activity_data_max_age,swim: 입력별 허용 관측나이·예보 발표 신선도,null,unresolved,s_by_metric_and_time_role,swim × 실제 지원 장소 × 계절 × 대상/장비/노출 × 결과,SW01;SW02;SW03;SW04;SW05;SW06;SW07;SW11;HC06;HC09,설계가정,활동 관련 근거는 있으나 이 서비스의 승인된 실행값/집합은 아직 없다.정의 확정 전 관련 평가를 unknown/not_evaluable로 남긴다.,별도 근거·승인·버전으로 대안을 기록; 조용한 기본값 대체 금지,한국 대상/장소/계절의 수치적 타당성은 아직 검증되지 않았다.,validation_plan.md의 경계·결측·시간·범위 사례와 실제 장애 패턴을 확인한다.,승인 대상과 적용 범위·결정자·날짜를 기록하고 필요한 경우 한국 자료로 보정한다.,pongdang-water-assessment@0.1.0-draft;params.0.1.0-draft,G_INPUT_CONTRACT:pending;G_PARAMETER_TRACE:pending;G_OPERATIONS:pending,,model_spec.md §5; validation_plan.md §5–7,null,관측 age와 예보 issue freshness 별도.legacyTTL/worker반복주기를 기본허용나이로 복사하지 않음
PAR_SWIM_SPATIAL_TOLERANCE,activity_spatial_tolerance,swim: 입력/관측소→활동 구역의 공간 대표성 허용,null,unresolved,m_or_explicit_polygon_and_vertical_reference,swim × 실제 지원 장소 × 계절 × 대상/장비/노출 × 결과,SW01;SW02;SW03;SW04;SW05;SW06;SW07;SW11;HC06;HC09,설계가정,활동 관련 근거는 있으나 이 서비스의 승인된 실행값/집합은 아직 없다.정의 확정 전 관련 평가를 unknown/not_evaluable로 남긴다.,별도 근거·승인·버전으로 대안을 기록; 조용한 기본값 대체 금지,한국 대상/장소/계절의 수치적 타당성은 아직 검증되지 않았다.,validation_plan.md의 경계·결측·시간·범위 사례와 실제 장애 패턴을 확인한다.,승인 대상과 적용 범위·결정자·날짜를 기록하고 필요한 경우 한국 자료로 보정한다.,pongdang-water-assessment@0.1.0-draft;params.0.1.0-draft,G_SUPPORT:pending;G_INPUT_CONTRACT:pending;G_PARAMETER_TRACE:pending;G_EXTERNAL_VALIDATION:pending,,model_spec.md §5; validation_plan.md §5–7,null,미정 수치반경을0/가장가까운관측소로 대체하지 않음.수심/방향/기준면 등 별도
PAR_SWIM_ENVIRONMENT_REQUIRED_INPUTS,activity_environment_required_inputs,swim: 목표 결과별 환경모델 최종 필수 입력집합,null,unresolved,approved_input_ids,swim × 실제 지원 장소 × 계절 × 대상/장비/노출 × 결과,SW01;SW02;SW03;SW04;SW05;SW06;SW07;SW11;HC06;HC09,설계가정,활동 관련 근거는 있으나 이 서비스의 승인된 실행값/집합은 아직 없다.정의 확정 전 관련 평가를 unknown/not_evaluable로 남긴다.,별도 근거·승인·버전으로 대안을 기록; 조용한 기본값 대체 금지,한국 대상/장소/계절의 수치적 타당성은 아직 검증되지 않았다.,validation_plan.md의 경계·결측·시간·범위 사례와 실제 장애 패턴을 확인한다.,승인 대상과 적용 범위·결정자·날짜를 기록하고 필요한 경우 한국 자료로 보정한다.,pongdang-water-assessment@0.1.0-draft;params.0.1.0-draft,G_INPUT_CONTRACT:pending;G_PARAMETER_TRACE:pending;G_EXTERNAL_VALIDATION:pending,,model_spec.md §5; validation_plan.md §5–7,null,원모델 재현과 한국 후보를 구분;선택입력을 실제계산에쓰면 해당변형에서필수
PAR_SWIM_RESPONSE_FUNCTION,activity_response_function,swim: 활동/결과별 곡선·상호작용·가중치,null,unresolved,outcome_specific_model_parameters,swim × 실제 지원 장소 × 계절 × 대상/장비/노출 × 결과,SW01;SW02;SW03;SW04;SW05;SW06;SW07;SW11;HC06;HC09,설계가정,활동 관련 근거는 있으나 이 서비스의 승인된 실행값/집합은 아직 없다.정의 확정 전 관련 평가를 unknown/not_evaluable로 남긴다.,별도 근거·승인·버전으로 대안을 기록; 조용한 기본값 대체 금지,한국 대상/장소/계절의 수치적 타당성은 아직 검증되지 않았다.,validation_plan.md의 경계·결측·시간·범위 사례와 실제 장애 패턴을 확인한다.,승인 대상과 적용 범위·결정자·날짜를 기록하고 필요한 경우 한국 자료로 보정한다.,pongdang-water-assessment@0.1.0-draft;params.0.1.0-draft,G_PARAMETER_TRACE:pending;G_EXTERNAL_VALIDATION:pending,,model_spec.md §5; validation_plan.md §5–7,null,쾌적/만족/진술선택/관측행동각각.문헌최적온도단순평균/legacy가중치복사금지
PAR_SURF_SAFETY_REQUIRED_CHECKS,activity_safety_required_checks,surf: 필수 안전 확인목록의 최종 승인,null,unresolved,approved_check_ids,surf × 실제 지원 장소 × 계절 × 대상/장비/노출 × 결과,AC01;AC02;AC11;SW04;SW05;SW11,설계가정,활동 관련 근거는 있으나 이 서비스의 승인된 실행값/집합은 아직 없다.정의 확정 전 관련 평가를 unknown/not_evaluable로 남긴다.,별도 근거·승인·버전으로 대안을 기록; 조용한 기본값 대체 금지,한국 대상/장소/계절의 수치적 타당성은 아직 검증되지 않았다.,validation_plan.md의 경계·결측·시간·범위 사례와 실제 장애 패턴을 확인한다.,승인 대상과 적용 범위·결정자·날짜를 기록하고 필요한 경우 한국 자료로 보정한다.,pongdang-water-assessment@0.1.0-draft;params.0.1.0-draft,G_SUPPORT:pending;G_INPUT_CONTRACT:pending;G_PARAMETER_TRACE:pending;G_RULE_VERIFICATION:pending;G_OPERATIONS:pending,,model_spec.md §5; validation_plan.md §5–7,null,model_spec.md §5 목록은 후보.시설/구역/계절/노출별 적용성과 필수자료 확보 검토 전 null.빈목록허용아님
PAR_SURF_DATA_MAX_AGE,activity_data_max_age,surf: 입력별 허용 관측나이·예보 발표 신선도,null,unresolved,s_by_metric_and_time_role,surf × 실제 지원 장소 × 계절 × 대상/장비/노출 × 결과,AC01;AC02;AC11;SW04;SW05;SW11,설계가정,활동 관련 근거는 있으나 이 서비스의 승인된 실행값/집합은 아직 없다.정의 확정 전 관련 평가를 unknown/not_evaluable로 남긴다.,별도 근거·승인·버전으로 대안을 기록; 조용한 기본값 대체 금지,한국 대상/장소/계절의 수치적 타당성은 아직 검증되지 않았다.,validation_plan.md의 경계·결측·시간·범위 사례와 실제 장애 패턴을 확인한다.,승인 대상과 적용 범위·결정자·날짜를 기록하고 필요한 경우 한국 자료로 보정한다.,pongdang-water-assessment@0.1.0-draft;params.0.1.0-draft,G_INPUT_CONTRACT:pending;G_PARAMETER_TRACE:pending;G_OPERATIONS:pending,,model_spec.md §5; validation_plan.md §5–7,null,관측 age와 예보 issue freshness 별도.legacyTTL/worker반복주기를 기본허용나이로 복사하지 않음
PAR_SURF_SPATIAL_TOLERANCE,activity_spatial_tolerance,surf: 입력/관측소→활동 구역의 공간 대표성 허용,null,unresolved,m_or_explicit_polygon_and_vertical_reference,surf × 실제 지원 장소 × 계절 × 대상/장비/노출 × 결과,AC01;AC02;AC11;SW04;SW05;SW11,설계가정,활동 관련 근거는 있으나 이 서비스의 승인된 실행값/집합은 아직 없다.정의 확정 전 관련 평가를 unknown/not_evaluable로 남긴다.,별도 근거·승인·버전으로 대안을 기록; 조용한 기본값 대체 금지,한국 대상/장소/계절의 수치적 타당성은 아직 검증되지 않았다.,validation_plan.md의 경계·결측·시간·범위 사례와 실제 장애 패턴을 확인한다.,승인 대상과 적용 범위·결정자·날짜를 기록하고 필요한 경우 한국 자료로 보정한다.,pongdang-water-assessment@0.1.0-draft;params.0.1.0-draft,G_SUPPORT:pending;G_INPUT_CONTRACT:pending;G_PARAMETER_TRACE:pending;G_EXTERNAL_VALIDATION:pending,,model_spec.md §5; validation_plan.md §5–7,null,미정 수치반경을0/가장가까운관측소로 대체하지 않음.수심/방향/기준면 등 별도
PAR_SURF_ENVIRONMENT_REQUIRED_INPUTS,activity_environment_required_inputs,surf: 목표 결과별 환경모델 최종 필수 입력집합,null,unresolved,approved_input_ids,surf × 실제 지원 장소 × 계절 × 대상/장비/노출 × 결과,AC01;AC02;AC11;SW04;SW05;SW11,설계가정,활동 관련 근거는 있으나 이 서비스의 승인된 실행값/집합은 아직 없다.정의 확정 전 관련 평가를 unknown/not_evaluable로 남긴다.,별도 근거·승인·버전으로 대안을 기록; 조용한 기본값 대체 금지,한국 대상/장소/계절의 수치적 타당성은 아직 검증되지 않았다.,validation_plan.md의 경계·결측·시간·범위 사례와 실제 장애 패턴을 확인한다.,승인 대상과 적용 범위·결정자·날짜를 기록하고 필요한 경우 한국 자료로 보정한다.,pongdang-water-assessment@0.1.0-draft;params.0.1.0-draft,G_INPUT_CONTRACT:pending;G_PARAMETER_TRACE:pending;G_EXTERNAL_VALIDATION:pending,,model_spec.md §5; validation_plan.md §5–7,null,원모델 재현과 한국 후보를 구분;선택입력을 실제계산에쓰면 해당변형에서필수
PAR_SURF_RESPONSE_FUNCTION,activity_response_function,surf: 활동/결과별 곡선·상호작용·가중치,null,unresolved,outcome_specific_model_parameters,surf × 실제 지원 장소 × 계절 × 대상/장비/노출 × 결과,AC01;AC02;AC11;SW04;SW05;SW11,설계가정,활동 관련 근거는 있으나 이 서비스의 승인된 실행값/집합은 아직 없다.정의 확정 전 관련 평가를 unknown/not_evaluable로 남긴다.,별도 근거·승인·버전으로 대안을 기록; 조용한 기본값 대체 금지,한국 대상/장소/계절의 수치적 타당성은 아직 검증되지 않았다.,validation_plan.md의 경계·결측·시간·범위 사례와 실제 장애 패턴을 확인한다.,승인 대상과 적용 범위·결정자·날짜를 기록하고 필요한 경우 한국 자료로 보정한다.,pongdang-water-assessment@0.1.0-draft;params.0.1.0-draft,G_PARAMETER_TRACE:pending;G_EXTERNAL_VALIDATION:pending,,model_spec.md §5; validation_plan.md §5–7,null,쾌적/만족/진술선택/관측행동각각.문헌최적온도단순평균/legacy가중치복사금지
PAR_RELAX_SAFETY_REQUIRED_CHECKS,activity_safety_required_checks,relax: 필수 안전 확인목록의 최종 승인,null,unresolved,approved_check_ids,relax × 실제 지원 장소 × 계절 × 대상/장비/노출 × 결과,HC01;HC03;HC04;HC09;HC10;HC18,설계가정,활동 관련 근거는 있으나 이 서비스의 승인된 실행값/집합은 아직 없다.정의 확정 전 관련 평가를 unknown/not_evaluable로 남긴다.,별도 근거·승인·버전으로 대안을 기록; 조용한 기본값 대체 금지,한국 대상/장소/계절의 수치적 타당성은 아직 검증되지 않았다.,validation_plan.md의 경계·결측·시간·범위 사례와 실제 장애 패턴을 확인한다.,승인 대상과 적용 범위·결정자·날짜를 기록하고 필요한 경우 한국 자료로 보정한다.,pongdang-water-assessment@0.1.0-draft;params.0.1.0-draft,G_SUPPORT:pending;G_INPUT_CONTRACT:pending;G_PARAMETER_TRACE:pending;G_RULE_VERIFICATION:pending;G_OPERATIONS:pending,,model_spec.md §5; validation_plan.md §5–7,null,model_spec.md §5 목록은 후보.시설/구역/계절/노출별 적용성과 필수자료 확보 검토 전 null.빈목록허용아님
PAR_RELAX_DATA_MAX_AGE,activity_data_max_age,relax: 입력별 허용 관측나이·예보 발표 신선도,null,unresolved,s_by_metric_and_time_role,relax × 실제 지원 장소 × 계절 × 대상/장비/노출 × 결과,HC01;HC03;HC04;HC09;HC10;HC18,설계가정,활동 관련 근거는 있으나 이 서비스의 승인된 실행값/집합은 아직 없다.정의 확정 전 관련 평가를 unknown/not_evaluable로 남긴다.,별도 근거·승인·버전으로 대안을 기록; 조용한 기본값 대체 금지,한국 대상/장소/계절의 수치적 타당성은 아직 검증되지 않았다.,validation_plan.md의 경계·결측·시간·범위 사례와 실제 장애 패턴을 확인한다.,승인 대상과 적용 범위·결정자·날짜를 기록하고 필요한 경우 한국 자료로 보정한다.,pongdang-water-assessment@0.1.0-draft;params.0.1.0-draft,G_INPUT_CONTRACT:pending;G_PARAMETER_TRACE:pending;G_OPERATIONS:pending,,model_spec.md §5; validation_plan.md §5–7,null,관측 age와 예보 issue freshness 별도.legacyTTL/worker반복주기를 기본허용나이로 복사하지 않음
PAR_RELAX_SPATIAL_TOLERANCE,activity_spatial_tolerance,relax: 입력/관측소→활동 구역의 공간 대표성 허용,null,unresolved,m_or_explicit_polygon_and_vertical_reference,relax × 실제 지원 장소 × 계절 × 대상/장비/노출 × 결과,HC01;HC03;HC04;HC09;HC10;HC18,설계가정,활동 관련 근거는 있으나 이 서비스의 승인된 실행값/집합은 아직 없다.정의 확정 전 관련 평가를 unknown/not_evaluable로 남긴다.,별도 근거·승인·버전으로 대안을 기록; 조용한 기본값 대체 금지,한국 대상/장소/계절의 수치적 타당성은 아직 검증되지 않았다.,validation_plan.md의 경계·결측·시간·범위 사례와 실제 장애 패턴을 확인한다.,승인 대상과 적용 범위·결정자·날짜를 기록하고 필요한 경우 한국 자료로 보정한다.,pongdang-water-assessment@0.1.0-draft;params.0.1.0-draft,G_SUPPORT:pending;G_INPUT_CONTRACT:pending;G_PARAMETER_TRACE:pending;G_EXTERNAL_VALIDATION:pending,,model_spec.md §5; validation_plan.md §5–7,null,미정 수치반경을0/가장가까운관측소로 대체하지 않음.수심/방향/기준면 등 별도
PAR_RELAX_ENVIRONMENT_REQUIRED_INPUTS,activity_environment_required_inputs,relax: 목표 결과별 환경모델 최종 필수 입력집합,null,unresolved,approved_input_ids,relax × 실제 지원 장소 × 계절 × 대상/장비/노출 × 결과,HC01;HC03;HC04;HC09;HC10;HC18,설계가정,활동 관련 근거는 있으나 이 서비스의 승인된 실행값/집합은 아직 없다.정의 확정 전 관련 평가를 unknown/not_evaluable로 남긴다.,별도 근거·승인·버전으로 대안을 기록; 조용한 기본값 대체 금지,한국 대상/장소/계절의 수치적 타당성은 아직 검증되지 않았다.,validation_plan.md의 경계·결측·시간·범위 사례와 실제 장애 패턴을 확인한다.,승인 대상과 적용 범위·결정자·날짜를 기록하고 필요한 경우 한국 자료로 보정한다.,pongdang-water-assessment@0.1.0-draft;params.0.1.0-draft,G_INPUT_CONTRACT:pending;G_PARAMETER_TRACE:pending;G_EXTERNAL_VALIDATION:pending,,model_spec.md §5; validation_plan.md §5–7,null,원모델 재현과 한국 후보를 구분;선택입력을 실제계산에쓰면 해당변형에서필수
PAR_RELAX_RESPONSE_FUNCTION,activity_response_function,relax: 활동/결과별 곡선·상호작용·가중치,null,unresolved,outcome_specific_model_parameters,relax × 실제 지원 장소 × 계절 × 대상/장비/노출 × 결과,HC01;HC03;HC04;HC09;HC10;HC18,설계가정,활동 관련 근거는 있으나 이 서비스의 승인된 실행값/집합은 아직 없다.정의 확정 전 관련 평가를 unknown/not_evaluable로 남긴다.,별도 근거·승인·버전으로 대안을 기록; 조용한 기본값 대체 금지,한국 대상/장소/계절의 수치적 타당성은 아직 검증되지 않았다.,validation_plan.md의 경계·결측·시간·범위 사례와 실제 장애 패턴을 확인한다.,승인 대상과 적용 범위·결정자·날짜를 기록하고 필요한 경우 한국 자료로 보정한다.,pongdang-water-assessment@0.1.0-draft;params.0.1.0-draft,G_PARAMETER_TRACE:pending;G_EXTERNAL_VALIDATION:pending,,model_spec.md §5; validation_plan.md §5–7,null,쾌적/만족/진술선택/관측행동각각.문헌최적온도단순평균/legacy가중치복사금지
PAR_MUDFLAT_SAFETY_REQUIRED_CHECKS,activity_safety_required_checks,mudflat: 필수 안전 확인목록의 최종 승인,null,unresolved,approved_check_ids,mudflat × 실제 지원 장소 × 계절 × 대상/장비/노출 × 결과,AC08;AC09,설계가정,활동 관련 근거는 있으나 이 서비스의 승인된 실행값/집합은 아직 없다.정의 확정 전 관련 평가를 unknown/not_evaluable로 남긴다.,별도 근거·승인·버전으로 대안을 기록; 조용한 기본값 대체 금지,한국 대상/장소/계절의 수치적 타당성은 아직 검증되지 않았다.,validation_plan.md의 경계·결측·시간·범위 사례와 실제 장애 패턴을 확인한다.,승인 대상과 적용 범위·결정자·날짜를 기록하고 필요한 경우 한국 자료로 보정한다.,pongdang-water-assessment@0.1.0-draft;params.0.1.0-draft,G_SUPPORT:pending;G_INPUT_CONTRACT:pending;G_PARAMETER_TRACE:pending;G_RULE_VERIFICATION:pending;G_OPERATIONS:pending,,model_spec.md §5; validation_plan.md §5–7,null,model_spec.md §5 목록은 후보.시설/구역/계절/노출별 적용성과 필수자료 확보 검토 전 null.빈목록허용아님
PAR_MUDFLAT_DATA_MAX_AGE,activity_data_max_age,mudflat: 입력별 허용 관측나이·예보 발표 신선도,null,unresolved,s_by_metric_and_time_role,mudflat × 실제 지원 장소 × 계절 × 대상/장비/노출 × 결과,AC08;AC09,설계가정,활동 관련 근거는 있으나 이 서비스의 승인된 실행값/집합은 아직 없다.정의 확정 전 관련 평가를 unknown/not_evaluable로 남긴다.,별도 근거·승인·버전으로 대안을 기록; 조용한 기본값 대체 금지,한국 대상/장소/계절의 수치적 타당성은 아직 검증되지 않았다.,validation_plan.md의 경계·결측·시간·범위 사례와 실제 장애 패턴을 확인한다.,승인 대상과 적용 범위·결정자·날짜를 기록하고 필요한 경우 한국 자료로 보정한다.,pongdang-water-assessment@0.1.0-draft;params.0.1.0-draft,G_INPUT_CONTRACT:pending;G_PARAMETER_TRACE:pending;G_OPERATIONS:pending,,model_spec.md §5; validation_plan.md §5–7,null,관측 age와 예보 issue freshness 별도.legacyTTL/worker반복주기를 기본허용나이로 복사하지 않음
PAR_MUDFLAT_SPATIAL_TOLERANCE,activity_spatial_tolerance,mudflat: 입력/관측소→활동 구역의 공간 대표성 허용,null,unresolved,m_or_explicit_polygon_and_vertical_reference,mudflat × 실제 지원 장소 × 계절 × 대상/장비/노출 × 결과,AC08;AC09,설계가정,활동 관련 근거는 있으나 이 서비스의 승인된 실행값/집합은 아직 없다.정의 확정 전 관련 평가를 unknown/not_evaluable로 남긴다.,별도 근거·승인·버전으로 대안을 기록; 조용한 기본값 대체 금지,한국 대상/장소/계절의 수치적 타당성은 아직 검증되지 않았다.,validation_plan.md의 경계·결측·시간·범위 사례와 실제 장애 패턴을 확인한다.,승인 대상과 적용 범위·결정자·날짜를 기록하고 필요한 경우 한국 자료로 보정한다.,pongdang-water-assessment@0.1.0-draft;params.0.1.0-draft,G_SUPPORT:pending;G_INPUT_CONTRACT:pending;G_PARAMETER_TRACE:pending;G_EXTERNAL_VALIDATION:pending,,model_spec.md §5; validation_plan.md §5–7,null,미정 수치반경을0/가장가까운관측소로 대체하지 않음.수심/방향/기준면 등 별도
PAR_MUDFLAT_ENVIRONMENT_REQUIRED_INPUTS,activity_environment_required_inputs,mudflat: 목표 결과별 환경모델 최종 필수 입력집합,null,unresolved,approved_input_ids,mudflat × 실제 지원 장소 × 계절 × 대상/장비/노출 × 결과,AC08;AC09,설계가정,활동 관련 근거는 있으나 이 서비스의 승인된 실행값/집합은 아직 없다.정의 확정 전 관련 평가를 unknown/not_evaluable로 남긴다.,별도 근거·승인·버전으로 대안을 기록; 조용한 기본값 대체 금지,한국 대상/장소/계절의 수치적 타당성은 아직 검증되지 않았다.,validation_plan.md의 경계·결측·시간·범위 사례와 실제 장애 패턴을 확인한다.,승인 대상과 적용 범위·결정자·날짜를 기록하고 필요한 경우 한국 자료로 보정한다.,pongdang-water-assessment@0.1.0-draft;params.0.1.0-draft,G_INPUT_CONTRACT:pending;G_PARAMETER_TRACE:pending;G_EXTERNAL_VALIDATION:pending,,model_spec.md §5; validation_plan.md §5–7,null,원모델 재현과 한국 후보를 구분;선택입력을 실제계산에쓰면 해당변형에서필수
PAR_MUDFLAT_RESPONSE_FUNCTION,activity_response_function,mudflat: 활동/결과별 곡선·상호작용·가중치,null,unresolved,outcome_specific_model_parameters,mudflat × 실제 지원 장소 × 계절 × 대상/장비/노출 × 결과,AC08;AC09,설계가정,활동 관련 근거는 있으나 이 서비스의 승인된 실행값/집합은 아직 없다.정의 확정 전 관련 평가를 unknown/not_evaluable로 남긴다.,별도 근거·승인·버전으로 대안을 기록; 조용한 기본값 대체 금지,한국 대상/장소/계절의 수치적 타당성은 아직 검증되지 않았다.,validation_plan.md의 경계·결측·시간·범위 사례와 실제 장애 패턴을 확인한다.,승인 대상과 적용 범위·결정자·날짜를 기록하고 필요한 경우 한국 자료로 보정한다.,pongdang-water-assessment@0.1.0-draft;params.0.1.0-draft,G_PARAMETER_TRACE:pending;G_EXTERNAL_VALIDATION:pending,,model_spec.md §5; validation_plan.md §5–7,null,쾌적/만족/진술선택/관측행동각각.문헌최적온도단순평균/legacy가중치복사금지
PAR_ONSEN_SAFETY_REQUIRED_CHECKS,activity_safety_required_checks,onsen: 필수 안전 확인목록의 최종 승인,null,unresolved,approved_check_ids,onsen × 실제 지원 장소 × 계절 × 대상/장비/노출 × 결과,AC05;AC06;AC07;SW12;SW13,설계가정,활동 관련 근거는 있으나 이 서비스의 승인된 실행값/집합은 아직 없다.정의 확정 전 관련 평가를 unknown/not_evaluable로 남긴다.,별도 근거·승인·버전으로 대안을 기록; 조용한 기본값 대체 금지,한국 대상/장소/계절의 수치적 타당성은 아직 검증되지 않았다.,validation_plan.md의 경계·결측·시간·범위 사례와 실제 장애 패턴을 확인한다.,승인 대상과 적용 범위·결정자·날짜를 기록하고 필요한 경우 한국 자료로 보정한다.,pongdang-water-assessment@0.1.0-draft;params.0.1.0-draft,G_SUPPORT:pending;G_INPUT_CONTRACT:pending;G_PARAMETER_TRACE:pending;G_RULE_VERIFICATION:pending;G_OPERATIONS:pending,,model_spec.md §5; validation_plan.md §5–7,null,model_spec.md §5 목록은 후보.시설/구역/계절/노출별 적용성과 필수자료 확보 검토 전 null.빈목록허용아님
PAR_ONSEN_DATA_MAX_AGE,activity_data_max_age,onsen: 입력별 허용 관측나이·예보 발표 신선도,null,unresolved,s_by_metric_and_time_role,onsen × 실제 지원 장소 × 계절 × 대상/장비/노출 × 결과,AC05;AC06;AC07;SW12;SW13,설계가정,활동 관련 근거는 있으나 이 서비스의 승인된 실행값/집합은 아직 없다.정의 확정 전 관련 평가를 unknown/not_evaluable로 남긴다.,별도 근거·승인·버전으로 대안을 기록; 조용한 기본값 대체 금지,한국 대상/장소/계절의 수치적 타당성은 아직 검증되지 않았다.,validation_plan.md의 경계·결측·시간·범위 사례와 실제 장애 패턴을 확인한다.,승인 대상과 적용 범위·결정자·날짜를 기록하고 필요한 경우 한국 자료로 보정한다.,pongdang-water-assessment@0.1.0-draft;params.0.1.0-draft,G_INPUT_CONTRACT:pending;G_PARAMETER_TRACE:pending;G_OPERATIONS:pending,,model_spec.md §5; validation_plan.md §5–7,null,관측 age와 예보 issue freshness 별도.legacyTTL/worker반복주기를 기본허용나이로 복사하지 않음
PAR_ONSEN_SPATIAL_TOLERANCE,activity_spatial_tolerance,onsen: 입력/관측소→활동 구역의 공간 대표성 허용,null,unresolved,m_or_explicit_polygon_and_vertical_reference,onsen × 실제 지원 장소 × 계절 × 대상/장비/노출 × 결과,AC05;AC06;AC07;SW12;SW13,설계가정,활동 관련 근거는 있으나 이 서비스의 승인된 실행값/집합은 아직 없다.정의 확정 전 관련 평가를 unknown/not_evaluable로 남긴다.,별도 근거·승인·버전으로 대안을 기록; 조용한 기본값 대체 금지,한국 대상/장소/계절의 수치적 타당성은 아직 검증되지 않았다.,validation_plan.md의 경계·결측·시간·범위 사례와 실제 장애 패턴을 확인한다.,승인 대상과 적용 범위·결정자·날짜를 기록하고 필요한 경우 한국 자료로 보정한다.,pongdang-water-assessment@0.1.0-draft;params.0.1.0-draft,G_SUPPORT:pending;G_INPUT_CONTRACT:pending;G_PARAMETER_TRACE:pending;G_EXTERNAL_VALIDATION:pending,,model_spec.md §5; validation_plan.md §5–7,null,미정 수치반경을0/가장가까운관측소로 대체하지 않음.수심/방향/기준면 등 별도
PAR_ONSEN_ENVIRONMENT_REQUIRED_INPUTS,activity_environment_required_inputs,onsen: 목표 결과별 환경모델 최종 필수 입력집합,null,unresolved,approved_input_ids,onsen × 실제 지원 장소 × 계절 × 대상/장비/노출 × 결과,AC05;AC06;AC07;SW12;SW13,설계가정,활동 관련 근거는 있으나 이 서비스의 승인된 실행값/집합은 아직 없다.정의 확정 전 관련 평가를 unknown/not_evaluable로 남긴다.,별도 근거·승인·버전으로 대안을 기록; 조용한 기본값 대체 금지,한국 대상/장소/계절의 수치적 타당성은 아직 검증되지 않았다.,validation_plan.md의 경계·결측·시간·범위 사례와 실제 장애 패턴을 확인한다.,승인 대상과 적용 범위·결정자·날짜를 기록하고 필요한 경우 한국 자료로 보정한다.,pongdang-water-assessment@0.1.0-draft;params.0.1.0-draft,G_INPUT_CONTRACT:pending;G_PARAMETER_TRACE:pending;G_EXTERNAL_VALIDATION:pending,,model_spec.md §5; validation_plan.md §5–7,null,원모델 재현과 한국 후보를 구분;선택입력을 실제계산에쓰면 해당변형에서필수
PAR_ONSEN_RESPONSE_FUNCTION,activity_response_function,onsen: 활동/결과별 곡선·상호작용·가중치,null,unresolved,outcome_specific_model_parameters,onsen × 실제 지원 장소 × 계절 × 대상/장비/노출 × 결과,AC05;AC06;AC07;SW12;SW13,설계가정,활동 관련 근거는 있으나 이 서비스의 승인된 실행값/집합은 아직 없다.정의 확정 전 관련 평가를 unknown/not_evaluable로 남긴다.,별도 근거·승인·버전으로 대안을 기록; 조용한 기본값 대체 금지,한국 대상/장소/계절의 수치적 타당성은 아직 검증되지 않았다.,validation_plan.md의 경계·결측·시간·범위 사례와 실제 장애 패턴을 확인한다.,승인 대상과 적용 범위·결정자·날짜를 기록하고 필요한 경우 한국 자료로 보정한다.,pongdang-water-assessment@0.1.0-draft;params.0.1.0-draft,G_PARAMETER_TRACE:pending;G_EXTERNAL_VALIDATION:pending,,model_spec.md §5; validation_plan.md §5–7,null,쾌적/만족/진술선택/관측행동각각.문헌최적온도단순평균/legacy가중치복사금지
PAR_RAFTING_SAFETY_REQUIRED_CHECKS,activity_safety_required_checks,rafting: 필수 안전 확인목록의 최종 승인,null,unresolved,approved_check_ids,rafting × 실제 지원 장소 × 계절 × 대상/장비/노출 × 결과,AC03;AC04;AC10,설계가정,활동 관련 근거는 있으나 이 서비스의 승인된 실행값/집합은 아직 없다.정의 확정 전 관련 평가를 unknown/not_evaluable로 남긴다.,별도 근거·승인·버전으로 대안을 기록; 조용한 기본값 대체 금지,한국 대상/장소/계절의 수치적 타당성은 아직 검증되지 않았다.,validation_plan.md의 경계·결측·시간·범위 사례와 실제 장애 패턴을 확인한다.,승인 대상과 적용 범위·결정자·날짜를 기록하고 필요한 경우 한국 자료로 보정한다.,pongdang-water-assessment@0.1.0-draft;params.0.1.0-draft,G_SUPPORT:pending;G_INPUT_CONTRACT:pending;G_PARAMETER_TRACE:pending;G_RULE_VERIFICATION:pending;G_OPERATIONS:pending,,model_spec.md §5; validation_plan.md §5–7,null,model_spec.md §5 목록은 후보.시설/구역/계절/노출별 적용성과 필수자료 확보 검토 전 null.빈목록허용아님
PAR_RAFTING_DATA_MAX_AGE,activity_data_max_age,rafting: 입력별 허용 관측나이·예보 발표 신선도,null,unresolved,s_by_metric_and_time_role,rafting × 실제 지원 장소 × 계절 × 대상/장비/노출 × 결과,AC03;AC04;AC10,설계가정,활동 관련 근거는 있으나 이 서비스의 승인된 실행값/집합은 아직 없다.정의 확정 전 관련 평가를 unknown/not_evaluable로 남긴다.,별도 근거·승인·버전으로 대안을 기록; 조용한 기본값 대체 금지,한국 대상/장소/계절의 수치적 타당성은 아직 검증되지 않았다.,validation_plan.md의 경계·결측·시간·범위 사례와 실제 장애 패턴을 확인한다.,승인 대상과 적용 범위·결정자·날짜를 기록하고 필요한 경우 한국 자료로 보정한다.,pongdang-water-assessment@0.1.0-draft;params.0.1.0-draft,G_INPUT_CONTRACT:pending;G_PARAMETER_TRACE:pending;G_OPERATIONS:pending,,model_spec.md §5; validation_plan.md §5–7,null,관측 age와 예보 issue freshness 별도.legacyTTL/worker반복주기를 기본허용나이로 복사하지 않음
PAR_RAFTING_SPATIAL_TOLERANCE,activity_spatial_tolerance,rafting: 입력/관측소→활동 구역의 공간 대표성 허용,null,unresolved,m_or_explicit_polygon_and_vertical_reference,rafting × 실제 지원 장소 × 계절 × 대상/장비/노출 × 결과,AC03;AC04;AC10,설계가정,활동 관련 근거는 있으나 이 서비스의 승인된 실행값/집합은 아직 없다.정의 확정 전 관련 평가를 unknown/not_evaluable로 남긴다.,별도 근거·승인·버전으로 대안을 기록; 조용한 기본값 대체 금지,한국 대상/장소/계절의 수치적 타당성은 아직 검증되지 않았다.,validation_plan.md의 경계·결측·시간·범위 사례와 실제 장애 패턴을 확인한다.,승인 대상과 적용 범위·결정자·날짜를 기록하고 필요한 경우 한국 자료로 보정한다.,pongdang-water-assessment@0.1.0-draft;params.0.1.0-draft,G_SUPPORT:pending;G_INPUT_CONTRACT:pending;G_PARAMETER_TRACE:pending;G_EXTERNAL_VALIDATION:pending,,model_spec.md §5; validation_plan.md §5–7,null,미정 수치반경을0/가장가까운관측소로 대체하지 않음.수심/방향/기준면 등 별도
PAR_RAFTING_ENVIRONMENT_REQUIRED_INPUTS,activity_environment_required_inputs,rafting: 목표 결과별 환경모델 최종 필수 입력집합,null,unresolved,approved_input_ids,rafting × 실제 지원 장소 × 계절 × 대상/장비/노출 × 결과,AC03;AC04;AC10,설계가정,활동 관련 근거는 있으나 이 서비스의 승인된 실행값/집합은 아직 없다.정의 확정 전 관련 평가를 unknown/not_evaluable로 남긴다.,별도 근거·승인·버전으로 대안을 기록; 조용한 기본값 대체 금지,한국 대상/장소/계절의 수치적 타당성은 아직 검증되지 않았다.,validation_plan.md의 경계·결측·시간·범위 사례와 실제 장애 패턴을 확인한다.,승인 대상과 적용 범위·결정자·날짜를 기록하고 필요한 경우 한국 자료로 보정한다.,pongdang-water-assessment@0.1.0-draft;params.0.1.0-draft,G_INPUT_CONTRACT:pending;G_PARAMETER_TRACE:pending;G_EXTERNAL_VALIDATION:pending,,model_spec.md §5; validation_plan.md §5–7,null,원모델 재현과 한국 후보를 구분;선택입력을 실제계산에쓰면 해당변형에서필수
PAR_RAFTING_RESPONSE_FUNCTION,activity_response_function,rafting: 활동/결과별 곡선·상호작용·가중치,null,unresolved,outcome_specific_model_parameters,rafting × 실제 지원 장소 × 계절 × 대상/장비/노출 × 결과,AC03;AC04;AC10,설계가정,활동 관련 근거는 있으나 이 서비스의 승인된 실행값/집합은 아직 없다.정의 확정 전 관련 평가를 unknown/not_evaluable로 남긴다.,별도 근거·승인·버전으로 대안을 기록; 조용한 기본값 대체 금지,한국 대상/장소/계절의 수치적 타당성은 아직 검증되지 않았다.,validation_plan.md의 경계·결측·시간·범위 사례와 실제 장애 패턴을 확인한다.,승인 대상과 적용 범위·결정자·날짜를 기록하고 필요한 경우 한국 자료로 보정한다.,pongdang-water-assessment@0.1.0-draft;params.0.1.0-draft,G_PARAMETER_TRACE:pending;G_EXTERNAL_VALIDATION:pending,,model_spec.md §5; validation_plan.md §5–7,null,쾌적/만족/진술선택/관측행동각각.문헌최적온도단순평균/legacy가중치복사금지
PAR_WATER_QUALITY_VALIDITY,cross_cutting_unresolved,수질 채수 시료의 현재/미래 대표성,null,unresolved,s_and_site_conditions,공통 설계,SW04;SW05;SW07,설계가정,설계에 필요한 결정이나 현재 승인된 실행값이 없다.결정 전 기본숫자/묵시적 추론을 제공하지 않는다.,별도 근거·승인·버전으로 대안을 기록; 조용한 기본값 대체 금지,한국 대상/장소/계절의 수치적 타당성은 아직 검증되지 않았다.,validation_plan.md의 경계·결측·시간·범위 사례와 실제 장애 패턴을 확인한다.,승인 대상과 적용 범위·결정자·날짜를 기록하고 필요한 경우 한국 자료로 보정한다.,pongdang-water-assessment@0.1.0-draft;params.0.1.0-draft,G_INPUT_CONTRACT:pending;G_PARAMETER_TRACE:pending;G_RULE_VERIFICATION:pending;G_OPERATIONS:pending,,"model_spec.md §5–7; validation_plan.md §3,§5–7",null,시료층/위치/검사방법/날짜/강우 유출 별도.과거합격/시즌중앙값으로 현재안전판정금지
PAR_KOREA_MICROBIAL_THRESHOLDS,cross_cutting_unresolved,한국 관할별 물접촉 미생물 기준과 적용 정책,null,unresolved,organism_specific_count_and_sample_unit,공통 설계,SW04;SW05;SW07,설계가정,설계에 필요한 결정이나 현재 승인된 실행값이 없다.결정 전 기본숫자/묵시적 추론을 제공하지 않는다.,별도 근거·승인·버전으로 대안을 기록; 조용한 기본값 대체 금지,한국 대상/장소/계절의 수치적 타당성은 아직 검증되지 않았다.,validation_plan.md의 경계·결측·시간·범위 사례와 실제 장애 패턴을 확인한다.,승인 대상과 적용 범위·결정자·날짜를 기록하고 필요한 경우 한국 자료로 보정한다.,pongdang-water-assessment@0.1.0-draft;params.0.1.0-draft,G_INPUT_CONTRACT:pending;G_PARAMETER_TRACE:pending;G_RULE_VERIFICATION:pending;G_OPERATIONS:pending,,"model_spec.md §5–7; validation_plan.md §3,§5–7",null,한국 법정 임계값을 이번 근거패키지에서 검증했다고 하지 않음.법령/공식운영원문별도확인
PAR_RAFTING_SITE_HYDRAULICS,cross_cutting_unresolved,실제 운항구간의 Q/Qmin/Qoptimal/Qmax 또는 수위변환,null,unresolved,m3_per_s_or_m_with_datum,공통 설계,AC03;AC04;AC10,설계가정,설계에 필요한 결정이나 현재 승인된 실행값이 없다.결정 전 기본숫자/묵시적 추론을 제공하지 않는다.,별도 근거·승인·버전으로 대안을 기록; 조용한 기본값 대체 금지,한국 대상/장소/계절의 수치적 타당성은 아직 검증되지 않았다.,validation_plan.md의 경계·결측·시간·범위 사례와 실제 장애 패턴을 확인한다.,승인 대상과 적용 범위·결정자·날짜를 기록하고 필요한 경우 한국 자료로 보정한다.,pongdang-water-assessment@0.1.0-draft;params.0.1.0-draft,G_INPUT_CONTRACT:pending;G_PARAMETER_TRACE:pending;G_RULE_VERIFICATION:pending;G_OPERATIONS:pending,,"model_spec.md §5–7; validation_plan.md §3,§5–7",null,미국 Dolores3000/2000cfs나 legacy테스트10/20/30/40복사금지
PAR_SURF_BREAK_TRANSFER,cross_cutting_unresolved,파고/주기/방향/풍향의 해안·브레이크별 대응,null,unresolved,m_s_degrees_m_per_s,공통 설계,AC01;AC02;AC11,설계가정,설계에 필요한 결정이나 현재 승인된 실행값이 없다.결정 전 기본숫자/묵시적 추론을 제공하지 않는다.,별도 근거·승인·버전으로 대안을 기록; 조용한 기본값 대체 금지,한국 대상/장소/계절의 수치적 타당성은 아직 검증되지 않았다.,validation_plan.md의 경계·결측·시간·범위 사례와 실제 장애 패턴을 확인한다.,승인 대상과 적용 범위·결정자·날짜를 기록하고 필요한 경우 한국 자료로 보정한다.,pongdang-water-assessment@0.1.0-draft;params.0.1.0-draft,G_INPUT_CONTRACT:pending;G_PARAMETER_TRACE:pending;G_RULE_VERIFICATION:pending;G_OPERATIONS:pending,,"model_spec.md §5–7; validation_plan.md §3,§5–7",null,부이유의파고와쇄파대파고혼동금지.숙련수준별함수필요
PAR_MUDFLAT_RETURN_MARGIN,cross_cutting_unresolved,공식 체험창과 실제 경로 귀환 여유,null,unresolved,min_and_route,공통 설계,AC08;AC09,설계가정,설계에 필요한 결정이나 현재 승인된 실행값이 없다.결정 전 기본숫자/묵시적 추론을 제공하지 않는다.,별도 근거·승인·버전으로 대안을 기록; 조용한 기본값 대체 금지,한국 대상/장소/계절의 수치적 타당성은 아직 검증되지 않았다.,validation_plan.md의 경계·결측·시간·범위 사례와 실제 장애 패턴을 확인한다.,승인 대상과 적용 범위·결정자·날짜를 기록하고 필요한 경우 한국 자료로 보정한다.,pongdang-water-assessment@0.1.0-draft;params.0.1.0-draft,G_INPUT_CONTRACT:pending;G_PARAMETER_TRACE:pending;G_RULE_VERIFICATION:pending;G_OPERATIONS:pending,,"model_spec.md §5–7; validation_plan.md §3,§5–7",null,간조±고정시간 또는전국고정귀환분 미정;운영자와침수/조류자료로현장승인
PAR_USER_CONTEXT_VALIDATED_SCOPE,cross_cutting_unresolved,나이/장비/숙련/노출/상태별 적용범위,null,unresolved,explicit_population_context,공통 설계,SW01;SW02;SW03;SW06;SW12;SW13;AC05;AC06;AC07,설계가정,설계에 필요한 결정이나 현재 승인된 실행값이 없다.결정 전 기본숫자/묵시적 추론을 제공하지 않는다.,별도 근거·승인·버전으로 대안을 기록; 조용한 기본값 대체 금지,한국 대상/장소/계절의 수치적 타당성은 아직 검증되지 않았다.,validation_plan.md의 경계·결측·시간·범위 사례와 실제 장애 패턴을 확인한다.,승인 대상과 적용 범위·결정자·날짜를 기록하고 필요한 경우 한국 자료로 보정한다.,pongdang-water-assessment@0.1.0-draft;params.0.1.0-draft,G_INPUT_CONTRACT:pending;G_PARAMETER_TRACE:pending;G_RULE_VERIFICATION:pending;G_OPERATIONS:pending,,"model_spec.md §5–7; validation_plan.md §3,§5–7",null,성인연구를아동/고령자에게확대금지.의료민감정보GET필드신설의미아님
PAR_CONFLICT_RESOLUTION,cross_cutting_unresolved,동시간·동변수 출처 충돌 해소와 우선순위,null,unresolved,approved_provider_variable_rules,공통 설계,,설계가정,설계에 필요한 결정이나 현재 승인된 실행값이 없다.결정 전 기본숫자/묵시적 추론을 제공하지 않는다.,별도 근거·승인·버전으로 대안을 기록; 조용한 기본값 대체 금지,한국 대상/장소/계절의 수치적 타당성은 아직 검증되지 않았다.,validation_plan.md의 경계·결측·시간·범위 사례와 실제 장애 패턴을 확인한다.,승인 대상과 적용 범위·결정자·날짜를 기록하고 필요한 경우 한국 자료로 보정한다.,pongdang-water-assessment@0.1.0-draft;params.0.1.0-draft,G_INPUT_CONTRACT:pending;G_PARAMETER_TRACE:pending;G_RULE_VERIFICATION:pending;G_OPERATIONS:pending,,"model_spec.md §5–7; validation_plan.md §3,§5–7",null,수치평균/가장높은점수/최근fetch우선금지;미승인충돌unknown
PAR_UNKNOWN_ISSUE_TIME_POLICY,cross_cutting_unresolved,발표시각 미상 예보의 사용 허용조건,null,unresolved,policy_by_provider_model,공통 설계,,설계가정,설계에 필요한 결정이나 현재 승인된 실행값이 없다.결정 전 기본숫자/묵시적 추론을 제공하지 않는다.,별도 근거·승인·버전으로 대안을 기록; 조용한 기본값 대체 금지,한국 대상/장소/계절의 수치적 타당성은 아직 검증되지 않았다.,validation_plan.md의 경계·결측·시간·범위 사례와 실제 장애 패턴을 확인한다.,승인 대상과 적용 범위·결정자·날짜를 기록하고 필요한 경우 한국 자료로 보정한다.,pongdang-water-assessment@0.1.0-draft;params.0.1.0-draft,G_INPUT_CONTRACT:pending;G_PARAMETER_TRACE:pending;G_RULE_VERIFICATION:pending;G_OPERATIONS:pending,,"model_spec.md §5–7; validation_plan.md §3,§5–7",null,fetched_at대체금지;당시수집가능과당시발표시각확정은다름
PAR_SCORE_ROUNDING,cross_cutting_unresolved,향후 활동모델별 출력 반올림,null,unresolved,index_points,공통 설계,,설계가정,설계에 필요한 결정이나 현재 승인된 실행값이 없다.결정 전 기본숫자/묵시적 추론을 제공하지 않는다.,별도 근거·승인·버전으로 대안을 기록; 조용한 기본값 대체 금지,한국 대상/장소/계절의 수치적 타당성은 아직 검증되지 않았다.,validation_plan.md의 경계·결측·시간·범위 사례와 실제 장애 패턴을 확인한다.,승인 대상과 적용 범위·결정자·날짜를 기록하고 필요한 경우 한국 자료로 보정한다.,pongdang-water-assessment@0.1.0-draft;params.0.1.0-draft,G_INPUT_CONTRACT:pending;G_PARAMETER_TRACE:pending;G_RULE_VERIFICATION:pending;G_OPERATIONS:pending,,"model_spec.md §5–7; validation_plan.md §3,§5–7",null,기본numeric모델미정.정수화/Pythonround전용금지
PAR_SCORE_CLIPPING,cross_cutting_unresolved,향후 활동모델별 원값과 표시범위 변환,null,unresolved,index_points,공통 설계,,설계가정,설계에 필요한 결정이나 현재 승인된 실행값이 없다.결정 전 기본숫자/묵시적 추론을 제공하지 않는다.,별도 근거·승인·버전으로 대안을 기록; 조용한 기본값 대체 금지,한국 대상/장소/계절의 수치적 타당성은 아직 검증되지 않았다.,validation_plan.md의 경계·결측·시간·범위 사례와 실제 장애 패턴을 확인한다.,승인 대상과 적용 범위·결정자·날짜를 기록하고 필요한 경우 한국 자료로 보정한다.,pongdang-water-assessment@0.1.0-draft;params.0.1.0-draft,G_INPUT_CONTRACT:pending;G_PARAMETER_TRACE:pending;G_RULE_VERIFICATION:pending;G_OPERATIONS:pending,,"model_spec.md §5–7; validation_plan.md §3,§5–7",null,0–100표시선택만으로원식clip근거생기지않음
PAR_PARTIAL_INTERVAL_AGGREGATION,cross_cutting_unresolved,부분시간 평가를 기간 전체로 결합하는 함수,null,unresolved,model_specific_time_aggregation,공통 설계,HC01;AC10,설계가정,설계에 필요한 결정이나 현재 승인된 실행값이 없다.결정 전 기본숫자/묵시적 추론을 제공하지 않는다.,별도 근거·승인·버전으로 대안을 기록; 조용한 기본값 대체 금지,한국 대상/장소/계절의 수치적 타당성은 아직 검증되지 않았다.,validation_plan.md의 경계·결측·시간·범위 사례와 실제 장애 패턴을 확인한다.,승인 대상과 적용 범위·결정자·날짜를 기록하고 필요한 경우 한국 자료로 보정한다.,pongdang-water-assessment@0.1.0-draft;params.0.1.0-draft,G_INPUT_CONTRACT:pending;G_PARAMETER_TRACE:pending;G_RULE_VERIFICATION:pending;G_OPERATIONS:pending,,"model_spec.md §5–7; validation_plan.md §3,§5–7",null,평균/최저점/정오대표값미정;실제창부분반환과gap표시가능
PAR_ENVIRONMENT_EVALUABILITY_COVERAGE,cross_cutting_unresolved,환경 입력/시간 coverage 평가 가능 정책,null,unresolved,metric_specific_count_or_fraction,공통 설계,HC01,설계가정,설계에 필요한 결정이나 현재 승인된 실행값이 없다.결정 전 기본숫자/묵시적 추론을 제공하지 않는다.,별도 근거·승인·버전으로 대안을 기록; 조용한 기본값 대체 금지,한국 대상/장소/계절의 수치적 타당성은 아직 검증되지 않았다.,validation_plan.md의 경계·결측·시간·범위 사례와 실제 장애 패턴을 확인한다.,승인 대상과 적용 범위·결정자·날짜를 기록하고 필요한 경우 한국 자료로 보정한다.,pongdang-water-assessment@0.1.0-draft;params.0.1.0-draft,G_INPUT_CONTRACT:pending;G_PARAMETER_TRACE:pending;G_RULE_VERIFICATION:pending;G_OPERATIONS:pending,,"model_spec.md §5–7; validation_plan.md §3,§5–7",null,legacy활동별.70–.90복사금지.필수안전100%대체하는coverage점수없음
PAR_API_PAGE_SIZE_MAX,api_operating_limit,평가 API 한 페이지 상한,100,adopted_design_constraint,rows,미구현 평가 API 조회 계약,,설계가정,조회 부하·현행 제한과 UI 일관성을 위한 서비스 설계값.과학적 임계값이나 모델 성능값이 아니다.,별도 근거·승인·버전으로 대안을 기록; 조용한 기본값 대체 금지,새 endpoint의 실제 부하·응답시간은 아직 측정하지 않았다.,"경계 바로 아래/같음/초과, page×page_size 및창최대초과 요청을계약사례검증;부하실측후변경은계약버전검토.",후속 구현의 부하 관측과 UI 페이지네이션 검증;과학적계수보정대상아님.,pongdang-water-assessment@0.1.0-draft;params.0.1.0-draft,G_INPUT_CONTRACT:pending;G_RULE_VERIFICATION:pending;G_FE_RELEASE:pending;G_OPERATIONS:pending,,canonical_contract.md API 운영값; api_contract.md,null,현행 자료조회 상수를 잇는 설계이며 이 새 평가route가현재존재하는것은아님.
PAR_API_PAGE_MAX,api_operating_limit,평가 API page 번호 상한,1000,adopted_design_constraint,page_number,미구현 평가 API 조회 계약,,설계가정,조회 부하·현행 제한과 UI 일관성을 위한 서비스 설계값.과학적 임계값이나 모델 성능값이 아니다.,별도 근거·승인·버전으로 대안을 기록; 조용한 기본값 대체 금지,새 endpoint의 실제 부하·응답시간은 아직 측정하지 않았다.,"경계 바로 아래/같음/초과, page×page_size 및창최대초과 요청을계약사례검증;부하실측후변경은계약버전검토.",후속 구현의 부하 관측과 UI 페이지네이션 검증;과학적계수보정대상아님.,pongdang-water-assessment@0.1.0-draft;params.0.1.0-draft,G_INPUT_CONTRACT:pending;G_RULE_VERIFICATION:pending;G_FE_RELEASE:pending;G_OPERATIONS:pending,,canonical_contract.md API 운영값; api_contract.md,null,현행 자료조회 상수를 잇는 설계이며 이 새 평가route가현재존재하는것은아님.
PAR_API_PAGE_SIZE_DEFAULT,api_operating_limit,API page_size 생략 기본값,25,adopted_design_constraint,rows,미구현 평가 API 조회 계약,,설계가정,조회 부하·현행 제한과 UI 일관성을 위한 서비스 설계값.과학적 임계값이나 모델 성능값이 아니다.,별도 근거·승인·버전으로 대안을 기록; 조용한 기본값 대체 금지,새 endpoint의 실제 부하·응답시간은 아직 측정하지 않았다.,"경계 바로 아래/같음/초과, page×page_size 및창최대초과 요청을계약사례검증;부하실측후변경은계약버전검토.",후속 구현의 부하 관측과 UI 페이지네이션 검증;과학적계수보정대상아님.,pongdang-water-assessment@0.1.0-draft;params.0.1.0-draft,G_INPUT_CONTRACT:pending;G_RULE_VERIFICATION:pending;G_FE_RELEASE:pending;G_OPERATIONS:pending,,canonical_contract.md API 운영값; api_contract.md,null,현행 자료조회 상수를 잇는 설계이며 이 새 평가route가현재존재하는것은아님.
PAR_API_PAGE_SIZE_UI,api_operating_limit,자료표 UI 요청 page_size,100,adopted_design_constraint,rows,미구현 평가 API 조회 계약,,설계가정,조회 부하·현행 제한과 UI 일관성을 위한 서비스 설계값.과학적 임계값이나 모델 성능값이 아니다.,별도 근거·승인·버전으로 대안을 기록; 조용한 기본값 대체 금지,새 endpoint의 실제 부하·응답시간은 아직 측정하지 않았다.,"경계 바로 아래/같음/초과, page×page_size 및창최대초과 요청을계약사례검증;부하실측후변경은계약버전검토.",후속 구현의 부하 관측과 UI 페이지네이션 검증;과학적계수보정대상아님.,pongdang-water-assessment@0.1.0-draft;params.0.1.0-draft,G_INPUT_CONTRACT:pending;G_RULE_VERIFICATION:pending;G_FE_RELEASE:pending;G_OPERATIONS:pending,,canonical_contract.md API 운영값; api_contract.md,null,현행 자료조회 상수를 잇는 설계이며 이 새 평가route가현재존재하는것은아님.
PAR_API_MAX_WINDOW_DAYS,api_operating_limit,단일 장소·활동 조회 시간창 상한,31,adopted_design_constraint,days,미구현 평가 API 조회 계약,,설계가정,조회 부하·현행 제한과 UI 일관성을 위한 서비스 설계값.과학적 임계값이나 모델 성능값이 아니다.,별도 근거·승인·버전으로 대안을 기록; 조용한 기본값 대체 금지,새 endpoint의 실제 부하·응답시간은 아직 측정하지 않았다.,"경계 바로 아래/같음/초과, page×page_size 및창최대초과 요청을계약사례검증;부하실측후변경은계약버전검토.",후속 구현의 부하 관측과 UI 페이지네이션 검증;과학적계수보정대상아님.,pongdang-water-assessment@0.1.0-draft;params.0.1.0-draft,G_INPUT_CONTRACT:pending;G_RULE_VERIFICATION:pending;G_FE_RELEASE:pending;G_OPERATIONS:pending,,canonical_contract.md API 운영값; api_contract.md,null,31일은조회상한일뿐실제예보coverage가아님.
PAR_VALIDATION_A_ERROR,validation_acceptance,열감각/열쾌적/만족 각 척도의 주오차·최소개선,null,unresolved,outcome_scale_or_loss,활동 × 결과 × 대상/장소/계절 × 주지표별 사전 정의; 하나의 전국공통숫자 아님,HC06;HC09;SW01;SW02;SW03,설계가정,문헌 통계량/기존 점수경계를 출시합격선으로 복사하지 않는다.현재 사전 합격선과 표본계획은 미정.,목표 결과에 맞는지표/비교기준/불확실성법을 pilot이후 평가셋개봉전에 선택·고정.,pilot 분산·사건발생률·반복/군집상관·결측·비응답과 의미있는효과크기 미확정.,validation_plan.md §6의 외부holdout·군집·결측·공간/계절·변수중복 분석.,목표/주지표/손실비용/표본계획 사전등록; pilot에서 계획추정;외부검증셋을보며합격선조정금지.,pongdang-water-assessment@0.1.0-draft;params.0.1.0-draft,G_PARAMETER_TRACE:pending;G_EXTERNAL_VALIDATION:pending;G_OPERATIONS:pending,,validation_plan.md §5–7,null,null은 합격/0오차/요구없음을 뜻하지 않음.실험결과보고시예정대비변경사유필수.
PAR_VALIDATION_B1_CHOICE,validation_acceptance,진술선택의 주지표·보정·기준 대비 개선,null,unresolved,predeclared_choice_metric,활동 × 결과 × 대상/장소/계절 × 주지표별 사전 정의; 하나의 전국공통숫자 아님,HC03;HC04;HC18,설계가정,문헌 통계량/기존 점수경계를 출시합격선으로 복사하지 않는다.현재 사전 합격선과 표본계획은 미정.,목표 결과에 맞는지표/비교기준/불확실성법을 pilot이후 평가셋개봉전에 선택·고정.,pilot 분산·사건발생률·반복/군집상관·결측·비응답과 의미있는효과크기 미확정.,validation_plan.md §6의 외부holdout·군집·결측·공간/계절·변수중복 분석.,목표/주지표/손실비용/표본계획 사전등록; pilot에서 계획추정;외부검증셋을보며합격선조정금지.,pongdang-water-assessment@0.1.0-draft;params.0.1.0-draft,G_PARAMETER_TRACE:pending;G_EXTERNAL_VALIDATION:pending;G_OPERATIONS:pending,,validation_plan.md §5–7,null,null은 합격/0오차/요구없음을 뜻하지 않음.실험결과보고시예정대비변경사유필수.
PAR_VALIDATION_B2_PREDICT,validation_acceptance,실제행동별 주지표·기초모델 대비 개선,null,unresolved,predeclared_behavior_metric,활동 × 결과 × 대상/장소/계절 × 주지표별 사전 정의; 하나의 전국공통숫자 아님,HC02;HC06;HC07;AC12;AC13;AC14;AC15;KR01,설계가정,문헌 통계량/기존 점수경계를 출시합격선으로 복사하지 않는다.현재 사전 합격선과 표본계획은 미정.,목표 결과에 맞는지표/비교기준/불확실성법을 pilot이후 평가셋개봉전에 선택·고정.,pilot 분산·사건발생률·반복/군집상관·결측·비응답과 의미있는효과크기 미확정.,validation_plan.md §6의 외부holdout·군집·결측·공간/계절·변수중복 분석.,목표/주지표/손실비용/표본계획 사전등록; pilot에서 계획추정;외부검증셋을보며합격선조정금지.,pongdang-water-assessment@0.1.0-draft;params.0.1.0-draft,G_PARAMETER_TRACE:pending;G_EXTERNAL_VALIDATION:pending;G_OPERATIONS:pending,,validation_plan.md §5–7,null,null은 합격/0오차/요구없음을 뜻하지 않음.실험결과보고시예정대비변경사유필수.
PAR_VALIDATION_C_RECALL,validation_acceptance,통제·위험정보 누락/오차/unknown 합격선,null,unresolved,recall_with_uncertainty_and_false_block_cost,활동 × 결과 × 대상/장소/계절 × 주지표별 사전 정의; 하나의 전국공통숫자 아님,SW07;SW08;SW09;SW10;SW11;AC09,설계가정,문헌 통계량/기존 점수경계를 출시합격선으로 복사하지 않는다.현재 사전 합격선과 표본계획은 미정.,목표 결과에 맞는지표/비교기준/불확실성법을 pilot이후 평가셋개봉전에 선택·고정.,pilot 분산·사건발생률·반복/군집상관·결측·비응답과 의미있는효과크기 미확정.,validation_plan.md §6의 외부holdout·군집·결측·공간/계절·변수중복 분석.,목표/주지표/손실비용/표본계획 사전등록; pilot에서 계획추정;외부검증셋을보며합격선조정금지.,pongdang-water-assessment@0.1.0-draft;params.0.1.0-draft,G_PARAMETER_TRACE:pending;G_EXTERNAL_VALIDATION:pending;G_OPERATIONS:pending,,validation_plan.md §5–7,null,null은 합격/0오차/요구없음을 뜻하지 않음.실험결과보고시예정대비변경사유필수.
PAR_VALIDATION_C_LATENCY,validation_acceptance,공급·수집·판정·전달 지연 합격선,null,unresolved,s_by_authority_and_information_type,활동 × 결과 × 대상/장소/계절 × 주지표별 사전 정의; 하나의 전국공통숫자 아님,SW07;SW08;SW09;AC09,설계가정,문헌 통계량/기존 점수경계를 출시합격선으로 복사하지 않는다.현재 사전 합격선과 표본계획은 미정.,목표 결과에 맞는지표/비교기준/불확실성법을 pilot이후 평가셋개봉전에 선택·고정.,pilot 분산·사건발생률·반복/군집상관·결측·비응답과 의미있는효과크기 미확정.,validation_plan.md §6의 외부holdout·군집·결측·공간/계절·변수중복 분석.,목표/주지표/손실비용/표본계획 사전등록; pilot에서 계획추정;외부검증셋을보며합격선조정금지.,pongdang-water-assessment@0.1.0-draft;params.0.1.0-draft,G_PARAMETER_TRACE:pending;G_EXTERNAL_VALIDATION:pending;G_OPERATIONS:pending,,validation_plan.md §5–7,null,null은 합격/0오차/요구없음을 뜻하지 않음.실험결과보고시예정대비변경사유필수.
PAR_VALIDATION_COVERAGE,validation_acceptance,전체요청 분모의 평가가능률/unknown 목표,null,unresolved,fraction_with_denominator,활동 × 결과 × 대상/장소/계절 × 주지표별 사전 정의; 하나의 전국공통숫자 아님,HC01;SW07;AC10,설계가정,문헌 통계량/기존 점수경계를 출시합격선으로 복사하지 않는다.현재 사전 합격선과 표본계획은 미정.,목표 결과에 맞는지표/비교기준/불확실성법을 pilot이후 평가셋개봉전에 선택·고정.,pilot 분산·사건발생률·반복/군집상관·결측·비응답과 의미있는효과크기 미확정.,validation_plan.md §6의 외부holdout·군집·결측·공간/계절·변수중복 분석.,목표/주지표/손실비용/표본계획 사전등록; pilot에서 계획추정;외부검증셋을보며합격선조정금지.,pongdang-water-assessment@0.1.0-draft;params.0.1.0-draft,G_PARAMETER_TRACE:pending;G_EXTERNAL_VALIDATION:pending;G_OPERATIONS:pending,,validation_plan.md §5–7,null,null은 합격/0오차/요구없음을 뜻하지 않음.실험결과보고시예정대비변경사유필수.
PAR_VALIDATION_SUBGROUP,validation_acceptance,사전 하위집단의 정밀도/최소자료/편차 허용,null,unresolved,outcome_specific_error_and_count,활동 × 결과 × 대상/장소/계절 × 주지표별 사전 정의; 하나의 전국공통숫자 아님,HC03;HC04;HC09;SW03;SW12;SW13;AC03;AC05,설계가정,문헌 통계량/기존 점수경계를 출시합격선으로 복사하지 않는다.현재 사전 합격선과 표본계획은 미정.,목표 결과에 맞는지표/비교기준/불확실성법을 pilot이후 평가셋개봉전에 선택·고정.,pilot 분산·사건발생률·반복/군집상관·결측·비응답과 의미있는효과크기 미확정.,validation_plan.md §6의 외부holdout·군집·결측·공간/계절·변수중복 분석.,목표/주지표/손실비용/표본계획 사전등록; pilot에서 계획추정;외부검증셋을보며합격선조정금지.,pongdang-water-assessment@0.1.0-draft;params.0.1.0-draft,G_PARAMETER_TRACE:pending;G_EXTERNAL_VALIDATION:pending;G_OPERATIONS:pending,,validation_plan.md §5–7,null,null은 합격/0오차/요구없음을 뜻하지 않음.실험결과보고시예정대비변경사유필수.
PAR_VALIDATION_STABILITY,validation_acceptance,가중치/오차/결측/경계 변동의 허용 영향,null,unresolved,outcome_or_state_change,활동 × 결과 × 대상/장소/계절 × 주지표별 사전 정의; 하나의 전국공통숫자 아님,HC08;HC10;SW07;AC10,설계가정,문헌 통계량/기존 점수경계를 출시합격선으로 복사하지 않는다.현재 사전 합격선과 표본계획은 미정.,목표 결과에 맞는지표/비교기준/불확실성법을 pilot이후 평가셋개봉전에 선택·고정.,pilot 분산·사건발생률·반복/군집상관·결측·비응답과 의미있는효과크기 미확정.,validation_plan.md §6의 외부holdout·군집·결측·공간/계절·변수중복 분석.,목표/주지표/손실비용/표본계획 사전등록; pilot에서 계획추정;외부검증셋을보며합격선조정금지.,pongdang-water-assessment@0.1.0-draft;params.0.1.0-draft,G_PARAMETER_TRACE:pending;G_EXTERNAL_VALIDATION:pending;G_OPERATIONS:pending,,validation_plan.md §5–7,null,null은 합격/0오차/요구없음을 뜻하지 않음.실험결과보고시예정대비변경사유필수.
PAR_VALIDATION_N_SAMPLE_PLAN,validation_acceptance,pilot 기반 표본수·사건수·장소수 계획,null,unresolved,persons_sessions_sites_days_events,활동 × 결과 × 대상/장소/계절 × 주지표별 사전 정의; 하나의 전국공통숫자 아님,HC03;HC06;HC09;SW04;SW05;AC03;KR01,설계가정,문헌 통계량/기존 점수경계를 출시합격선으로 복사하지 않는다.현재 사전 합격선과 표본계획은 미정.,목표 결과에 맞는지표/비교기준/불확실성법을 pilot이후 평가셋개봉전에 선택·고정.,pilot 분산·사건발생률·반복/군집상관·결측·비응답과 의미있는효과크기 미확정.,validation_plan.md §6의 외부holdout·군집·결측·공간/계절·변수중복 분석.,목표/주지표/손실비용/표본계획 사전등록; pilot에서 계획추정;외부검증셋을보며합격선조정금지.,pongdang-water-assessment@0.1.0-draft;params.0.1.0-draft,G_PARAMETER_TRACE:pending;G_EXTERNAL_VALIDATION:pending;G_OPERATIONS:pending,,validation_plan.md §5–7,null,null은 합격/0오차/요구없음을 뜻하지 않음.실험결과보고시예정대비변경사유필수.
PAR_NOT_ADOPTED_TOURISM_TEMPERATURE_OPTIMA,rejected_transfer,관광/풀방문/PET 수치를 공통 물놀이 최적온도로 전환,null,retired_or_not_adopted,not_applicable,한국 활동별 온도 점수 후보 전반,HC03;HC05;HC06;HC09;HC18,연구종합,서로 다른 노출·결과·표본에서 제시한 선호/관측상관/중립점을 하나의 optimum/곡선으로 결합할 수 없다.,별도 근거·승인·버전으로 대안을 기록; 조용한 기본값 대체 금지,한국 대상/장소/계절의 수치적 타당성은 아직 검증되지 않았다.,validation_plan.md의 경계·결측·시간·범위 사례와 실제 장애 패턴을 확인한다.,승인 대상과 적용 범위·결정자·날짜를 기록하고 필요한 경우 한국 자료로 보정한다.,pongdang-water-assessment@0.1.0-draft;params.0.1.0-draft,G_PARAMETER_TRACE:pending;G_EXTERNAL_VALIDATION:pending,,canonical_contract.md,null,문헌의 원수치는 evidence_matrix.csv에서 보존.이행은그수치를독립실행파라미터로채택하지않음을명시.
PAR_NOT_ADOPTED_RAIN_72H_UNIVERSAL,rejected_transfer,해외코호트 강우후72시간을 전국입수해제 타이머로 전환,"{""candidate_hours"":72,""adopted_hours"":null}",retired_or_not_adopted,h,한국 모든 물접촉활동,SW04;SW05,연구종합,해당 코호트의노출구분/관찰창이지전국모든유출·수질·강우에서검증된안전해제시간이아님.,별도 근거·승인·버전으로 대안을 기록; 조용한 기본값 대체 금지,한국 대상/장소/계절의 수치적 타당성은 아직 검증되지 않았다.,validation_plan.md의 경계·결측·시간·범위 사례와 실제 장애 패턴을 확인한다.,승인 대상과 적용 범위·결정자·날짜를 기록하고 필요한 경우 한국 자료로 보정한다.,pongdang-water-assessment@0.1.0-draft;params.0.1.0-draft,G_PARAMETER_TRACE:pending;G_EXTERNAL_VALIDATION:pending,,canonical_contract.md,null,비가그친후72h경과로안전상태완료금지.
PAR_NOT_ADOPTED_CDC_50_THERMAL_COEFFICIENT,rejected_transfer,레지오넬라 취약군 연령을 온도 감점계수로 전환,"{""source_risk_age_years_gte"":50,""thermal_coefficient"":null}",retired_or_not_adopted,years_not_thermal_coefficient,hot tub 감염위험 정보와 열쾌적을 분리,SW13,연구종합,CDC50세이상은감염취약군설명이며나이별열적쾌적/안전수온계수를주지않는다.,별도 근거·승인·버전으로 대안을 기록; 조용한 기본값 대체 금지,한국 대상/장소/계절의 수치적 타당성은 아직 검증되지 않았다.,validation_plan.md의 경계·결측·시간·범위 사례와 실제 장애 패턴을 확인한다.,승인 대상과 적용 범위·결정자·날짜를 기록하고 필요한 경우 한국 자료로 보정한다.,pongdang-water-assessment@0.1.0-draft;params.0.1.0-draft,G_PARAMETER_TRACE:pending;G_EXTERNAL_VALIDATION:pending,,canonical_contract.md,null,정보안내가능성과점수계수채택을구분.
PAR_API_NESTED_ITEMS_MAX,api_operating_limit,평가 응답의 중첩 목록 상한,"{""max_items"":100,""overflow_http_status"":422,""error_code"":""response_scope_too_large""}",adopted_design_constraint,items_per_nested_list,미구현 평가 API,,설계가정,중첩 결과의 크기와 조회 부하를 제한하는 설계값이며 과학적 cutoff가 아니다.,별도 명시한 승인·버전 없이는 대체값을 사용하지 않음,이 등록은 설계 결정이며 실제 구현/운영·외부 검증 결과가 아님,validation_plan.md 해당 경계·시간·유효성·상태 사례로 확인,승인 범위·결정자·시각·버전과 검증 기록 필요,pongdang-water-assessment@0.1.0-draft;params.0.1.0-draft,G_INPUT_CONTRACT:pending;G_RULE_VERIFICATION:pending;G_FE_RELEASE:pending;G_OPERATIONS:pending,,canonical_contract.md; api_contract.md,null,초과항목을조용히잘라안전근거/제한/lineage를숨기지않는다.클라이언트는조회범위를좁혀재요청.
PAR_PUBLIC_SCORE_RELEASE_POLICY,design_invariant,실험/후보 모델의 공개숫자 방지와 출시조건,"{""required_model_status"":""validated"",""required_validation_status"":""external_validation_passed"",""required_gates"":[""G_SUPPORT"",""G_INPUT_CONTRACT"",""G_PARAMETER_TRACE"",""G_RULE_VERIFICATION"",""G_EXTERNAL_VALIDATION"",""G_FE_RELEASE"",""G_OPERATIONS""],""required_gate_result"":""pass_or_explicitly_approved_scope_not_applicable"",""required_validated_scope"":""covers_this_assessment"",""support"":""supported"",""safety_allowed"":[""caution"",""no_known_restriction""],""environment_inputs_and_parameters"":""complete_and_approved"",""experimental_or_candidate_public_score"":null}",adopted_design_constraint,not_applicable,공개 환경 score 및 호환 score,HC01;HC02;HC08;SW07;SW11;AC03;AC04,설계가정,문헌 근거/수식 재현과 한국 대상 결과의 외부 검증을 구분하며 미검증 공개점수를 막는다.,별도 명시한 승인·버전 없이는 대체값을 사용하지 않음,이 등록은 설계 결정이며 실제 구현/운영·외부 검증 결과가 아님,validation_plan.md 해당 경계·시간·유효성·상태 사례로 확인,승인 범위·결정자·시각·버전과 검증 기록 필요,pongdang-water-assessment@0.1.0-draft;params.0.1.0-draft,G_SUPPORT:pending;G_INPUT_CONTRACT:pending;G_PARAMETER_TRACE:pending;G_RULE_VERIFICATION:pending;G_EXTERNAL_VALIDATION:pending;G_FE_RELEASE:pending;G_OPERATIONS:pending,,canonical_contract.md; model_spec.md,null,pending은pass아님.not_applicable은명시범위와승인사유가필요.현재모델미구현이므로항상null.안전caution은제한조건을숨기지않고conditional_information을유지.
PAR_AGGREGATION_POLICY,cross_cutting_unresolved,활동·변수·모델별 집계 recipe와 대표성 승인,null,unresolved,recipe_by_variable_with_time_coverage,원시관측/예보→직접 모델 입력,HC01;HC08;SW07;AC10,설계가정,일최고/평균/누적·시간평균·노출변수마다 자료 coverage·대표성·시각 역할 검수가 필요하지만 실행recipe는 미정이다.,별도 명시한 승인·버전 없이는 대체값을 사용하지 않음,이 등록은 설계 결정이며 실제 구현/운영·외부 검증 결과가 아님,validation_plan.md 해당 경계·시간·유효성·상태 사례로 확인,승인 범위·결정자·시각·버전과 검증 기록 필요,pongdang-water-assessment@0.1.0-draft;params.0.1.0-draft,G_INPUT_CONTRACT:pending;G_PARAMETER_TRACE:pending;G_RULE_VERIFICATION:pending;G_EXTERNAL_VALIDATION:pending,,canonical_contract.md; model_spec.md,null,집계구간·수치함수·최소관측coverage·단위·노후·공간대표성·수정본·적용창을동결.전원시표본순간validity교집합으로집계를판정하지않음.검수파생입력의applicability를PAR_VALIDITY_INTERSECTION에사용.
PAR_INPUT_UNIT_TRANSFORMS,cross_cutting_unresolved,단위 표기 및 물리변환의 승인 매핑,null,unresolved,approved_unit_transform_mapping,기온/수온·풍속·파고·유속·유량·수질 등 입력,HC01;SW07;AC10,설계가정,같은 물리량의 degC/°C 표기 및 풍속 단위 변환도 원본보존·차원/집계검수가 필요하다.승인실행매핑은 미정.,별도 명시한 승인·버전 없이는 대체값을 사용하지 않음,이 등록은 설계 결정이며 실제 구현/운영·외부 검증 결과가 아님,validation_plan.md 해당 경계·시간·유효성·상태 사례로 확인,승인 범위·결정자·시각·버전과 검증 기록 필요,pongdang-water-assessment@0.1.0-draft;params.0.1.0-draft,G_INPUT_CONTRACT:pending;G_PARAMETER_TRACE:pending;G_RULE_VERIFICATION:pending,,canonical_contract.md; model_spec.md,null,변환공식·상수·정밀도·원본unit/value·계산unit/value·변환version기록.정확단위변환은시간평균/수위→유량/최대→평균변환을허용하지않음.legacy3.6복사로집계계약충족했다고하지않음.
PAR_LEGACY_PROFILE_NUMERIC_CHECKS,legacy_validation,프로파일 가중합 및 범위 검증의 허용 오차,"{""weight_sum_target"":1,""weight_sum_absolute_tolerance"":1e-09,""minimum_coverage_interval"":""(0,1]"",""minimum_confidence_interval"":""(0,1]""}",retired_or_not_adopted,arithmetic_tolerance_and_fraction,기존 ScoreProfile 구성검사,,미검증기존,산술 제약 검사의 역사 값을 보존한다.합계1이나 오차1e-9는 경험적 가중치/품질검증이 아니다.,별도 명시한 승인·버전 없이는 대체값을 사용하지 않음,이 등록은 설계 결정이며 실제 구현/운영·외부 검증 결과가 아님,validation_plan.md 해당 경계·시간·유효성·상태 사례로 확인,승인 범위·결정자·시각·버전과 검증 기록 필요,legacy:b160cf1c07cc0f299f9d83839557a1e987c47be4,G_PARAMETER_TRACE:pending;G_RULE_VERIFICATION:pending,L-11,Multtara backend/services/water_index/profiles.py:38–45,null,2026-09-14국소재확인profiles.py:38–45.일반합격선/환경모델허용오차로승격금지.
