record_type,query_id,date,source,query,url,title,returned_count,decision,exclusion_reason,access_status,study_id,raw_record,notes
search_return,HC-Q01,2026-09-14,web.search,"""10.3390/atmos11040412""",https://openresearch.surrey.ac.uk/esploro/outputs/journalArticle/An-Inter-Comparison-of-the-Holiday-Climate/99817745102346,An Inter-Comparison of the Holiday Climate Index (HCI:Beach) and the Tourism Climate Index (TCI) to Explain Canadian Tourism Arrivals to the Caribbean - University of Surrey,18,linked_to_included_study,선정 연구의 검색 반환/서지 사본; 접근 단계는 별도 행 참조,search_return_only,HC-S01,search_records/HC-Q01.json#result-1,
search_return,HC-Q01,2026-09-14,web.search,"""10.3390/atmos11040412""",https://www.mdpi.com/2073-4433/11/4,Atmosphere | April 2020 - Browse Articles,18,excluded_listing,논문 자체가 아닌 목록/인물/검색/특집 페이지,search_return_only,,search_records/HC-Q01.json#result-2,
search_return,HC-Q01,2026-09-14,web.search,"""10.3390/atmos11040412""",https://www.mdpi.com/journal/atmosphere/special_issues/Indexes,Atmosphere | Special Issue : Development of Precise Indexes for Assessing the Potential Impacts of Climate Change,18,excluded_listing,논문 자체가 아닌 목록/인물/검색/특집 페이지,search_return_only,,search_records/HC-Q01.json#result-3,
search_return,HC-Q01,2026-09-14,web.search,"""10.3390/atmos11040412""",https://pubmed.ncbi.nlm.nih.gov/33416950/,"Tourism climatology: past, present, and future.",18,not_extracted_candidate,관련 가능 반환; 우선 원연구·직접 결과 중심 범위에서 추가 원문 검토하지 않음,search_return_only,,search_records/HC-Q01.json#result-4,
search_return,HC-Q01,2026-09-14,web.search,"""10.3390/atmos11040412""",https://www.mendeley.com/catalogue/417e5ff8-0bfe-3478-8392-04e9bb93a88e/,An Inter (HCI:Beach) and the tour... preview & related info | Mendeley,18,linked_to_included_study,선정 연구의 검색 반환/서지 사본; 접근 단계는 별도 행 참조,search_return_only,HC-S01,search_records/HC-Q01.json#result-5,
search_return,HC-Q01,2026-09-14,web.search,"""10.3390/atmos11040412""",https://fenix.igot.ulisboa.pt/downloadFile/563078802440222/Rutty%20et%20al_2020.pdf,An Inter-Comparison of the Holi,18,linked_to_included_study,선정 연구의 검색 반환/서지 사본; 접근 단계는 별도 행 참조,search_return_only,HC-S01,search_records/HC-Q01.json#result-6,
search_return,HC-Q01,2026-09-14,web.search,"""10.3390/atmos11040412""",https://revistaseug.ugr.es/index.php/cuadgeo/article/view/33900,Impacto de las condiciones atmosféricas en la dinámica y la selección de rutas en el Camino de Santiago | Cuadernos Geográficos,18,not_extracted_candidate,관련 가능 반환; 우선 원연구·직접 결과 중심 범위에서 추가 원문 검토하지 않음,search_return_only,,search_records/HC-Q01.json#result-7,
search_return,HC-Q01,2026-09-14,web.search,"""10.3390/atmos11040412""",https://openurl.ebsco.com/results?bquery=AU+Rutty%2C+Michelle&link_origin=&searchDescription=Rutty%2C+Michelle&sid=ebsco%3Aocu%3Arecord,"Search Results | Scholarly Articles, Journals, and E-Books | EBSCOhost",18,excluded_listing,논문 자체가 아닌 목록/인물/검색/특집 페이지,search_return_only,,search_records/HC-Q01.json#result-8,
search_return,HC-Q01,2026-09-14,web.search,"""10.3390/atmos11040412""",https://link.springer.com/article/10.1007/s11069-025-07516-5,Extreme weather risks for tourism in the European Union | Natural Hazards | Springer Nature Link,18,not_extracted_candidate,관련 가능 반환; 우선 원연구·직접 결과 중심 범위에서 추가 원문 검토하지 않음,search_return_only,,search_records/HC-Q01.json#result-9,
search_return,HC-Q01,2026-09-14,web.search,"""10.3390/atmos11040412""",https://www.met.hu/downloads.php?fn=%2Fmetadmin%2Fnewspaper%2F2025%2F12%2Fff9bfe4835e91c062973079ea1f0ef99-129-4-4-milenkovic.pdf,DOI:10.28974/idojaras.2025.4.4,18,not_extracted_candidate,관련 가능 반환; 우선 원연구·직접 결과 중심 범위에서 추가 원문 검토하지 않음,search_return_only,,search_records/HC-Q01.json#result-10,
search_return,HC-Q01,2026-09-14,web.search,"""10.3390/atmos11040412""",https://www.grafiati.com/en/literature-selections/sun-and-beach-tourism/journal/,Journal articles: 'Sun-and-beach tourism' – Grafiati,18,excluded_listing,논문 자체가 아닌 목록/인물/검색/특집 페이지,search_return_only,,search_records/HC-Q01.json#result-11,
search_return,HC-Q01,2026-09-14,web.search,"""10.3390/atmos11040412""",https://www.grafiati.com/en/literature-selections/tourism-barbados/journal/,Journal articles: 'Tourism – Barbados' – Grafiati,18,excluded_listing,논문 자체가 아닌 목록/인물/검색/특집 페이지,search_return_only,,search_records/HC-Q01.json#result-12,
search_return,HC-Q01,2026-09-14,web.search,"""10.3390/atmos11040412""",https://jfab.journals.ekb.eg/article_405172_03824732df60d0a464d8451419d4aa0a.pdf,جامع         ة بنها                                                     كلية اآلداب,18,not_extracted_candidate,관련 가능 반환; 우선 원연구·직접 결과 중심 범위에서 추가 원문 검토하지 않음,search_return_only,,search_records/HC-Q01.json#result-13,
search_return,HC-Q01,2026-09-14,web.search,"""10.3390/atmos11040412""",https://scispace.com/papers/an-inter-comparison-of-the-holiday-climate-index-hci-beach-48kqqez4hg,(Open Access) An Inter-Comparison of the Holiday Climate Index (HCI:Beach) and the Tourism Climate Index (TCI) to Explain Canadian Tourism Arrivals to the Caribbean (2020) | Michelle Rutty | 94 Citations,18,linked_to_included_study,선정 연구의 검색 반환/서지 사본; 접근 단계는 별도 행 참조,search_return_only,HC-S01,search_records/HC-Q01.json#result-14,
search_return,HC-Q01,2026-09-14,web.search,"""10.3390/atmos11040412""",https://www.tandfonline.com/doi/abs/10.1080/09669582.2025.2573708,Full article: Tourism dependency and extreme weather: developing tourism extreme weather exposure indices for Denmark,18,not_extracted_candidate,관련 가능 반환; 우선 원연구·직접 결과 중심 범위에서 추가 원문 검토하지 않음,search_return_only,,search_records/HC-Q01.json#result-15,
search_return,HC-Q01,2026-09-14,web.search,"""10.3390/atmos11040412""",https://www.jccr.re.kr/xml/42629/42629.pdf,"Journal of Climate Change Research 2024, Vol. 15, No. 5-1, pp. 635~652",18,not_extracted_candidate,관련 가능 반환; 우선 원연구·직접 결과 중심 범위에서 추가 원문 검토하지 않음,search_return_only,,search_records/HC-Q01.json#result-16,
search_return,HC-Q01,2026-09-14,web.search,"""10.3390/atmos11040412""",https://hrcak.srce.hr/file/457764,Célia M.Q. Ramos / Adolfo Vanti / Pedro Solana-González,18,not_extracted_candidate,관련 가능 반환; 우선 원연구·직접 결과 중심 범위에서 추가 원문 검토하지 않음,search_return_only,,search_records/HC-Q01.json#result-17,
search_return,HC-Q01,2026-09-14,web.search,"""10.3390/atmos11040412""",https://mdpi-res.com/d_attachment/atmosphere/atmosphere-14-01306/article_deploy/atmosphere-14-01306.pdf,Microsoft Word - atmosphere-2547660-fc done.docx,18,not_extracted_candidate,관련 가능 반환; 우선 원연구·직접 결과 중심 범위에서 추가 원문 검토하지 않음,search_return_only,,search_records/HC-Q01.json#result-18,
search_return,HC-Q02,2026-09-14,web.search,beach thermal comfort stated preference observed attendance weather swimming Rutty Scott,https://pubmed.ncbi.nlm.nih.gov/24671407/,Bioclimatic comfort and the thermal perceptions and preferences of beach tourists - PubMed,14,linked_to_included_study,선정 연구의 검색 반환/서지 사본; 접근 단계는 별도 행 참조,search_return_only,HC-S03,search_records/HC-Q02.json#result-1,
search_return,HC-Q02,2026-09-14,web.search,beach thermal comfort stated preference observed attendance weather swimming Rutty Scott,https://www.researchgate.net/publication/261139099_Bioclimatic_comfort_and_the_thermal_perceptions_and_preferences_of_beach_tourists,(PDF) Bioclimatic comfort and the thermal perceptions and preferences of beach tourists,14,linked_to_included_study,선정 연구의 검색 반환/서지 사본; 접근 단계는 별도 행 참조,search_return_only,HC-S03,search_records/HC-Q02.json#result-2,
search_return,HC-Q02,2026-09-14,web.search,beach thermal comfort stated preference observed attendance weather swimming Rutty Scott,https://uwspace.uwaterloo.ca/bitstream/handle/10012/8500/Rutty_Michelle.pdf,Weather and Climate for Coastal Tourism,14,not_extracted_candidate,관련 가능 반환; 우선 원연구·직접 결과 중심 범위에서 추가 원문 검토하지 않음,search_return_only,,search_records/HC-Q02.json#result-3,
search_return,HC-Q02,2026-09-14,web.search,beach thermal comfort stated preference observed attendance weather swimming Rutty Scott,https://tkp.tourism.gov.za/ResearchRepo/Shared%20Documents/A%20Comparative%20Provincial%20Analysis%20of%20Coastal%20and%20Marine%20Tourism%20%28CMT%29%20Visitor%20Profiles%20and%20Perceptions%20in%20South%20Africa.pdf,therefore important to examine tourist perceptions to better understand their responses to changes and adaptation measures they are likely to embrace.,14,not_extracted_candidate,관련 가능 반환; 우선 원연구·직접 결과 중심 범위에서 추가 원문 검토하지 않음,search_return_only,,search_records/HC-Q02.json#result-4,
search_return,HC-Q02,2026-09-14,web.search,beach thermal comfort stated preference observed attendance weather swimming Rutty Scott,https://uwaterloo.ca/scholar/dj2scott/publications/bioclimatic-comfort-and-thermal-perceptions-and-preferences-beach-tourists,Bioclimatic comfort and the thermal perceptions and preferences of beach tourists | Daniel Scott | University of Waterloo,14,linked_to_included_study,선정 연구의 검색 반환/서지 사본; 접근 단계는 별도 행 참조,search_return_only,HC-S03,search_records/HC-Q02.json#result-5,
search_return,HC-Q02,2026-09-14,web.search,beach thermal comfort stated preference observed attendance weather swimming Rutty Scott,https://pmc.ncbi.nlm.nih.gov/articles/PMC7406217/,A comparison of the holiday climate index:beach and the tourism climate index across coastal destinations in China - PMC,14,linked_to_included_study,선정 연구의 검색 반환/서지 사본; 접근 단계는 별도 행 참조,search_return_only,HC-S10,search_records/HC-Q02.json#result-6,
search_return,HC-Q02,2026-09-14,web.search,beach thermal comfort stated preference observed attendance weather swimming Rutty Scott,https://uwaterloo.ca/scholar/dj2scott/node/8612,Bioclimatic comfort and the thermal perceptions and preferences of beach tourists | Daniel Scott | University of Waterloo,14,linked_to_included_study,선정 연구의 검색 반환/서지 사본; 접근 단계는 별도 행 참조,search_return_only,HC-S03,search_records/HC-Q02.json#result-7,
search_return,HC-Q02,2026-09-14,web.search,beach thermal comfort stated preference observed attendance weather swimming Rutty Scott,https://openresearch.surrey.ac.uk/esploro/outputs/journalArticle/An-Inter-Comparison-of-the-Holiday-Climate/99817745102346,An Inter-Comparison of the Holiday Climate Index (HCI:Beach) and the Tourism Climate Index (TCI) to Explain Canadian Tourism Arrivals to the Caribbean - University of Surrey,14,duplicate_url,이미 반환된 URL; 독립 논문/표본으로 합산하지 않음,search_return_only,HC-S01,search_records/HC-Q02.json#result-8,
search_return,HC-Q02,2026-09-14,web.search,beach thermal comfort stated preference observed attendance weather swimming Rutty Scott,https://ams.confex.com/ams/ICB2014/webprogram/Paper254504.html,Abstract: Bioclimatic comfort of coastal tourists (20th International Congress of Biometeorology (28 September–2 October 2014)),14,not_extracted_candidate,관련 가능 반환; 우선 원연구·직접 결과 중심 범위에서 추가 원문 검토하지 않음,search_return_only,,search_records/HC-Q02.json#result-9,
search_return,HC-Q02,2026-09-14,web.search,beach thermal comfort stated preference observed attendance weather swimming Rutty Scott,https://www.sciencedirect.com/science/article/abs/pii/S0360132323000665,"Field assessments of mean radiant temperature estimation methods at beach areas: A case study of Hailing Island, China - ScienceDirect",14,not_extracted_candidate,관련 가능 반환; 우선 원연구·직접 결과 중심 범위에서 추가 원문 검토하지 않음,search_return_only,,search_records/HC-Q02.json#result-10,
search_return,HC-Q02,2026-09-14,web.search,beach thermal comfort stated preference observed attendance weather swimming Rutty Scott,https://www.researchgate.net/publication/299498662_Weather_sensitivity_for_zoo_visitation_in_Toronto_Canada_a_quantitative_analysis_of_historical_data,"(PDF) Weather sensitivity for zoo visitation in Toronto, Canada: a quantitative analysis of historical data",14,excluded_scope,제목/검색 맥락상 대상 물활동·환경 결과와 무관하거나 관광 홍보,search_return_only,,search_records/HC-Q02.json#result-11,
search_return,HC-Q02,2026-09-14,web.search,beach thermal comfort stated preference observed attendance weather swimming Rutty Scott,https://independent.academia.edu/MichelleRutty?swp=tc-au-12486792,Michelle Rutty - Independent Researcher,14,not_extracted_candidate,관련 가능 반환; 우선 원연구·직접 결과 중심 범위에서 추가 원문 검토하지 않음,search_return_only,,search_records/HC-Q02.json#result-12,
search_return,HC-Q02,2026-09-14,web.search,beach thermal comfort stated preference observed attendance weather swimming Rutty Scott,https://www.gov.scot/publications/value-bathing-waters-influence-bathing-water-quality-final-research-report/pages/5/,3. Methodology - Value of bathing waters and influence of bathing water quality: final research report - gov.scot,14,not_extracted_candidate,관련 가능 반환; 우선 원연구·직접 결과 중심 범위에서 추가 원문 검토하지 않음,search_return_only,,search_records/HC-Q02.json#result-13,
search_return,HC-Q02,2026-09-14,web.search,beach thermal comfort stated preference observed attendance weather swimming Rutty Scott,https://pubmed.ncbi.nlm.nih.gov/31522261/,Development of a data-driven weather index for beach parks tourism.,14,linked_to_included_study,선정 연구의 검색 반환/서지 사본; 접근 단계는 별도 행 참조,search_return_only,HC-S06,search_records/HC-Q02.json#result-14,
search_return,HC-Q03,2026-09-14,web.search,한국 해수욕장 기상 열쾌적성 선호 관광 기후 지수 연구,https://www.youtube.com/watch?v=L9S3yXa7Jmw,"[Never Ending Korea with PARK BO GUM] - One Day, Korea Came to Me(Official Short Film) - YouTube",24,excluded_scope,제목/검색 맥락상 대상 물활동·환경 결과와 무관하거나 관광 홍보,search_return_only,,search_records/HC-Q03.json#result-1,
search_return,HC-Q03,2026-09-14,web.search,한국 해수욕장 기상 열쾌적성 선호 관광 기후 지수 연구,https://www.youtube.com/watch?v=6BdrKjSMBJY,[Never Ending Korea with PARK BO GUM] - On My Way (Official MV) - YouTube,24,excluded_scope,제목/검색 맥락상 대상 물활동·환경 결과와 무관하거나 관광 홍보,search_return_only,,search_records/HC-Q03.json#result-2,
search_return,HC-Q03,2026-09-14,web.search,한국 해수욕장 기상 열쾌적성 선호 관광 기후 지수 연구,https://jccr.re.kr/_common/do.php?a=full&aidx=36551&b=12&bidx=3287,The Korean Society of Climate Change Research,24,not_extracted_candidate,관련 가능 반환; 우선 원연구·직접 결과 중심 범위에서 추가 원문 검토하지 않음,search_return_only,,search_records/HC-Q03.json#result-3,
search_return,HC-Q03,2026-09-14,web.search,한국 해수욕장 기상 열쾌적성 선호 관광 기후 지수 연구,https://jccr.re.kr/xml/36551/36551.pdf,DBPIA-NURIMEDIA,24,not_extracted_candidate,관련 가능 반환; 우선 원연구·직접 결과 중심 범위에서 추가 원문 검토하지 않음,search_return_only,,search_records/HC-Q03.json#result-4,
search_return,HC-Q03,2026-09-14,web.search,한국 해수욕장 기상 열쾌적성 선호 관광 기후 지수 연구,https://jccr.re.kr/_PR/view/?aidx=44958&bidx=4063,기후 요소가 관광·레저 활동 유형별 수요에 미치는 영향,24,not_extracted_candidate,관련 가능 반환; 우선 원연구·직접 결과 중심 범위에서 추가 원문 검토하지 않음,search_return_only,,search_records/HC-Q03.json#result-5,
search_return,HC-Q03,2026-09-14,web.search,한국 해수욕장 기상 열쾌적성 선호 관광 기후 지수 연구,https://jccr.re.kr/_PR/view/?aidx=36551&bidx=3287,기후변화가 해안 관광목적지에 미치는 영향 분석 : 해수욕장의 활동선호일수 및 침수지역 변화를 중심으로,24,not_extracted_candidate,관련 가능 반환; 우선 원연구·직접 결과 중심 범위에서 추가 원문 검토하지 않음,search_return_only,,search_records/HC-Q03.json#result-6,
search_return,HC-Q03,2026-09-14,web.search,한국 해수욕장 기상 열쾌적성 선호 관광 기후 지수 연구,https://prof.sejong.ac.kr/moonsoo/resource-links/notice.do?articleNo=9324&attachNo=2621&mode=download,기상 R&D 동향분석보고서 2025-2호,24,not_extracted_candidate,관련 가능 반환; 우선 원연구·직접 결과 중심 범위에서 추가 원문 검토하지 않음,search_return_only,,search_records/HC-Q03.json#result-7,
search_return,HC-Q03,2026-09-14,web.search,한국 해수욕장 기상 열쾌적성 선호 관광 기후 지수 연구,https://jccr.re.kr/_common/do.php?a=full&aidx=44958&b=42&bidx=4063,The Korean Society of Climate Change Research,24,not_extracted_candidate,관련 가능 반환; 우선 원연구·직접 결과 중심 범위에서 추가 원문 검토하지 않음,search_return_only,,search_records/HC-Q03.json#result-8,
search_return,HC-Q03,2026-09-14,web.search,한국 해수욕장 기상 열쾌적성 선호 관광 기후 지수 연구,https://www.fsc.go.kr/no010102/86339,보도설명자료 - 위원회 소식 - 알림마당 - 금융위원회,24,excluded_scope,제목/검색 맥락상 대상 물활동·환경 결과와 무관하거나 관광 홍보,search_return_only,,search_records/HC-Q03.json#result-9,
search_return,HC-Q03,2026-09-14,web.search,한국 해수욕장 기상 열쾌적성 선호 관광 기후 지수 연구,https://insight.goover.ai/report/202606/go-public-report-ko-6394512f-1bc5-4aa9-bb7e-b2eda9805791-0-0.html,초여름 무더위와 인파 집중: 조기 폭염에 따른 전국 관광지 대응과 미래 전략,24,not_extracted_candidate,관련 가능 반환; 우선 원연구·직접 결과 중심 범위에서 추가 원문 검토하지 않음,search_return_only,,search_records/HC-Q03.json#result-10,
search_return,HC-Q03,2026-09-14,web.search,한국 해수욕장 기상 열쾌적성 선호 관광 기후 지수 연구,https://file-cdn.bok.or.kr/ucms/9237a287456e5709e481c0831d83386e/1/tempFile.pdf?token=%5BREDACTED_PUBLIC_SEARCH_PARAMETER%5D,강원도 기후·기상 특성을 고려한 관광기반,24,not_extracted_candidate,관련 가능 반환; 우선 원연구·직접 결과 중심 범위에서 추가 원문 검토하지 않음,search_return_only,,search_records/HC-Q03.json#result-11,
search_return,HC-Q03,2026-09-14,web.search,한국 해수욕장 기상 열쾌적성 선호 관광 기후 지수 연구,https://kci.go.kr/kciportal/ci/sereArticleSearch/ciSereArtiView.kci?sereArticleSearchBean.artiId=ART002309850,국내 저비용항공사의 사전지식과 서비스품질이 고객만족과 재이용의도에 미치는 영향,24,excluded_scope,제목/검색 맥락상 대상 물활동·환경 결과와 무관하거나 관광 홍보,search_return_only,,search_records/HC-Q03.json#result-12,
search_return,HC-Q03,2026-09-14,web.search,한국 해수욕장 기상 열쾌적성 선호 관광 기후 지수 연구,https://www.kci.go.kr/kciportal/ci/sereArticleSearch/ciSereArtiView.kci?sereArticleSearchBean.artiId=ART002923550,"수영지도자 자격 운영체계 선진사례 비교 연구 : 일본, 호주, 미국을 중심으로",24,not_extracted_candidate,관련 가능 반환; 우선 원연구·직접 결과 중심 범위에서 추가 원문 검토하지 않음,search_return_only,,search_records/HC-Q03.json#result-13,
search_return,HC-Q03,2026-09-14,web.search,한국 해수욕장 기상 열쾌적성 선호 관광 기후 지수 연구,https://www.pps.go.kr/kor/content.do?key=00736,외자구매절차 | 조달청,24,excluded_scope,제목/검색 맥락상 대상 물활동·환경 결과와 무관하거나 관광 홍보,search_return_only,,search_records/HC-Q03.json#result-14,
search_return,HC-Q03,2026-09-14,web.search,한국 해수욕장 기상 열쾌적성 선호 관광 기후 지수 연구,https://www.kci.go.kr/kciportal/ci/sereArticleSearch/ciSereArtiView.kci?sereArticleSearchBean.artiId=ART002671875,Z세대의 스포츠 현장관람에 관한 탐색적 연구 : 한국 및 중국 대학생을 중심으로,24,excluded_scope,제목/검색 맥락상 대상 물활동·환경 결과와 무관하거나 관광 홍보,search_return_only,,search_records/HC-Q03.json#result-15,
search_return,HC-Q03,2026-09-14,web.search,한국 해수욕장 기상 열쾌적성 선호 관광 기후 지수 연구,https://kiss.kstudy.com/Detail/Ar?key=3943583,기후변화에 따른 미세먼지 대기질 변화 추정 및 관련 정책 지원 연구 - 기후환경정책연구 - 한국환경연구원 - KISS,24,not_extracted_candidate,관련 가능 반환; 우선 원연구·직접 결과 중심 범위에서 추가 원문 검토하지 않음,search_return_only,,search_records/HC-Q03.json#result-16,
search_return,HC-Q03,2026-09-14,web.search,한국 해수욕장 기상 열쾌적성 선호 관광 기후 지수 연구,https://eiec.kdi.re.kr/policy/domesticView.do?ac=0000175132,외국인 관광객 선호 K-상품군 조사 | 국내연구자료 | KDI 경제교육·정보센터,24,excluded_scope,제목/검색 맥락상 대상 물활동·환경 결과와 무관하거나 관광 홍보,search_return_only,,search_records/HC-Q03.json#result-17,
search_return,HC-Q03,2026-09-14,web.search,한국 해수욕장 기상 열쾌적성 선호 관광 기후 지수 연구,https://arxiv.org/abs/2205.10019,Translating Hanja Historical Documents to Contemporary Korean and English,24,excluded_scope,제목/검색 맥락상 대상 물활동·환경 결과와 무관하거나 관광 홍보,search_return_only,,search_records/HC-Q03.json#result-18,
search_return,HC-Q03,2026-09-14,web.search,한국 해수욕장 기상 열쾌적성 선호 관광 기후 지수 연구,https://www.kiep.go.kr/galleryDownload.es?bid=0001&list_no=2404&seq=1,<B5A5C0CCC5CD20B0E6C1A6C0C720BCBAC0E5B0FA20B9ABBFAABFA120B0FCC7D120BFACB1B82DC3D6C1BEC6EDC1FDBABB2E687770>,24,not_extracted_candidate,관련 가능 반환; 우선 원연구·직접 결과 중심 범위에서 추가 원문 검토하지 않음,search_return_only,,search_records/HC-Q03.json#result-19,
search_return,HC-Q03,2026-09-14,web.search,한국 해수욕장 기상 열쾌적성 선호 관광 기후 지수 연구,https://kr.object.gov-ncloudstorage.com/open-bucket/boards/1636086818736-2021%EB%B9%85%EB%8D%B0%EC%9D%B4%ED%84%B0%ED%94%8C%EB%9E%AB%ED%8F%BC%EC%84%BC%ED%84%B0_%EC%B5%9C%EC%A2%85.pdf,플랫폼 & 센터,24,not_extracted_candidate,관련 가능 반환; 우선 원연구·직접 결과 중심 범위에서 추가 원문 검토하지 않음,search_return_only,,search_records/HC-Q03.json#result-20,
search_return,HC-Q03,2026-09-14,web.search,한국 해수욕장 기상 열쾌적성 선호 관광 기후 지수 연구,https://arxiv.org/abs/2104.14528,GasHis-Transformer: A Multi-scale Visual Transformer Approach for Gastric Histopathological Image Detection,24,excluded_scope,제목/검색 맥락상 대상 물활동·환경 결과와 무관하거나 관광 홍보,search_return_only,,search_records/HC-Q03.json#result-21,
search_return,HC-Q03,2026-09-14,web.search,한국 해수욕장 기상 열쾌적성 선호 관광 기후 지수 연구,https://arxiv.org/abs/1001.2106,Hi-GAL: the Herschel infrared Galactic Plane Survey,24,excluded_scope,제목/검색 맥락상 대상 물활동·환경 결과와 무관하거나 관광 홍보,search_return_only,,search_records/HC-Q03.json#result-22,
search_return,HC-Q03,2026-09-14,web.search,한국 해수욕장 기상 열쾌적성 선호 관광 기후 지수 연구,https://files-scs.pstatic.net/2024/12/09/GrnOPrlVnd/%EC%A3%BC%EC%B2%A0%EA%B4%80%ED%95%B8%EB%93%9C%EB%B6%81%282020%EB%85%84%ED%8C%90%29.pdf,주철관(핸드북)001-091,24,not_extracted_candidate,관련 가능 반환; 우선 원연구·직접 결과 중심 범위에서 추가 원문 검토하지 않음,search_return_only,,search_records/HC-Q03.json#result-23,
search_return,HC-Q03,2026-09-14,web.search,한국 해수욕장 기상 열쾌적성 선호 관광 기후 지수 연구,https://arxiv.org/abs/1306.4306,Ballistic spreading of entanglement in a diffusive nonintegrable system,24,excluded_scope,제목/검색 맥락상 대상 물활동·환경 결과와 무관하거나 관광 홍보,search_return_only,,search_records/HC-Q03.json#result-24,
search_return,HC-Q04,2026-09-14,exa.search,category:research paper field surveys thermal comfort climate preferences beach tourists Rutty Scott 2014 2015,https://doi.org/10.1007/s00484-014-0820-x,Bioclimatic comfort and the thermal perceptions and preferences of beach tourists,8,linked_to_included_study,선정 연구의 검색 반환/서지 사본; 접근 단계는 별도 행 참조,search_return_only,HC-S03,search_records/HC-Q04.json#result-1,
search_return,HC-Q04,2026-09-14,exa.search,category:research paper field surveys thermal comfort climate preferences beach tourists Rutty Scott 2014 2015,https://doi.org/10.3354/cr01183,Differential climate preferences of international beach tourists,8,linked_to_included_study,선정 연구의 검색 반환/서지 사본; 접근 단계는 별도 행 참조,search_return_only,HC-S02,search_records/HC-Q04.json#result-2,
search_return,HC-Q04,2026-09-14,exa.search,category:research paper field surveys thermal comfort climate preferences beach tourists Rutty Scott 2014 2015,https://doi.org/10.1080/14616688.2014.932833,Thermal range of coastal tourism resort microclimates,8,linked_to_included_study,선정 연구의 검색 반환/서지 사본; 접근 단계는 별도 행 참조,search_return_only,HC-S13,search_records/HC-Q04.json#result-3,
search_return,HC-Q04,2026-09-14,exa.search,category:research paper field surveys thermal comfort climate preferences beach tourists Rutty Scott 2014 2015,https://www.kiphub.com/paper/61e50b35f3abe87e2df6350e,Bioclimatic comfort and the thermal perceptions and preferences of beach tourists. | Free PDF Download | Read Online - KipHub Scholarly,8,linked_to_included_study,선정 연구의 검색 반환/서지 사본; 접근 단계는 별도 행 참조,search_return_only,HC-S03,search_records/HC-Q04.json#result-4,
search_return,HC-Q04,2026-09-14,exa.search,category:research paper field surveys thermal comfort climate preferences beach tourists Rutty Scott 2014 2015,https://ams.confex.com/ams/ICB2014/webprogram/Paper254504.html,Abstract: Bioclimatic comfort of coastal tourists (20th International Congress of Biometeorology (28 September–2 October 2014)),8,duplicate_url,이미 반환된 URL; 독립 논문/표본으로 합산하지 않음,search_return_only,,search_records/HC-Q04.json#result-5,
search_return,HC-Q04,2026-09-14,exa.search,category:research paper field surveys thermal comfort climate preferences beach tourists Rutty Scott 2014 2015,http://hdl.handle.net/10012/8500,Weather and Climate for Coastal Tourism,8,not_extracted_candidate,관련 가능 반환; 우선 원연구·직접 결과 중심 범위에서 추가 원문 검토하지 않음,search_return_only,,search_records/HC-Q04.json#result-6,
search_return,HC-Q04,2026-09-14,exa.search,category:research paper field surveys thermal comfort climate preferences beach tourists Rutty Scott 2014 2015,https://dam-oclc.bac-lac.gc.ca/download?fileName=Rutty_Michelle.pdf&id=73bd3b1f-2c30-4b7c-90eb-77bae39a2646&is_thesis=1&oclc_number=892194174,[PDF] Weather and Climate for Coastal Tourism - bac-lac.gc.ca,8,not_extracted_candidate,관련 가능 반환; 우선 원연구·직접 결과 중심 범위에서 추가 원문 검토하지 않음,search_return_only,,search_records/HC-Q04.json#result-7,
search_return,HC-Q04,2026-09-14,exa.search,category:research paper field surveys thermal comfort climate preferences beach tourists Rutty Scott 2014 2015,https://d.docksci.com/bioclimatic-comfort-and-the-thermal-perceptions-and-preferences-of-beach-tourist_5af151a9d64ab2e14cc0260f.html,Bioclimatic comfort and the thermal perceptions and preferences of beach tourists. - PDF Download Free,8,linked_to_included_study,선정 연구의 검색 반환/서지 사본; 접근 단계는 별도 행 참조,search_return_only,HC-S03,search_records/HC-Q04.json#result-8,
search_return,HC-Q05,2026-09-14,exa.search,category:research paper Korea outdoor thermal comfort beach visitors weather temperature humidity field survey,https://www.koreascience.kr/article/JAKO201627037746173.page?lang=en,"Human Thermal Sensation and Comfort of Beach Areas in Summer - Woljeong-ri Beach, Gujwa-eup, Jeju-si, Jeju Special Self-Governing Province -
				-Journal of the Korean Institute of Landscape Architecture
			
		
	 | Korea Science",8,linked_to_included_study,선정 연구의 검색 반환/서지 사본; 접근 단계는 별도 행 참조,search_return_only,HC-S05,search_records/HC-Q05.json#result-1,
search_return,HC-Q05,2026-09-14,exa.search,category:research paper Korea outdoor thermal comfort beach visitors weather temperature humidity field survey,https://www.happycampus.com/paper-doc/32258334/,여름철 해변지역의 인간 열환경지수 및 열쾌적성 - 제주특별자치도 제주시 구좌읍 월정리 해변 - 논문,8,linked_to_included_study,선정 연구의 검색 반환/서지 사본; 접근 단계는 별도 행 참조,search_return_only,HC-S05,search_records/HC-Q05.json#result-2,
search_return,HC-Q05,2026-09-14,exa.search,category:research paper Korea outdoor thermal comfort beach visitors weather temperature humidity field survey,https://www.dbpia.co.kr/journal/articleDetail?nodeId=NODE11406968,기후변화가 해안 관광목적지에 미치는 영향 분석 - 해수욕장의 활동선호일수 및 침수지역 변화를 중심으로 - - 한국기후변화학회지 : 논문 | DBpia,8,not_extracted_candidate,관련 가능 반환; 우선 원연구·직접 결과 중심 범위에서 추가 원문 검토하지 않음,search_return_only,,search_records/HC-Q05.json#result-3,
search_return,HC-Q05,2026-09-14,exa.search,category:research paper Korea outdoor thermal comfort beach visitors weather temperature humidity field survey,https://doi.org/10.5194/egusphere-egu24-5058,The development of the Koreans&#8217; climatic index for tourism (KCIT),8,linked_to_included_study,선정 연구의 검색 반환/서지 사본; 접근 단계는 별도 행 참조,search_return_only,HC-S11,search_records/HC-Q05.json#result-4,
search_return,HC-Q05,2026-09-14,exa.search,category:research paper Korea outdoor thermal comfort beach visitors weather temperature humidity field survey,https://123dok.co/document/q2n6pdmp-thermal-sensation-comfort-summer-woljeong-special-governing-province.html,"Human Thermal Sensation and Comfort of Beach Areas in Summer - Woljeong-ri Beach, Gujwa-eup, Jeju-si, Jeju Special Self-Governing Province -",8,linked_to_included_study,선정 연구의 검색 반환/서지 사본; 접근 단계는 별도 행 참조,search_return_only,HC-S05,search_records/HC-Q05.json#result-5,
search_return,HC-Q05,2026-09-14,exa.search,category:research paper Korea outdoor thermal comfort beach visitors weather temperature humidity field survey,https://www.happycampus.com/paper-doc/30913551/,기상요소변화와 해변 관광객 유입간의 관계 분석 : 강릉지역을 중심으로 논문,8,linked_to_included_study,선정 연구의 검색 반환/서지 사본; 접근 단계는 별도 행 참조,search_return_only,KR-S01,search_records/HC-Q05.json#result-6,
search_return,HC-Q05,2026-09-14,exa.search,category:research paper Korea outdoor thermal comfort beach visitors weather temperature humidity field survey,http://sam.riss.kr/findThesisAnalysis.do?controlNo=102417886&docType=A,SAM 학술관계분석서비스,8,not_extracted_candidate,관련 가능 반환; 우선 원연구·직접 결과 중심 범위에서 추가 원문 검토하지 않음,search_return_only,,search_records/HC-Q05.json#result-7,
search_return,HC-Q05,2026-09-14,exa.search,category:research paper Korea outdoor thermal comfort beach visitors weather temperature humidity field survey,https://doi.org/10.3390/su9091535,Impact of Climate Change on the Preferred Season for Outdoor Water Activities,8,linked_to_included_study,선정 연구의 검색 반환/서지 사본; 접근 단계는 별도 행 참조,search_return_only,HC-S04,search_records/HC-Q05.json#result-8,
search_return,HC-Q06,2026-09-14,web.search,"""여름철 해변지역의 인간 열환경지수""",https://www.kci.go.kr/kciportal/ci/sereArticleSearch/ciSereArtiView.kci?sereArticleSearchBean.artiId=ART002141334,여름철 해변지역의 인간 열환경지수 및 열쾌적성 - 제주특별자치도 제주시 구좌읍 월정리 해변 -,12,linked_to_included_study,선정 연구의 검색 반환/서지 사본; 접근 단계는 별도 행 참조,search_return_only,HC-S05,search_records/HC-Q06.json#result-1,
search_return,HC-Q06,2026-09-14,web.search,"""여름철 해변지역의 인간 열환경지수""",https://kiss.kstudy.com/Detail/Ar?key=3470027,여름철 해변지역의 인간 열환경지수 및 열쾌적성-제주특별자치도 제주시 구좌읍 월정리 해변- - 한국조경학회지 - 한국조경학회 - KISS,12,linked_to_included_study,선정 연구의 검색 반환/서지 사본; 접근 단계는 별도 행 참조,search_return_only,HC-S05,search_records/HC-Q06.json#result-2,
search_return,HC-Q06,2026-09-14,web.search,"""여름철 해변지역의 인간 열환경지수""",https://www.auric.or.kr/user/Rdoc/DocCmag.aspx?dn=214462&returnVal=CMAG,여름철 해변지역의 인간 열환경지수 및 열쾌적성 - AURIC,12,linked_to_included_study,선정 연구의 검색 반환/서지 사본; 접근 단계는 별도 행 참조,search_return_only,HC-S05,search_records/HC-Q06.json#result-3,
search_return,HC-Q06,2026-09-14,web.search,"""여름철 해변지역의 인간 열환경지수""",https://www.kci.go.kr/kciportal/po/search/poSereArtiList.kci?sereId=000407&volIsseId=VOL000079547,KCI 국내학술지 인용색인 정보 포털입니다.,12,not_extracted_candidate,관련 가능 반환; 우선 원연구·직접 결과 중심 범위에서 추가 원문 검토하지 않음,search_return_only,,search_records/HC-Q06.json#result-4,
search_return,HC-Q06,2026-09-14,web.search,"""여름철 해변지역의 인간 열환경지수""",https://www.researchgate.net/publication/308663713_Human_Thermal_Sensation_and_Comfort_of_Beach_Areas_in_Summer_-_Woljeong-ri_Beach_Gujwa-eup_Jeju-si_Jeju_Special_Self-Governing_Province_-,"(PDF) Human Thermal Sensation and Comfort of Beach Areas in Summer - Woljeong-ri Beach, Gujwa-eup, Jeju-si, Jeju Special Self-Governing Province -",12,linked_to_included_study,선정 연구의 검색 반환/서지 사본; 접근 단계는 별도 행 참조,search_return_only,HC-S05,search_records/HC-Q06.json#result-5,
search_return,HC-Q06,2026-09-14,web.search,"""여름철 해변지역의 인간 열환경지수""",https://www.dbpia.co.kr/journal/articleDetail?nodeId=NODE09918988,여름철 해변지역의 인간 열환경지수 및 열쾌적성 - 제주특별자치도 제주시 구좌읍 월정리 해변 - - 논문 | DBpia,12,linked_to_included_study,선정 연구의 검색 반환/서지 사본; 접근 단계는 별도 행 참조,search_return_only,HC-S05,search_records/HC-Q06.json#result-6,
search_return,HC-Q06,2026-09-14,web.search,"""여름철 해변지역의 인간 열환경지수""",https://www.auric.or.kr/User/rdoc/RdocDirectoryStep3.aspx?dbname=CMAG&n=4&organCode2=kila01&yearmonth=201608,한국조경학회지 2016-08 (Vol.44 No.4) - AURIC,12,not_extracted_candidate,관련 가능 반환; 우선 원연구·직접 결과 중심 범위에서 추가 원문 검토하지 않음,search_return_only,,search_records/HC-Q06.json#result-7,
search_return,HC-Q06,2026-09-14,web.search,"""여름철 해변지역의 인간 열환경지수""",https://journal.koreangeography.or.kr/articles/article/WrJ2/,"Spatio-temporal Patterns and Long-term Trends of Apparent Temperature in Jeju Island, Korea",12,not_extracted_candidate,관련 가능 반환; 우선 원연구·직접 결과 중심 범위에서 추가 원문 검토하지 않음,search_return_only,,search_records/HC-Q06.json#result-8,
search_return,HC-Q06,2026-09-14,web.search,"""여름철 해변지역의 인간 열환경지수""",https://www.earticle.net/Search/Result?q=%EC%A1%B0%EC%83%81%EB%A7%8C&sf=3,검색결과 - earticle,12,excluded_listing,논문 자체가 아닌 목록/인물/검색/특집 페이지,search_return_only,,search_records/HC-Q06.json#result-9,
search_return,HC-Q06,2026-09-14,web.search,"""여름철 해변지역의 인간 열환경지수""",https://www.riss4u.net/search/detail/DetailView.do?control_no=0139aa79f27e546d&p_mat_type=3a11008f85f7c51d&v_control_no=7260daee419b6e72ffe0bdc3ef48d419,한국조경학회지|RISS 상세보기,12,not_extracted_candidate,관련 가능 반환; 우선 원연구·직접 결과 중심 범위에서 추가 원문 검토하지 않음,search_return_only,,search_records/HC-Q06.json#result-10,
search_return,HC-Q06,2026-09-14,web.search,"""여름철 해변지역의 인간 열환경지수""",https://www.riss.or.kr/search/detail/DetailView.do?control_no=024aad6b731cf4a0e9810257f7042666&p_mat_type=1a0202e37d52c72d,기상요소변화와 해변 관광객 유입간의 관계 분석 : 강릉지역을 중심으로|RISS 상세보기,12,linked_to_included_study,선정 연구의 검색 반환/서지 사본; 접근 단계는 별도 행 참조,search_return_only,KR-S01,search_records/HC-Q06.json#result-11,
search_return,HC-Q06,2026-09-14,web.search,"""여름철 해변지역의 인간 열환경지수""",https://www.riss4u.net/search/Search.do?colName=re_a_kor&isDetailSearch=Y&queryText=znCreator%2C%EB%B0%95%EC%88%98%EA%B5%AD&searchGubun=true,RISS 검색 - 국내학술지논문,12,not_extracted_candidate,관련 가능 반환; 우선 원연구·직접 결과 중심 범위에서 추가 원문 검토하지 않음,search_return_only,,search_records/HC-Q06.json#result-12,
search_return,HC-Q07,2026-09-14,web.search,"""Development of a data-driven weather index for beach parks tourism""",https://pubmed.ncbi.nlm.nih.gov/31522261/,Development of a data-driven weather index for beach parks tourism.,18,duplicate_url,이미 반환된 URL; 독립 논문/표본으로 합산하지 않음,search_return_only,HC-S06,search_records/HC-Q07.json#result-1,
search_return,HC-Q07,2026-09-14,web.search,"""Development of a data-driven weather index for beach parks tourism""",https://www.researchgate.net/publication/335823162_Development_of_a_data-driven_weather_index_for_beach_parks_tourism,Development of a data-driven weather index for beach parks tourism | Request PDF,18,linked_to_included_study,선정 연구의 검색 반환/서지 사본; 접근 단계는 별도 행 참조,search_return_only,HC-S06,search_records/HC-Q07.json#result-2,
search_return,HC-Q07,2026-09-14,web.search,"""Development of a data-driven weather index for beach parks tourism""",https://scimatic.org/biblio/47420,Development of a data-driven weather index for beach parks tourism.,18,linked_to_included_study,선정 연구의 검색 반환/서지 사본; 접근 단계는 별도 행 참조,search_return_only,HC-S06,search_records/HC-Q07.json#result-3,
search_return,HC-Q07,2026-09-14,web.search,"""Development of a data-driven weather index for beach parks tourism""",https://openresearch.surrey.ac.uk/esploro/outputs/journalArticle/Development-of-a-data-driven-weather-index/99817744502346?institution=44SUR_INST&recordUsage=false&skipUsageReporting=true,Development of a data-driven weather index for beach parks tourism - University of Surrey,18,linked_to_included_study,선정 연구의 검색 반환/서지 사본; 접근 단계는 별도 행 참조,search_return_only,HC-S06,search_records/HC-Q07.json#result-4,
search_return,HC-Q07,2026-09-14,web.search,"""Development of a data-driven weather index for beach parks tourism""",https://openurl.ebsco.com/results?bquery=AU+Andrey%2C+Jean&link_origin=&searchDescription=Andrey%2C+Jean&sid=ebsco%3Aocu%3Arecord,"Search Results | Scholarly Articles, Journals, and E-Books | EBSCOhost",18,excluded_listing,논문 자체가 아닌 목록/인물/검색/특집 페이지,search_return_only,,search_records/HC-Q07.json#result-5,
search_return,HC-Q07,2026-09-14,web.search,"""Development of a data-driven weather index for beach parks tourism""",https://doi.org/10.1080/13683500.2026.2644448,Full article: Weather and the business of visitor attractions: an organisational analysis using multi-level modelling,18,not_extracted_candidate,관련 가능 반환; 우선 원연구·직접 결과 중심 범위에서 추가 원문 검토하지 않음,search_return_only,,search_records/HC-Q07.json#result-6,
search_return,HC-Q07,2026-09-14,web.search,"""Development of a data-driven weather index for beach parks tourism""",https://pubmed.ncbi.nlm.nih.gov/33416950/,"Tourism climatology: past, present, and future.",18,duplicate_url,이미 반환된 URL; 독립 논문/표본으로 합산하지 않음,search_return_only,,search_records/HC-Q07.json#result-7,
search_return,HC-Q07,2026-09-14,web.search,"""Development of a data-driven weather index for beach parks tourism""",https://openalex.org/W2972528523,Development of a data-driven weather index for beach parks tourism,18,linked_to_included_study,선정 연구의 검색 반환/서지 사본; 접근 단계는 별도 행 참조,search_return_only,HC-S06,search_records/HC-Q07.json#result-8,
search_return,HC-Q07,2026-09-14,web.search,"""Development of a data-driven weather index for beach parks tourism""",https://openurl.ebsco.com/results?bquery=AU+Matthews%2C+Lindsay&link_origin=&searchDescription=Matthews%2C+Lindsay&sid=ebsco%3Aocu%3Arecord,"Search Results | Scholarly Articles, Journals, and E-Books | EBSCOhost",18,excluded_listing,논문 자체가 아닌 목록/인물/검색/특집 페이지,search_return_only,,search_records/HC-Q07.json#result-9,
search_return,HC-Q07,2026-09-14,web.search,"""Development of a data-driven weather index for beach parks tourism""",https://openurl.ebsco.com/results?bquery=DE+%22WIND+forecasting%22&link_origin=&searchDescription=WIND+forecasting&sid=ebsco%3Aocu%3Arecord,"Search Results | Scholarly Articles, Journals, and E-Books | EBSCOhost",18,excluded_listing,논문 자체가 아닌 목록/인물/검색/특집 페이지,search_return_only,,search_records/HC-Q07.json#result-10,
search_return,HC-Q07,2026-09-14,web.search,"""Development of a data-driven weather index for beach parks tourism""",https://onlinelibrary.wiley.com/doi/10.1155/2022/1806611,Artificial Intelligence Algorithms in Ice and Snow Tourism Promotion from Digital Technology - Wu - 2022 - Wireless Communications and Mobile Computing - Wiley Online Library,18,excluded_scope,제목/검색 맥락상 대상 물활동·환경 결과와 무관하거나 관광 홍보,search_return_only,,search_records/HC-Q07.json#result-11,
search_return,HC-Q07,2026-09-14,web.search,"""Development of a data-driven weather index for beach parks tourism""",https://iris.sena.edu.co/EDS/Search?dfApplied=1&filter%5B%5D=EXPAND%3A%22fulltext%22&filter%5B%5D=Journal%3A%22international+journal+of+biometeorology%22&lookfor=%22Tourism%22&type=SU,"Search Results - ""Tourism"" :: Library Catalog",18,excluded_listing,논문 자체가 아닌 목록/인물/검색/특집 페이지,search_return_only,,search_records/HC-Q07.json#result-12,
search_return,HC-Q07,2026-09-14,web.search,"""Development of a data-driven weather index for beach parks tourism""",https://www.tandfonline.com/doi/pdf/10.1080/09669582.2025.2557299,"Weather, climate change and business models: perspectives on future sustainability from heritage tou",18,not_extracted_candidate,관련 가능 반환; 우선 원연구·직접 결과 중심 범위에서 추가 원문 검토하지 않음,search_return_only,,search_records/HC-Q07.json#result-13,
search_return,HC-Q07,2026-09-14,web.search,"""Development of a data-driven weather index for beach parks tourism""",https://researchonline.ljmu.ac.uk/id/eprint/27962/1/Journal%20of%20Tourism%20Research%20-%202021%20-%20Bausch%20-%20How%20weather%20conditions%20affect%20guest%20arrivals%20and%20duration%20of%20stay%20%20An%20alpine.pdf,How weather conditions affect guest arrivals and duration of stay: An alpine destination case,18,not_extracted_candidate,관련 가능 반환; 우선 원연구·직접 결과 중심 범위에서 추가 원문 검토하지 않음,search_return_only,,search_records/HC-Q07.json#result-14,
search_return,HC-Q07,2026-09-14,web.search,"""Development of a data-driven weather index for beach parks tourism""",https://dergipark.org.tr/tr/download/article-file/2976675,"International Journal of Contemporary Tourism Research, 2022, 7(1), 9-24",18,not_extracted_candidate,관련 가능 반환; 우선 원연구·직접 결과 중심 범위에서 추가 원문 검토하지 않음,search_return_only,,search_records/HC-Q07.json#result-15,
search_return,HC-Q07,2026-09-14,web.search,"""Development of a data-driven weather index for beach parks tourism""",https://uwaterloo.ca/secretariat/sites/default/files/uploads/documents/the-cvs-link-to-page-x.pdf,Curricula Vitae – Future Cities 6,18,excluded_scope,제목/검색 맥락상 대상 물활동·환경 결과와 무관하거나 관광 홍보,search_return_only,,search_records/HC-Q07.json#result-16,
search_return,HC-Q07,2026-09-14,web.search,"""Development of a data-driven weather index for beach parks tourism""",https://wiredspace.wits.ac.za/bitstreams/3c37a250-d6df-472f-b55f-1be1cbf23bfa/download,Evaluating the climatic suitability for camping in South Africa: an application of the Camping Clima,18,not_extracted_candidate,관련 가능 반환; 우선 원연구·직접 결과 중심 범위에서 추가 원문 검토하지 않음,search_return_only,,search_records/HC-Q07.json#result-17,
search_return,HC-Q07,2026-09-14,web.search,"""Development of a data-driven weather index for beach parks tourism""",https://research.lpubatangas.edu.ph/wp-content/uploads/2021/10/m7721_ijrsm_final.pdf,Microsoft Word - m7721_final.doc,18,not_extracted_candidate,관련 가능 반환; 우선 원연구·직접 결과 중심 범위에서 추가 원문 검토하지 않음,search_return_only,,search_records/HC-Q07.json#result-18,
search_return,HC-Q08,2026-09-14,web.search,"""A second generation climate index for tourism"" specification verification",https://pubmed.ncbi.nlm.nih.gov/18097690/,A second generation climate index for tourism (CIT): specification and verification - PubMed,18,linked_to_included_study,선정 연구의 검색 반환/서지 사본; 접근 단계는 별도 행 참조,search_return_only,HC-S07,search_records/HC-Q08.json#result-1,
search_return,HC-Q08,2026-09-14,web.search,"""A second generation climate index for tourism"" specification verification",https://www.researchgate.net/publication/5750841_A_second_generation_climate_index_for_tourism_CIT_specification_and_verification,(PDF) A second generation climate index for tourism (CIT): specification and verification,18,linked_to_included_study,선정 연구의 검색 반환/서지 사본; 접근 단계는 별도 행 참조,search_return_only,HC-S07,search_records/HC-Q08.json#result-2,
search_return,HC-Q08,2026-09-14,web.search,"""A second generation climate index for tourism"" specification verification",https://scispace.com/papers/a-second-generation-climate-index-for-tourism-cit-46etpggwdn,A second generation climate index for tourism (CIT): specification and verification (2008) | C. R. de Freitas | 350 Citations,18,linked_to_included_study,선정 연구의 검색 반환/서지 사본; 접근 단계는 별도 행 참조,search_return_only,HC-S07,search_records/HC-Q08.json#result-3,
search_return,HC-Q08,2026-09-14,web.search,"""A second generation climate index for tourism"" specification verification",https://ouci.dntb.gov.ua/en/works/4YoJ00V9/,A second generation climate index for tourism (CIT): specification and verification,18,linked_to_included_study,선정 연구의 검색 반환/서지 사본; 접근 단계는 별도 행 참조,search_return_only,HC-S07,search_records/HC-Q08.json#result-4,
search_return,HC-Q08,2026-09-14,web.search,"""A second generation climate index for tourism"" specification verification",https://www.researchgate.net/publication/5750841_A_second_generation_climate_index_for_tourism_CIT_Specification_and_verification,(PDF) A second generation climate index for tourism (CIT): specification and verification,18,linked_to_included_study,선정 연구의 검색 반환/서지 사본; 접근 단계는 별도 행 참조,search_return_only,HC-S07,search_records/HC-Q08.json#result-5,
search_return,HC-Q08,2026-09-14,web.search,"""A second generation climate index for tourism"" specification verification",https://eurekamag.com/research/029/782/029782164.php,A second generation climate index for tourism (CIT): specification and verification,18,linked_to_included_study,선정 연구의 검색 반환/서지 사본; 접근 단계는 별도 행 참조,search_return_only,HC-S07,search_records/HC-Q08.json#result-6,
search_return,HC-Q08,2026-09-14,web.search,"""A second generation climate index for tourism"" specification verification",https://digitalnz.org/records/30214809,A second generation climate index for tourism (CIT): specification and verification | Record | DigitalNZ,18,linked_to_included_study,선정 연구의 검색 반환/서지 사본; 접근 단계는 별도 행 참조,search_return_only,HC-S07,search_records/HC-Q08.json#result-7,
search_return,HC-Q08,2026-09-14,web.search,"""A second generation climate index for tourism"" specification verification",https://documentsdelivered.com/source/002/797/002797867.php,A second generation climate index for tourism (CIT): specification and verification,18,linked_to_included_study,선정 연구의 검색 반환/서지 사본; 접근 단계는 별도 행 참조,search_return_only,HC-S07,search_records/HC-Q08.json#result-8,
search_return,HC-Q08,2026-09-14,web.search,"""A second generation climate index for tourism"" specification verification",https://openalex.org/W1983661972,A second generation climate index for tourism (CIT): specification and verification,18,linked_to_included_study,선정 연구의 검색 반환/서지 사본; 접근 단계는 별도 행 참조,search_return_only,HC-S07,search_records/HC-Q08.json#result-9,
search_return,HC-Q08,2026-09-14,web.search,"""A second generation climate index for tourism"" specification verification",https://scispace.com/papers/leveraging-the-benefits-of-a-multi-index-approach-in-3xuhuxyxtgsp,Leveraging the benefits of a multi-index approach in quantifying and classifying climatic suitability for tourism (2025) | Jennifer M. Fitchett,18,not_extracted_candidate,관련 가능 반환; 우선 원연구·직접 결과 중심 범위에서 추가 원문 검토하지 않음,search_return_only,,search_records/HC-Q08.json#result-10,
search_return,HC-Q08,2026-09-14,web.search,"""A second generation climate index for tourism"" specification verification",https://suppr.wilddata.cn/browses/detail/pubmed/18097690,第二代旅游气候指数（CIT）：规范与验证 - Suppr | 超能文献,18,not_extracted_candidate,관련 가능 반환; 우선 원연구·직접 결과 중심 범위에서 추가 원문 검토하지 않음,search_return_only,,search_records/HC-Q08.json#result-11,
search_return,HC-Q08,2026-09-14,web.search,"""A second generation climate index for tourism"" specification verification",https://www.researchgate.net/figure/Climate-index-for-tourism-CIT-rating-scale-and-interpretation-of-perceived-satisfaction_fig3_5750841,Climate index for tourism (CIT) rating scale and interpretation of... | Download Scientific Diagram,18,not_extracted_candidate,관련 가능 반환; 우선 원연구·직접 결과 중심 범위에서 추가 원문 검토하지 않음,search_return_only,,search_records/HC-Q08.json#result-12,
search_return,HC-Q08,2026-09-14,web.search,"""A second generation climate index for tourism"" specification verification",https://dast.data.compute.cci2.ecmwf.int/documents/sis-european-tourism/SIS_Tourism_ClimateSuitability_dataset_description_v1.pdf,Document Title,18,not_extracted_candidate,관련 가능 반환; 우선 원연구·직접 결과 중심 범위에서 추가 원문 검토하지 않음,search_return_only,,search_records/HC-Q08.json#result-13,
search_return,HC-Q08,2026-09-14,web.search,"""A second generation climate index for tourism"" specification verification",https://meteorologia.uib.es/ROMU/formal/assessment_tourism_Spain/assessment_tourism_Spain.pdf,Present and future climate potentials for several outdoor tourism activities in Spain,18,not_extracted_candidate,관련 가능 반환; 우선 원연구·직접 결과 중심 범위에서 추가 원문 검토하지 않음,search_return_only,,search_records/HC-Q08.json#result-14,
search_return,HC-Q08,2026-09-14,web.search,"""A second generation climate index for tourism"" specification verification",https://www.conama.org/conama/download/files/LIFEAdaptCalaMillor/D3.2_LIFE%20AdaptCalaMillor_2doi.pdf,D3.2_LIFE AdaptCalaMillor_2doi_.docx,18,not_extracted_candidate,관련 가능 반환; 우선 원연구·직접 결과 중심 범위에서 추가 원문 검토하지 않음,search_return_only,,search_records/HC-Q08.json#result-15,
search_return,HC-Q08,2026-09-14,web.search,"""A second generation climate index for tourism"" specification verification",https://rcc.cimh.edu.bb/files/2021/03/Final-Feasibility-Report_Consultancy-to-Develop-Climate-Products-and-Services-for-the-Caribbean-Tourism-Industry.pdf,Final title here...,18,not_extracted_candidate,관련 가능 반환; 우선 원연구·직접 결과 중심 범위에서 추가 원문 검토하지 않음,search_return_only,,search_records/HC-Q08.json#result-16,
search_return,HC-Q08,2026-09-14,web.search,"""A second generation climate index for tourism"" specification verification",https://dspace.uib.es/xmlui/bitstream/handle/11201/149393/Aon%20Waqas%20Awan_TESIS%20DEF.pdf?isAllowed=y&sequence=1,"de Freitas, C. R., Scott, D., and McBoyle, G. (2008). A second generation climate index for tourism (CIT): specification and verification. *International Journal of Biometeorology*, 52(5), 399-407.",18,linked_to_included_study,선정 연구의 검색 반환/서지 사본; 접근 단계는 별도 행 참조,search_return_only,HC-S07,search_records/HC-Q08.json#result-17,
search_return,HC-Q08,2026-09-14,web.search,"""A second generation climate index for tourism"" specification verification",https://dspace.uib.es/xmlui/bitstream/handle/11201/167507/Forteza_Bauza_Natalia.pdf?isAllowed=y&sequence=1,5.References,18,not_extracted_candidate,관련 가능 반환; 우선 원연구·직접 결과 중심 범위에서 추가 원문 검토하지 않음,search_return_only,,search_records/HC-Q08.json#result-18,
search_return,HC-Q09,2026-09-14,web.search,"""The Tourism Climate Index"" Mieczkowski 1985",https://www.sciencedirect.com/science/article/pii/S0261517720300315,"The Camping Climate Index (CCI): The development, validation, and application of a camping-sector tourism climate index - ScienceDirect",18,not_extracted_candidate,관련 가능 반환; 우선 원연구·직접 결과 중심 범위에서 추가 원문 검토하지 않음,search_return_only,,search_records/HC-Q09.json#result-1,
search_return,HC-Q09,2026-09-14,web.search,"""The Tourism Climate Index"" Mieczkowski 1985",https://ipc.sabanciuniv.edu/Content/Images/CKeditorImages/20200326-01030196.pdf,"The data from the aforementioned selected meteorology stations has been assessed using the Tourism Climate Index – TCI (Mieczkowski, 1985). This index determines climate comfort conditions in order to understand the effects of climate on tourist flows and establish what is considered as the tourism season. This index is the most commonly integrated index. The climate factors considered in the index are sunshine duration, temperature, relative humidity, precipitation, and wind.",18,excluded_scope,제목/검색 맥락상 대상 물활동·환경 결과와 무관하거나 관광 홍보,search_return_only,,search_records/HC-Q09.json#result-2,
search_return,HC-Q09,2026-09-14,web.search,"""The Tourism Climate Index"" Mieczkowski 1985",https://www.mdpi.com/2073-4433/6/2/183,National Assessment of Climate Resources for Tourism Seasonality in China Using the Tourism Climate Index,18,not_extracted_candidate,관련 가능 반환; 우선 원연구·직접 결과 중심 범위에서 추가 원문 검토하지 않음,search_return_only,,search_records/HC-Q09.json#result-3,
search_return,HC-Q09,2026-09-14,web.search,"""The Tourism Climate Index"" Mieczkowski 1985",https://pubmed.ncbi.nlm.nih.gov/33416950/,"Tourism climatology: past, present, and future.",18,duplicate_url,이미 반환된 URL; 독립 논문/표본으로 합산하지 않음,search_return_only,,search_records/HC-Q09.json#result-4,
search_return,HC-Q09,2026-09-14,web.search,"""The Tourism Climate Index"" Mieczkowski 1985",https://klimatolodzy.pl/index.php/pl/baza-wiedzy/wskazniki-klimatyczne/tci,TCI,18,not_extracted_candidate,관련 가능 반환; 우선 원연구·직접 결과 중심 범위에서 추가 원문 검토하지 않음,search_return_only,,search_records/HC-Q09.json#result-5,
search_return,HC-Q09,2026-09-14,web.search,"""The Tourism Climate Index"" Mieczkowski 1985",https://www.sciencedirect.com/science/article/pii/S0169809522003076,Climatology and trend of tourism climate index over China during 1979–2020 - ScienceDirect,18,not_extracted_candidate,관련 가능 반환; 우선 원연구·직접 결과 중심 범위에서 추가 원문 검토하지 않음,search_return_only,,search_records/HC-Q09.json#result-6,
search_return,HC-Q09,2026-09-14,web.search,"""The Tourism Climate Index"" Mieczkowski 1985",https://www.tandfonline.com/doi/full/10.1080/09669582.2025.2573708,Full article: Tourism dependency and extreme weather: developing tourism extreme weather exposure indices for Denmark,18,not_extracted_candidate,관련 가능 반환; 우선 원연구·직접 결과 중심 범위에서 추가 원문 검토하지 않음,search_return_only,,search_records/HC-Q09.json#result-7,
search_return,HC-Q09,2026-09-14,web.search,"""The Tourism Climate Index"" Mieczkowski 1985",https://www.sciencedirect.com/science/article/pii/S0261517715000138,Risk assessment of precipitation and the tourism climate index - ScienceDirect,18,not_extracted_candidate,관련 가능 반환; 우선 원연구·직접 결과 중심 범위에서 추가 원문 검토하지 않음,search_return_only,,search_records/HC-Q09.json#result-8,
search_return,HC-Q09,2026-09-14,web.search,"""The Tourism Climate Index"" Mieczkowski 1985",https://www.tandfonline.com/doi/abs/10.1080/13683500.2020.1825351,"Full article: Climate change, coastal tourism, and impact chains – a literature review",18,not_extracted_candidate,관련 가능 반환; 우선 원연구·직접 결과 중심 범위에서 추가 원문 검토하지 않음,search_return_only,,search_records/HC-Q09.json#result-9,
search_return,HC-Q09,2026-09-14,web.search,"""The Tourism Climate Index"" Mieczkowski 1985",https://tourismemory.org/tourism-climatology,Tourism Climatology,18,not_extracted_candidate,관련 가능 반환; 우선 원연구·직접 결과 중심 범위에서 추가 원문 검토하지 않음,search_return_only,,search_records/HC-Q09.json#result-10,
search_return,HC-Q09,2026-09-14,web.search,"""The Tourism Climate Index"" Mieczkowski 1985",https://www.scirp.org/reference/referencespapers?referenceid=1076162,"Z. Mieczkowski, “The Tourism Climate Index A Method for Evaluating World Climates for Tourism,” The Canadian Geographer, Vol. 29, 1985, pp. 220-233. - References - Scientific Research Publishing",18,excluded_scope,제목/검색 맥락상 대상 물활동·환경 결과와 무관하거나 관광 홍보,search_return_only,,search_records/HC-Q09.json#result-11,
search_return,HC-Q09,2026-09-14,web.search,"""The Tourism Climate Index"" Mieczkowski 1985",https://core.ac.uk/download/pdf/144146611.pdf,Comparing the ‘Tourism Climate Index’ and,18,not_extracted_candidate,관련 가능 반환; 우선 원연구·직접 결과 중심 범위에서 추가 원문 검토하지 않음,search_return_only,,search_records/HC-Q09.json#result-12,
search_return,HC-Q09,2026-09-14,web.search,"""The Tourism Climate Index"" Mieczkowski 1985",https://onlinelibrary.wiley.com/doi/10.1155/adme/4402780,Quantitative Analysis of Tourism Climate Comfort in the DPRK Using Tourism Climate Index (TCI): A Validation With In Situ Observations - Jo - 2026 - Advances in Meteorology - Wiley Online Library,18,not_extracted_candidate,관련 가능 반환; 우선 원연구·직접 결과 중심 범위에서 추가 원문 검토하지 않음,search_return_only,,search_records/HC-Q09.json#result-13,
search_return,HC-Q09,2026-09-14,web.search,"""The Tourism Climate Index"" Mieczkowski 1985",https://journal.gnest.org/sites/default/files/Submissions/gnest_02435/gnest_02435_published.pdf,"of Mieczkowski (1985), who developed the ‘Tourism Climate Index’ (TCI). Mieczkowski’s (1985) index was designed to use climate data that was already widely available for tourist destinations worldwide. The TCI merges seven features of climate into a single climate index. The TCI was originally conceptualized as a composite measure that would systematically assess the climatic elements that were most relevant to the quality of the tourist experience for the ‘average’ tourist (i.e., the most common tourism activities of sightseeing and shopping). TCI has subsequently been used in a slightly modified form by Morgan et al., (2000) for beach environments, and in a number of recent studies that assess the potential impact of global climate change on the climate resources of destinations around the world (Scott and McBoyle, 2001; Scott et al., 2003; Amelung and Viner, 2006). In Iran, several researchers analyzed and calculated TCI. Farajzadeh and Matzarakis, (2009) computed PET and TCI in the northwest of Iran in the period 1985- 2005 from a network of 15 meteorological stations. There are a number of research about investigation of climate change impacts on tourism by using different bioclimatic indices such as (Yazdanpanah et al., 2016; Amelung et al., 2014; Amelung et al., 2007; Hamilton et al., 2005; Scott et al., 2004; Hamilton et al., 2004). Nasirihendkhaleh et al., (2014) evaluated and separated Fars province (south-central Iran) touristic climate using TCI and GIS framework. Esmaili and Fallah Ghalhari, (2014) evaluated the bio-climatic conditions of the tourists in Mashhad (northeast of Iran), through the use of PET index on an hourly scale. Morris et al. (2017) considered the impact of urbanization level on the interactions of the urban area, the urban climate, and human thermal comfort. Andelković et al., (2016) proposed a new mathematical formulation of climate parameters for calculating the tourism climate comfort index (TCCI) and determined the appropriate destinations and favorable resorts for tourists in each month in Serbia. Cohen, (2013) studied the perception of human thermal sensation for Coastal Mediterranean outdoor urban environments by using a bioclimatic index. The aim of this paper is an investigation of climate change impacts on bioclimatic conditions for tourism in Iran for the baseline and future periods. In addition, this paper aimed to apply the TCI developed by Mieczkowski, (1985) and provide a comprehensive information source for the most suitable time periods, per region, for outdoor activities. It was the first attempt to use this index for the entire country. For this purpose, a user-friendly and multi-platform software was designed in JAVA programming language. This software is consonant with the format of Islamic Republic of Iran’s Meteorological Organization (IRIMO) database. Finally, multiple regression models were used to determine the relationship between the geographic component such as latitude, longitude, elevation, and TCI and spatial analysis of TCI values.",18,excluded_scope,제목/검색 맥락상 대상 물활동·환경 결과와 무관하거나 관광 홍보,search_return_only,,search_records/HC-Q09.json#result-14,
search_return,HC-Q09,2026-09-14,web.search,"""The Tourism Climate Index"" Mieczkowski 1985",https://www.researchgate.net/figure/Tourism-Climatic-Index-rating-system-Mieczkowski-1985_tbl3_275020435,"Tourism Climatic Index rating system (Mieczkowski, 1985) | Download Table",18,excluded_scope,제목/검색 맥락상 대상 물활동·환경 결과와 무관하거나 관광 홍보,search_return_only,,search_records/HC-Q09.json#result-15,
search_return,HC-Q09,2026-09-14,web.search,"""The Tourism Climate Index"" Mieczkowski 1985",https://web.itu.edu.tr/toros/yayinlar/2019/AMonthlyAssessmentofHumanBioclimaticComfortConditionsinIstanbul.pdf,"Mieczkowski Z. (1985), *The tourism climatic index: a method of evaluating world climates for tourism*, Canadian Geographer/Le Géographe Canadien, 29(3), 220-233.",18,linked_to_included_study,선정 연구의 검색 반환/서지 사본; 접근 단계는 별도 행 참조,search_return_only,HC-S08,search_records/HC-Q09.json#result-16,
search_return,HC-Q09,2026-09-14,web.search,"""The Tourism Climate Index"" Mieczkowski 1985",https://repositoriodigital.uns.edu.ar/bitstream/handle/123456789/7288/TANANA%20A.T_%20TESIS_firmado%20%282%29.pdf?isAllowed=y&sequence=1,"Mieczkowski, Z. (1985). The Tourism Climate Index: A method of evaluating world climates for tourism. *The Canadian Geographer*, 29(3), 220–233.",18,excluded_scope,제목/검색 맥락상 대상 물활동·환경 결과와 무관하거나 관광 홍보,search_return_only,,search_records/HC-Q09.json#result-17,
search_return,HC-Q09,2026-09-14,web.search,"""The Tourism Climate Index"" Mieczkowski 1985",https://en.wikipedia.org/wiki/Climate_change_in_Greece,Climate change in Greece,18,not_extracted_candidate,관련 가능 반환; 우선 원연구·직접 결과 중심 범위에서 추가 원문 검토하지 않음,search_return_only,,search_records/HC-Q09.json#result-18,
search_return,HC-Q10,2026-09-14,web.search,"""Human Thermal Sensation and Comfort of Beach Areas in Summer"" pdf",https://www.researchgate.net/publication/308663713_Human_Thermal_Sensation_and_Comfort_of_Beach_Areas_in_Summer_-_Woljeong-ri_Beach_Gujwa-eup_Jeju-si_Jeju_Special_Self-Governing_Province_-,"(PDF) Human Thermal Sensation and Comfort of Beach Areas in Summer - Woljeong-ri Beach, Gujwa-eup, Jeju-si, Jeju Special Self-Governing Province -",12,duplicate_url,이미 반환된 URL; 독립 논문/표본으로 합산하지 않음,search_return_only,HC-S05,search_records/HC-Q10.json#result-1,
search_return,HC-Q10,2026-09-14,web.search,"""Human Thermal Sensation and Comfort of Beach Areas in Summer"" pdf",https://www.kci.go.kr/kciportal/ci/sereArticleSearch/ciSereArtiView.kci?sereArticleSearchBean.artiId=ART002141334,여름철 해변지역의 인간 열환경지수 및 열쾌적성 - 제주특별자치도 제주시 구좌읍 월정리 해변 -,12,duplicate_url,이미 반환된 URL; 독립 논문/표본으로 합산하지 않음,search_return_only,HC-S05,search_records/HC-Q10.json#result-2,
search_return,HC-Q10,2026-09-14,web.search,"""Human Thermal Sensation and Comfort of Beach Areas in Summer"" pdf",https://www.auric.or.kr/user/Rdoc/DocCmag.aspx?dn=214462&returnVal=CMAG,여름철 해변지역의 인간 열환경지수 및 열쾌적성 - AURIC,12,duplicate_url,이미 반환된 URL; 독립 논문/표본으로 합산하지 않음,search_return_only,HC-S05,search_records/HC-Q10.json#result-3,
search_return,HC-Q10,2026-09-14,web.search,"""Human Thermal Sensation and Comfort of Beach Areas in Summer"" pdf",https://hort.jejunu.ac.kr/hort/index/professor/professorinfo.htm,교수진소개 - 제주대학교 원예과학전공,12,excluded_listing,논문 자체가 아닌 목록/인물/검색/특집 페이지,search_return_only,,search_records/HC-Q10.json#result-4,
search_return,HC-Q10,2026-09-14,web.search,"""Human Thermal Sensation and Comfort of Beach Areas in Summer"" pdf",https://www.researchgate.net/scientific-contributions/Sangman-Jo-2115832010,Sangman Jo's research works | Jeju National University and other places,12,not_extracted_candidate,관련 가능 반환; 우선 원연구·직접 결과 중심 범위에서 추가 원문 검토하지 않음,search_return_only,,search_records/HC-Q10.json#result-5,
search_return,HC-Q10,2026-09-14,web.search,"""Human Thermal Sensation and Comfort of Beach Areas in Summer"" pdf",https://www.researchgate.net/profile/Sookuk-Park,"Sookuk PARK | Professor | PhD | Horticultural Science, College of Applied Life Sciences | Research profile",12,excluded_listing,논문 자체가 아닌 목록/인물/검색/특집 페이지,search_return_only,,search_records/HC-Q10.json#result-6,
search_return,HC-Q10,2026-09-14,web.search,"""Human Thermal Sensation and Comfort of Beach Areas in Summer"" pdf",https://dbpia.co.kr/journal/articleDetail?nodeId=NODE09918988,여름철 해변지역의 인간 열환경지수 및 열쾌적성 - 제주특별자치도 제주시 구좌읍 월정리 해변 - - 한국조경학회지 : 논문 | DBpia,12,linked_to_included_study,선정 연구의 검색 반환/서지 사본; 접근 단계는 별도 행 참조,search_return_only,HC-S05,search_records/HC-Q10.json#result-7,
search_return,HC-Q10,2026-09-14,web.search,"""Human Thermal Sensation and Comfort of Beach Areas in Summer"" pdf",https://www.researchgate.net/publication/264022836_A_Study_of_the_Development_of_a_Korea_Wind_Chill_Temperature_IndexIII_-_Principal_Experiment_for_Development_of_the_Korea_Wind_Chill_Temperature_Index_-,(PDF) A Study of the Development of a Korea Wind Chill Temperature Index(III) - Principal Experiment for Development of the Korea Wind Chill Temperature Index -,12,not_extracted_candidate,관련 가능 반환; 우선 원연구·직접 결과 중심 범위에서 추가 원문 검토하지 않음,search_return_only,,search_records/HC-Q10.json#result-8,
search_return,HC-Q10,2026-09-14,web.search,"""Human Thermal Sensation and Comfort of Beach Areas in Summer"" pdf",https://www.researchgate.net/publication/264152267_A_Study_on_Greenspace_Planning_Strategies_for_Thermal_Comfort_and_Energy_Savings,A Study on Greenspace Planning Strategies for Thermal Comfort and Energy Savings,12,not_extracted_candidate,관련 가능 반환; 우선 원연구·직접 결과 중심 범위에서 추가 원문 검토하지 않음,search_return_only,,search_records/HC-Q10.json#result-9,
search_return,HC-Q10,2026-09-14,web.search,"""Human Thermal Sensation and Comfort of Beach Areas in Summer"" pdf",https://www.riss4u.net/search/Search.do?colName=re_a_kor&isDetailSearch=Y&queryText=znCreator%2C%EB%B0%95%EC%88%98%EA%B5%AD&searchGubun=true,RISS 검색 - 국내학술지논문,12,duplicate_url,이미 반환된 URL; 독립 논문/표본으로 합산하지 않음,search_return_only,,search_records/HC-Q10.json#result-10,
search_return,HC-Q10,2026-09-14,web.search,"""Human Thermal Sensation and Comfort of Beach Areas in Summer"" pdf",https://journal.kci.go.kr/JAKG/archive/articleView?artiId=ART002338520,"Spatio-temporal Patterns and Long-term Trends of Apparent Temperature in Jeju Island, Korea (제주도 지역 체감온도의 시･공간적 분포 특징과 장기간 변화 경향)",12,not_extracted_candidate,관련 가능 반환; 우선 원연구·직접 결과 중심 범위에서 추가 원문 검토하지 않음,search_return_only,,search_records/HC-Q10.json#result-11,
search_return,HC-Q10,2026-09-14,web.search,"""Human Thermal Sensation and Comfort of Beach Areas in Summer"" pdf",https://eurekamag.com/research/080/176/080176513.php,"Beach showers as sources of contamination for sunscreen pollution in marine protected areas and areas of intensive beach tourism in Hawaii, USA",12,not_extracted_candidate,관련 가능 반환; 우선 원연구·직접 결과 중심 범위에서 추가 원문 검토하지 않음,search_return_only,,search_records/HC-Q10.json#result-12,
search_return,HC-Q11,2026-09-14,web.search,"""beach walking"" ""climatic index"" Korea 2025 2026",https://meetingorganizer.copernicus.org/EGU24/EGU24-5058.html,Abstract EGU24-5058,11,linked_to_included_study,선정 연구의 검색 반환/서지 사본; 접근 단계는 별도 행 참조,search_return_only,HC-S11,search_records/HC-Q11.json#result-1,
search_return,HC-Q11,2026-09-14,web.search,"""beach walking"" ""climatic index"" Korea 2025 2026",https://meetingorganizer.copernicus.org/EGU24/session/49167,Session CL2.5,11,not_extracted_candidate,관련 가능 반환; 우선 원연구·직접 결과 중심 범위에서 추가 원문 검토하지 않음,search_return_only,,search_records/HC-Q11.json#result-2,
search_return,HC-Q11,2026-09-14,web.search,"""beach walking"" ""climatic index"" Korea 2025 2026",https://hikersbay.com/travel-informations/bulgaria/bulgariasunnybeach/sunny-beach-tourist-information.html?lang=en,"Sunny Beach, Bulgaria Travel Information 2026: Safety, Healthcare, Transport, Prices and Air Quality",11,not_extracted_candidate,관련 가능 반환; 우선 원연구·직접 결과 중심 범위에서 추가 원문 검토하지 않음,search_return_only,,search_records/HC-Q11.json#result-3,
search_return,HC-Q11,2026-09-14,web.search,"""beach walking"" ""climatic index"" Korea 2025 2026",https://www.clipzui.cc/?q=%23antalya,"#ANTALYA - Download Mp4, M4a, Webm for Free!",11,not_extracted_candidate,관련 가능 반환; 우선 원연구·직접 결과 중심 범위에서 추가 원문 검토하지 않음,search_return_only,,search_records/HC-Q11.json#result-4,
search_return,HC-Q11,2026-09-14,web.search,"""beach walking"" ""climatic index"" Korea 2025 2026",https://www.nature.com/articles/s41467-025-65373-z,Predicting human mobility flows in cities using deep learning on satellite imagery | Nature Communications,11,not_extracted_candidate,관련 가능 반환; 우선 원연구·직접 결과 중심 범위에서 추가 원문 검토하지 않음,search_return_only,,search_records/HC-Q11.json#result-5,
search_return,HC-Q11,2026-09-14,web.search,"""beach walking"" ""climatic index"" Korea 2025 2026",https://pmc.ncbi.nlm.nih.gov/articles/PMC11668498/,New York State Climate Impacts Assessment Chapter 09: Transportation - PMC,11,not_extracted_candidate,관련 가능 반환; 우선 원연구·직접 결과 중심 범위에서 추가 원문 검토하지 않음,search_return_only,,search_records/HC-Q11.json#result-6,
search_return,HC-Q11,2026-09-14,web.search,"""beach walking"" ""climatic index"" Korea 2025 2026",https://costoflivingusa.com/best-places-to-retire-in-america/near-the-beach/,Best Beach Towns to Retire In — Affordable Coastal 2026,11,excluded_scope,제목/검색 맥락상 대상 물활동·환경 결과와 무관하거나 관광 홍보,search_return_only,,search_records/HC-Q11.json#result-7,
search_return,HC-Q11,2026-09-14,web.search,"""beach walking"" ""climatic index"" Korea 2025 2026",https://pt.scribd.com/document/883520432/Namma-Kalvi-12th-English-Drill-Book-Surya-Publications,English Drill Book for Class 12 | PDF | Plural | English Language,11,excluded_scope,제목/검색 맥락상 대상 물활동·환경 결과와 무관하거나 관광 홍보,search_return_only,,search_records/HC-Q11.json#result-8,
search_return,HC-Q11,2026-09-14,web.search,"""beach walking"" ""climatic index"" Korea 2025 2026",https://pmc.ncbi.nlm.nih.gov/articles/PMC13337431/,The use of outdoor environments in school-based physical education: a scoping review - PMC,11,not_extracted_candidate,관련 가능 반환; 우선 원연구·직접 결과 중심 범위에서 추가 원문 검토하지 않음,search_return_only,,search_records/HC-Q11.json#result-9,
search_return,HC-Q11,2026-09-14,web.search,"""beach walking"" ""climatic index"" Korea 2025 2026",https://pt.scribd.com/document/475075573/02-Borrador-del-II-WOA-Completo-479-851-pdf,Borrador Del II WOA - Completo-479-851 PDF | PDF | Ocean Acidification | Tropical Cyclones,11,not_extracted_candidate,관련 가능 반환; 우선 원연구·직접 결과 중심 범위에서 추가 원문 검토하지 않음,search_return_only,,search_records/HC-Q11.json#result-10,
search_return,HC-Q11,2026-09-14,web.search,"""beach walking"" ""climatic index"" Korea 2025 2026",https://bymapandcompass.com/tag/glenn-burns/,Glenn Burns | by map and compass,11,excluded_scope,제목/검색 맥락상 대상 물활동·환경 결과와 무관하거나 관광 홍보,search_return_only,,search_records/HC-Q11.json#result-11,
search_return,HC-Q12,2026-09-14,web.search,"""beach"" ""observed"" ""climate preference"" swimming 2024 2025 2026 validation",https://www.mdpi.com/2073-4433/11/4/412,An Inter-Comparison of the Holiday Climate Index (HCI:Beach) and the Tourism Climate Index (TCI) to Explain Canadian Tourism Arrivals to the Caribbean | MDPI,15,linked_to_included_study,선정 연구의 검색 반환/서지 사본; 접근 단계는 별도 행 참조,search_return_only,HC-S01,search_records/HC-Q12.json#result-1,
search_return,HC-Q12,2026-09-14,web.search,"""beach"" ""observed"" ""climate preference"" swimming 2024 2025 2026 validation",https://res.mdpi.com/d_attachment/atmosphere/atmosphere-11-00412/article_deploy/atmosphere-11-00412.pdf,An Inter-Comparison of the Holi,15,linked_to_included_study,선정 연구의 검색 반환/서지 사본; 접근 단계는 별도 행 참조,search_return_only,HC-S01,search_records/HC-Q12.json#result-2,
search_return,HC-Q12,2026-09-14,web.search,"""beach"" ""observed"" ""climate preference"" swimming 2024 2025 2026 validation",https://www.nature.com/articles/s41598-023-28544-w,Applying an ecosystem services framework on nature and mental health to recreational blue space visits across 18 countries | Scientific Reports,15,not_extracted_candidate,관련 가능 반환; 우선 원연구·직접 결과 중심 범위에서 추가 원문 검토하지 않음,search_return_only,,search_records/HC-Q12.json#result-3,
search_return,HC-Q12,2026-09-14,web.search,"""beach"" ""observed"" ""climate preference"" swimming 2024 2025 2026 validation",https://www.frontiersin.org/journals/public-health/articles/10.3389/fpubh.2026.1836657/full,Frontiers | Nonlinear effects of climate change on outdoor activities and potential feedback pathways: a systematic review,15,linked_to_included_study,선정 연구의 검색 반환/서지 사본; 접근 단계는 별도 행 참조,search_return_only,HC-S12,search_records/HC-Q12.json#result-4,
search_return,HC-Q12,2026-09-14,web.search,"""beach"" ""observed"" ""climate preference"" swimming 2024 2025 2026 validation",https://pmc.ncbi.nlm.nih.gov/articles/PMC7406217/,A comparison of the holiday climate index:beach and the tourism climate index across coastal destinations in China - PMC,15,duplicate_url,이미 반환된 URL; 독립 논문/표본으로 합산하지 않음,search_return_only,HC-S10,search_records/HC-Q12.json#result-5,
search_return,HC-Q12,2026-09-14,web.search,"""beach"" ""observed"" ""climate preference"" swimming 2024 2025 2026 validation",https://www.researchgate.net/publication/316882575_Differences_in_the_importance_of_weather_and_weather-based_decisions_among_campers_in_Ontario_parks_Canada,(PDF) Differences in the importance of weather and weather-based decisions among campers in Ontario parks (Canada),15,not_extracted_candidate,관련 가능 반환; 우선 원연구·직접 결과 중심 범위에서 추가 원문 검토하지 않음,search_return_only,,search_records/HC-Q12.json#result-6,
search_return,HC-Q12,2026-09-14,web.search,"""beach"" ""observed"" ""climate preference"" swimming 2024 2025 2026 validation",https://www.researchgate.net/publication/233758650_Developments_in_Tourism_Climatology,(PDF) Developments in Tourism Climatology,15,not_extracted_candidate,관련 가능 반환; 우선 원연구·직접 결과 중심 범위에서 추가 원문 검토하지 않음,search_return_only,,search_records/HC-Q12.json#result-7,
search_return,HC-Q12,2026-09-14,web.search,"""beach"" ""observed"" ""climate preference"" swimming 2024 2025 2026 validation",https://www.asg.ed.tum.de/en/asg/research-and-innovation/publications/,Publications - Department of Aerospace and Geodesy,15,not_extracted_candidate,관련 가능 반환; 우선 원연구·직접 결과 중심 범위에서 추가 원문 검토하지 않음,search_return_only,,search_records/HC-Q12.json#result-8,
search_return,HC-Q12,2026-09-14,web.search,"""beach"" ""observed"" ""climate preference"" swimming 2024 2025 2026 validation",https://ipc.sabanciuniv.edu/Content/Images/CKeditorImages/20200326-01035115.pdf,"PROCEEDINGS OF THE 4TH INTERNATIONAL CONFERENCE ON CLIMATE, TOURISM AND RECREATION - CCTR2015",15,not_extracted_candidate,관련 가능 반환; 우선 원연구·직접 결과 중심 범위에서 추가 원문 검토하지 않음,search_return_only,,search_records/HC-Q12.json#result-9,
search_return,HC-Q12,2026-09-14,web.search,"""beach"" ""observed"" ""climate preference"" swimming 2024 2025 2026 validation",https://www.scribd.com/document/817382942/An-Inter-Comparison-of-the-Holiday-Climate-Index-and-the-Tourism-Climate-Index-to-Explain-Canadian-Tourism-Arrivals-to-the-Caribbean,Climate Indices for Caribbean Tourism | PDF | Tourism | Climate,15,not_extracted_candidate,관련 가능 반환; 우선 원연구·직접 결과 중심 범위에서 추가 원문 검토하지 않음,search_return_only,,search_records/HC-Q12.json#result-10,
search_return,HC-Q12,2026-09-14,web.search,"""beach"" ""observed"" ""climate preference"" swimming 2024 2025 2026 validation",https://doi.org/10.3389/fpubh.2026.1836657,Frontiers | Nonlinear effects of climate change on outdoor activities and potential feedback pathways: a systematic review,15,linked_to_included_study,선정 연구의 검색 반환/서지 사본; 접근 단계는 별도 행 참조,search_return_only,HC-S12,search_records/HC-Q12.json#result-11,
search_return,HC-Q12,2026-09-14,web.search,"""beach"" ""observed"" ""climate preference"" swimming 2024 2025 2026 validation",https://independent.academia.edu/MichelleRutty,Michelle Rutty - Research Profile - Research Papers,15,excluded_listing,논문 자체가 아닌 목록/인물/검색/특집 페이지,search_return_only,,search_records/HC-Q12.json#result-12,
search_return,HC-Q12,2026-09-14,web.search,"""beach"" ""observed"" ""climate preference"" swimming 2024 2025 2026 validation",https://www.researchgate.net/publication/402064260_Quantifying_climate_comfort_sensitivity_for_urban_and_beach_tourism_in_China_An_HCI-based_attribution_analysis,Quantifying climate comfort sensitivity for urban and beach tourism in China: An HCI-based attribution analysis | Request PDF,15,not_extracted_candidate,관련 가능 반환; 우선 원연구·직접 결과 중심 범위에서 추가 원문 검토하지 않음,search_return_only,,search_records/HC-Q12.json#result-13,
search_return,HC-Q12,2026-09-14,web.search,"""beach"" ""observed"" ""climate preference"" swimming 2024 2025 2026 validation",https://www.scribd.com/document/311132511/ProceedingsRaporENG-10-11-15-web,Climate Impact on Tourism Insights | PDF | Tourism | Climate,15,not_extracted_candidate,관련 가능 반환; 우선 원연구·직접 결과 중심 범위에서 추가 원문 검토하지 않음,search_return_only,,search_records/HC-Q12.json#result-14,
search_return,HC-Q12,2026-09-14,web.search,"""beach"" ""observed"" ""climate preference"" swimming 2024 2025 2026 validation",https://www.viirj.org/specialissues/2023/SP2302/Part%203.pdf,Vidyabharati International Interdisciplinary Research Journal  ISSN 2319-4979,15,not_extracted_candidate,관련 가능 반환; 우선 원연구·직접 결과 중심 범위에서 추가 원문 검토하지 않음,search_return_only,,search_records/HC-Q12.json#result-15,
search_return,HC-Q13,2026-09-14,exa.search,category:research paper Human Thermal Sensation Comfort Beach Areas Summer Woljeong Park 2016 10.9715,https://doi.org/10.9715/kila.2016.44.4.100,"Human Thermal Sensation and Comfort of Beach Areas in Summer - Woljeong-ri Beach, Gujwa-eup, Jeju-si, Jeju Special Self-Governing Province -",5,linked_to_included_study,선정 연구의 검색 반환/서지 사본; 접근 단계는 별도 행 참조,search_return_only,HC-S05,search_records/HC-Q13.json#result-1,
search_return,HC-Q13,2026-09-14,exa.search,category:research paper Human Thermal Sensation Comfort Beach Areas Summer Woljeong Park 2016 10.9715,https://www.koreascience.kr/article/JAKO201627037746173.page?lang=en,"Human Thermal Sensation and Comfort of Beach Areas in Summer - Woljeong-ri Beach, Gujwa-eup, Jeju-si, Jeju Special Self-Governing Province -
				-Journal of the Korean Institute of Landscape Architecture
			
		
	 | Korea Science",5,duplicate_url,이미 반환된 URL; 독립 논문/표본으로 합산하지 않음,search_return_only,HC-S05,search_records/HC-Q13.json#result-2,
search_return,HC-Q13,2026-09-14,exa.search,category:research paper Human Thermal Sensation Comfort Beach Areas Summer Woljeong Park 2016 10.9715,http://sam.riss.kr/findThesisAnalysis.do?controlNo=102417886&docType=A,SAM 학술관계분석서비스,5,duplicate_url,이미 반환된 URL; 독립 논문/표본으로 합산하지 않음,search_return_only,,search_records/HC-Q13.json#result-3,
search_return,HC-Q13,2026-09-14,exa.search,category:research paper Human Thermal Sensation Comfort Beach Areas Summer Woljeong Park 2016 10.9715,https://www.happycampus.com/paper-doc/32258334/,여름철 해변지역의 인간 열환경지수 및 열쾌적성 - 제주특별자치도 제주시 구좌읍 월정리 해변 - 논문,5,duplicate_url,이미 반환된 URL; 독립 논문/표본으로 합산하지 않음,search_return_only,HC-S05,search_records/HC-Q13.json#result-4,
search_return,HC-Q13,2026-09-14,exa.search,category:research paper Human Thermal Sensation Comfort Beach Areas Summer Woljeong Park 2016 10.9715,https://123dok.co/document/q2n6pdmp-thermal-sensation-comfort-summer-woljeong-special-governing-province.html,"Human Thermal Sensation and Comfort of Beach Areas in Summer - Woljeong-ri Beach, Gujwa-eup, Jeju-si, Jeju Special Self-Governing Province -",5,duplicate_url,이미 반환된 URL; 독립 논문/표본으로 합산하지 않음,search_return_only,HC-S05,search_records/HC-Q13.json#result-5,
search_return,HC-Q14,2026-09-14,exa.search,category:research paper original Holiday Climate Index urban Scott Rutty Amelung Tang 2016 empirical validation Europe,https://doi.org/10.3390/atmos7060080,An Inter-Comparison of the Holiday Climate Index (HCI) and the Tourism Climate Index (TCI) in Europe,5,linked_to_included_study,선정 연구의 검색 반환/서지 사본; 접근 단계는 별도 행 참조,search_return_only,HC-S09,search_records/HC-Q14.json#result-1,
search_return,HC-Q14,2026-09-14,exa.search,category:research paper original Holiday Climate Index urban Scott Rutty Amelung Tang 2016 empirical validation Europe,https://mdpi-res.com/d_attachment/atmosphere/atmosphere-07-00080/article_deploy/atmosphere-07-00080.pdf?version=1465300086,An Inter-Comparison of the Holiday Climate Index (HCI) and the Tourism Climate Index (TCI) in Europe,5,linked_to_included_study,선정 연구의 검색 반환/서지 사본; 접근 단계는 별도 행 참조,search_return_only,HC-S09,search_records/HC-Q14.json#result-2,
search_return,HC-Q14,2026-09-14,exa.search,category:research paper original Holiday Climate Index urban Scott Rutty Amelung Tang 2016 empirical validation Europe,https://www.mdpi.com/2073-4433/7/6/80,An Inter-Comparison of the Holiday Climate Index (HCI) ...,5,linked_to_included_study,선정 연구의 검색 반환/서지 사본; 접근 단계는 별도 행 참조,search_return_only,HC-S09,search_records/HC-Q14.json#result-3,
search_return,HC-Q14,2026-09-14,exa.search,category:research paper original Holiday Climate Index urban Scott Rutty Amelung Tang 2016 empirical validation Europe,https://pdfs.semanticscholar.org/7a49/cdfe784e6e9021c31e4ccff995634b2c4c68.pdf,N/A,5,not_extracted_candidate,관련 가능 반환; 우선 원연구·직접 결과 중심 범위에서 추가 원문 검토하지 않음,search_return_only,,search_records/HC-Q14.json#result-4,
search_return,HC-Q14,2026-09-14,exa.search,category:research paper original Holiday Climate Index urban Scott Rutty Amelung Tang 2016 empirical validation Europe,https://research.wur.nl/en/publications/an-inter-comparison-of-the-holiday-climate-index-hci-and-the-tour/,An inter-comparison of the Holiday Climate Index (HCI) ...,5,linked_to_included_study,선정 연구의 검색 반환/서지 사본; 접근 단계는 별도 행 참조,search_return_only,HC-S09,search_records/HC-Q14.json#result-5,
search_return,HC-Q15,2026-09-14,web.search,"""10.3354/cr00774"" ""38""",https://lup.lub.lu.se/record/1272799,"Preferred climates for tourism: case studies from Canada, New Zealand and Sweden. | Lund University Publications",18,linked_to_included_study,선정 연구의 검색 반환/서지 사본; 접근 단계는 별도 행 참조,search_return_only,HC-S14,search_records/HC-Q15.json#turn87search0,
search_return,HC-Q15,2026-09-14,web.search,"""10.3354/cr00774"" ""38""",https://portal.research.lu.se/en/publications/preferred-climates-for-tourism-case-studies-from-canada-new-zeala/,"Preferred climates for tourism: case studies from Canada, New Zealand and Sweden. - Lund University",18,linked_to_included_study,선정 연구의 검색 반환/서지 사본; 접근 단계는 별도 행 참조,search_return_only,HC-S14,search_records/HC-Q15.json#turn87search1,
search_return,HC-Q15,2026-09-14,web.search,"""10.3354/cr00774"" ""38""",https://www.int-res.com/articles/cr2009/38/c038p061.pdf,Printed December 2008,18,linked_to_included_study,선정 연구의 검색 반환/서지 사본; 접근 단계는 별도 행 참조,search_return_only,HC-S14,search_records/HC-Q15.json#turn87search12,
search_return,HC-Q15,2026-09-14,web.search,"""10.3354/cr00774"" ""38""",https://www.lunduniversity.lu.se/lup/publication/2a3bcbd8-ba1e-4cd1-91fc-21eb406ec0b9,"Preferred climates for tourism: case studies from Canada, New Zealand and Sweden. | Lund University",18,linked_to_included_study,선정 연구의 검색 반환/서지 사본; 접근 단계는 별도 행 참조,search_return_only,HC-S14,search_records/HC-Q15.json#turn87search2,
search_return,HC-Q15,2026-09-14,web.search,"""10.3354/cr00774"" ""38""",https://pmc.ncbi.nlm.nih.gov/articles/PMC7188899/,A multidecadal assessment of climate indices over Europe - PMC,18,not_extracted_candidate,관련 가능 반환; 우선 원연구·직접 결과 중심 범위에서 추가 원문 검토하지 않음,search_return_only,,search_records/HC-Q15.json#turn87search3,
search_return,HC-Q15,2026-09-14,web.search,"""10.3354/cr00774"" ""38""",https://www.lu.se/lup/publication/2a3bcbd8-ba1e-4cd1-91fc-21eb406ec0b9,"Preferred climates for tourism: case studies from Canada, New Zealand and Sweden. | Lunds universitet",18,linked_to_included_study,선정 연구의 검색 반환/서지 사본; 접근 단계는 별도 행 참조,search_return_only,HC-S14,search_records/HC-Q15.json#turn87search4,
search_return,HC-Q15,2026-09-14,web.search,"""10.3354/cr00774"" ""38""",https://ccsenet.org/journal/index.php/jgg/article/download/58369/31187,"Journal of Geography and Geology; Vol. 8, No. 2; 2016",18,excluded_scope,제목/검색 맥락상 대상 물활동·환경 결과와 무관하거나 관광 홍보,search_return_only,,search_records/HC-Q15.json#turn87search13,
search_return,HC-Q15,2026-09-14,web.search,"""10.3354/cr00774"" ""38""",https://journals.sagepub.com/doi/10.1177/10963480211070211,"Effects of Abnormal Weather Conditions on the Performance of Hotel Firms - Sung Gyun Mun, Sangwon Park, 2023",18,excluded_scope,제목/검색 맥락상 대상 물활동·환경 결과와 무관하거나 관광 홍보,search_return_only,,search_records/HC-Q15.json#turn87search5,
search_return,HC-Q15,2026-09-14,web.search,"""10.3354/cr00774"" ""38""",https://journals.plos.org/climate/article/file?id=10.1371%2Fjournal.pclm.0000266&type=printable,PLOS CLIMATE,18,not_extracted_candidate,관련 가능 반환; 우선 원연구·직접 결과 중심 범위에서 추가 원문 검토하지 않음,search_return_only,,search_records/HC-Q15.json#turn87search14,
search_return,HC-Q15,2026-09-14,web.search,"""10.3354/cr00774"" ""38""",https://pmc.ncbi.nlm.nih.gov/articles/PMC5752755/,Impact of selected personal factors on seasonal variability of recreationist weather perceptions and preferences in Warsaw (Poland) - PMC,18,not_extracted_candidate,관련 가능 반환; 우선 원연구·직접 결과 중심 범위에서 추가 원문 검토하지 않음,search_return_only,,search_records/HC-Q15.json#turn87search6,
search_return,HC-Q15,2026-09-14,web.search,"""10.3354/cr00774"" ""38""",https://doi.org/10.1177%2F10963480211070211,"Effects of Abnormal Weather Conditions on the Performance of Hotel Firms - Sung Gyun Mun, Sangwon Park, 2023",18,excluded_scope,제목/검색 맥락상 대상 물활동·환경 결과와 무관하거나 관광 홍보,search_return_only,,search_records/HC-Q15.json#turn87search7,
search_return,HC-Q15,2026-09-14,web.search,"""10.3354/cr00774"" ""38""",https://doiserbia.nb.rs/img/doi/0350-3593/2023/0350-35932302107C.pdf,ГЛАСНИК Српског географског друштва 103(2) 107-128,18,not_extracted_candidate,관련 가능 반환; 우선 원연구·직접 결과 중심 범위에서 추가 원문 검토하지 않음,search_return_only,,search_records/HC-Q15.json#turn87search15,
search_return,HC-Q15,2026-09-14,web.search,"""10.3354/cr00774"" ""38""",https://www.jccr.re.kr/_PR/view/?aidx=36551&bidx=3287,기후변화가 해안 관광목적지에 미치는 영향 분석 : 해수욕장의 활동선호일수 및 침수지역 변화를 중심으로,18,not_extracted_candidate,관련 가능 반환; 우선 원연구·직접 결과 중심 범위에서 추가 원문 검토하지 않음,search_return_only,,search_records/HC-Q15.json#turn87search8,
search_return,HC-Q15,2026-09-14,web.search,"""10.3354/cr00774"" ""38""",https://journals.plos.org/plosone/article/file?id=10.1371%2Fjournal.pone.0278591&type=printable,PLOS ONE RESEARCH ARTICLE Boost the resilience of,18,not_extracted_candidate,관련 가능 반환; 우선 원연구·직접 결과 중심 범위에서 추가 원문 검토하지 않음,search_return_only,,search_records/HC-Q15.json#turn87search16,
search_return,HC-Q15,2026-09-14,web.search,"""10.3354/cr00774"" ""38""",https://www.conjoncturevaudoise.ch/fileadmin/content/etudes/alpe-vaud-rapp-chang-clim-wsl-2013.pdf,CHANGEMENTS CLIMATIQUES,18,not_extracted_candidate,관련 가능 반환; 우선 원연구·직접 결과 중심 범위에서 추가 원문 검토하지 않음,search_return_only,,search_records/HC-Q15.json#turn87search17,
search_return,HC-Q15,2026-09-14,web.search,"""10.3354/cr00774"" ""38""",https://journals.sagepub.com/doi/abs/10.1177/10963480211070211,"Effects of Abnormal Weather Conditions on the Performance of Hotel Firms - Sung Gyun Mun, Sangwon Park, 2023",18,excluded_scope,제목/검색 맥락상 대상 물활동·환경 결과와 무관하거나 관광 홍보,search_return_only,,search_records/HC-Q15.json#turn87search9,
search_return,HC-Q15,2026-09-14,web.search,"""10.3354/cr00774"" ""38""",https://journals.ametsoc.org/view/journals/wcas/12/3/wcasD190133.xml,Exploring Climate Change Threats to Beach Tourism Destinations: Application of the Hazard–Activity Pairs Methodology to South Africa,18,not_extracted_candidate,관련 가능 반환; 우선 원연구·직접 결과 중심 범위에서 추가 원문 검토하지 않음,search_return_only,,search_records/HC-Q15.json#turn87search10,
search_return,HC-Q15,2026-09-14,web.search,"""10.3354/cr00774"" ""38""",https://ouci.dntb.gov.ua/en/works/leoRgkW7/,The impact of weather and climate on tourist demand: the case of Chester Zoo,18,excluded_scope,제목/검색 맥락상 대상 물활동·환경 결과와 무관하거나 관광 홍보,search_return_only,,search_records/HC-Q15.json#turn87search11,
retrieval_attempt,HC-R01,2026-09-14,web.open,direct source retrieval,https://www.mdpi.com/2073-4433/11/4/412,An Inter-Comparison of the Holiday Climate Index (HCI:Beach) and the Tourism Climate Index (TCI) to Explain Canadian Tourism Arrivals to the Caribbean,,access_limitation,,full_text_unavailable,HC-S01,search_records/HC-reading-log.json,429 Too Many Requests
retrieval_attempt,HC-R02a,2026-09-14,exa.fetch,direct source retrieval,https://www.mdpi.com/2073-4433/11/4/412,An Inter-Comparison of the Holiday Climate Index (HCI:Beach) and the Tourism Climate Index (TCI) to Explain Canadian Tourism Arrivals to the Caribbean,,included,,full_text_checked,HC-S01,search_records/HC-reading-log.json,"§3–6,Tables2–7 확인; web429후 Exa추출 성공"
retrieval_attempt,HC-R02b,2026-09-14,exa.fetch,direct source retrieval,https://doi.org/10.1007/s00484-014-0820-x,Bioclimatic comfort and the thermal perceptions and preferences of beach tourists,,access_limitation,,metadata_only,HC-S03,search_records/HC-reading-log.json,메타·참고문헌만; 본문 없음
retrieval_attempt,HC-R02c,2026-09-14,exa.fetch,direct source retrieval,https://doi.org/10.3354/cr01183,Differential climate preferences of international beach tourists,,included,,full_text_checked,HC-S02,search_records/HC-reading-log.json,"Methods/Results/Tables2,5 확인"
retrieval_attempt,HC-R02d,2026-09-14,exa.fetch,direct source retrieval,https://doi.org/10.3390/su9091535,Impact of Climate Change on the Preferred Season for Outdoor Water Activities,,included,,full_text_checked,HC-S04,search_records/HC-reading-log.json,"Study Sites/Data and Analysis/Preferred Weather Conditions/Discussion;Tables3,5–8"
retrieval_attempt,HC-R03,2026-09-14,web.open,direct source retrieval,https://www.kci.go.kr/kciportal/ci/sereArticleSearch/ciSereArtiView.kci?sereArticleSearchBean.artiId=ART002141334,여름철 해변지역의 인간 열환경지수 및 열쾌적성 - 제주특별자치도 제주시 구좌읍 월정리 해변 -,,included,,abstract_only,HC-S05,search_records/HC-reading-log.json,서지와초록 확인; 전체논문 미노출
retrieval_attempt,HC-R04,2026-09-14,web.open,direct source retrieval,https://pubmed.ncbi.nlm.nih.gov/24671407/,Bioclimatic comfort and the thermal perceptions and preferences of beach tourists,,included,,abstract_only,HC-S03,search_records/HC-reading-log.json,PubMed초록234–237행
retrieval_attempt,HC-R05,2026-09-14,web.open,direct source retrieval,https://link.springer.com/article/10.1007/s00484-019-01799-7,Development of a data-driven weather index for beach parks tourism,,included,,abstract_only,HC-S06,search_records/HC-reading-log.json,초록과서지;subscription preview
retrieval_attempt,HC-R06,2026-09-14,web.open,direct source retrieval,https://link.springer.com/article/10.1007/s00484-007-0134-3,A second generation climate index for tourism (CIT): specification and verification,,included,,abstract_only,HC-S07,search_records/HC-reading-log.json,초록과서지;subscription preview
retrieval_attempt,HC-R07,2026-09-14,web.open,direct source retrieval,https://onlinelibrary.wiley.com/doi/10.1111/j.1541-0064.1985.tb00365.x,The Tourism Climatic Index: A Method of Evaluating World Climates for Tourism,,included,,abstract_only,HC-S08,search_records/HC-reading-log.json,초록60–64행; 본문 미노출
retrieval_attempt,HC-R08,2026-09-14,web.open,direct source retrieval,https://www.koreascience.kr/article/JAKO201627037746173.page?lang=en,여름철 해변지역의 인간 열환경지수 및 열쾌적성 - 제주특별자치도 제주시 구좌읍 월정리 해변 -,,access_limitation,,full_text_unavailable,HC-S05,search_records/HC-reading-log.json,tool non-retryable URL error
retrieval_attempt,HC-R09a,2026-09-14,exa.fetch,direct source retrieval,https://doi.org/10.9715/KILA.2016.44.4.100,여름철 해변지역의 인간 열환경지수 및 열쾌적성 - 제주특별자치도 제주시 구좌읍 월정리 해변 -,,access_limitation,,full_text_unavailable,HC-S05,search_records/HC-reading-log.json,이 batch에서 해당URL 독립본문 반환 없음
retrieval_attempt,HC-R09b,2026-09-14,exa.fetch,direct source retrieval,https://www.koreascience.kr/article/JAKO201627037746173.page?lang=en,여름철 해변지역의 인간 열환경지수 및 열쾌적성 - 제주특별자치도 제주시 구좌읍 월정리 해변 -,,included,,abstract_only,HC-S05,search_records/HC-reading-log.json,Abstract/DOI확인;PDF본문 반환안됨
retrieval_attempt,HC-R09c,2026-09-14,exa.fetch,direct source retrieval,https://www.mdpi.com/2073-4433/7/6/80,An Inter-Comparison of the Holiday Climate Index (HCI) and the Tourism Climate Index (TCI) in Europe,,included,,full_text_checked,HC-S09,search_records/HC-reading-log.json,§3–5/Eq2/Fig2 확인; 끝 references잘림 가능
retrieval_attempt,HC-R10,2026-09-14,web.open,direct source retrieval,https://meetingorganizer.copernicus.org/EGU24/EGU24-5058.html,The development of the Koreans’ climatic index for tourism (KCIT),,included,,abstract_only,HC-S11,search_records/HC-reading-log.json,학회초록114–119행;별도원논문 아님
retrieval_attempt,HC-R11a,2026-09-14,exa.fetch,direct source retrieval,https://www.researchgate.net/publication/308663713_Human_Thermal_Sensation_and_Comfort_of_Beach_Areas_in_Summer_-_Woljeong-ri_Beach_Gujwa-eup_Jeju-si_Jeju_Special_Self-Governing_Province_-,여름철 해변지역의 인간 열환경지수 및 열쾌적성 - 제주특별자치도 제주시 구좌읍 월정리 해변 -,,access_limitation,,full_text_unavailable,HC-S05,search_records/HC-reading-log.json,batch에본문 반환되지 않음
retrieval_attempt,HC-R11b,2026-09-14,exa.fetch,direct source retrieval,https://www.frontiersin.org/journals/public-health/articles/10.3389/fpubh.2026.1836657/full,Nonlinear effects of climate change on outdoor activities and potential feedback pathways: a systematic review,,included,,full_text_checked,HC-S12,search_records/HC-reading-log.json,§2–4.5 관련 방법/결과/한계 확인;원연구독립표본 아님
retrieval_attempt,HC-R11c,2026-09-14,exa.fetch,direct source retrieval,https://pmc.ncbi.nlm.nih.gov/articles/PMC7406217/,A comparison of the holiday climate index:beach and the tourism climate index across coastal destinations in China,,included,,full_text_checked,HC-S10,search_records/HC-reading-log.json,Methods/Table1/Results/Discussion 확인
retrieval_attempt,HC-R12a,2026-09-14,exa.fetch,direct source retrieval,https://doi.org/10.1080/14616688.2014.932833,Thermal range of coastal tourism resort microclimates,,included,,abstract_only,HC-S13,search_records/HC-reading-log.json,초록/메타; 본문 없음
retrieval_attempt,HC-R12b,2026-09-14,exa.fetch,direct source retrieval,https://doi.org/10.3354/cr00774,"Preferred climates for tourism: case studies from Canada, New Zealand and Sweden",,included,,abstract_only,HC-S14,search_records/HC-reading-log.json,HCI선호개발원연구 추적; 초록/메타만
retrieval_attempt,HC-R13,2026-09-14,web.open metadata,Lund author-institution bibliographic conflict verification,https://lup.lub.lu.se/record/1272799,"Preferred climates for tourism: case studies from Canada, New Zealand and Sweden",,metadata_checked,,metadata_only,HC-S14,search_records/HC-reading-log.json,"Author institutional record lines22,51–65,77–88:2008 ClimateResearch38 pp61–73 DOIcr00774. Crossrefvolume45conflicts. Useauthorinstitution38; noPDFfulltextclaimed."
metadata_lookup,HC-M01,2026-09-14,Crossref public API via urllib,DOI bibliographic metadata lookup,https://api.crossref.org/works/10.3390%2Fatmos11040412,An Inter-Comparison of the Holiday Climate Index (HCI:Beach) and the Tourism Climate Index (TCI) to Explain Canadian Tourism Arrivals to the Caribbean,,metadata_checked,,metadata_checked,HC-S01,search_records/HC-crossref-metadata.json,서지 조회는 논문 초록/원문 검토 아님; HC-S14 권수 충돌은 원출처/저자기관 우선
metadata_lookup,HC-M02,2026-09-14,Crossref public API via urllib,DOI bibliographic metadata lookup,https://api.crossref.org/works/10.3354%2Fcr01183,Differential climate preferences of international beach tourists,,metadata_checked,,metadata_checked,HC-S02,search_records/HC-crossref-metadata.json,서지 조회는 논문 초록/원문 검토 아님; HC-S14 권수 충돌은 원출처/저자기관 우선
metadata_lookup,HC-M03,2026-09-14,Crossref public API via urllib,DOI bibliographic metadata lookup,https://api.crossref.org/works/10.1007%2Fs00484-014-0820-x,Bioclimatic comfort and the thermal perceptions and preferences of beach tourists,,access_failed,HTTPError,failed,HC-S03,search_records/HC-crossref-metadata.json,서지 조회는 논문 초록/원문 검토 아님; HC-S14 권수 충돌은 원출처/저자기관 우선
metadata_lookup,HC-M04,2026-09-14,Crossref public API via urllib,DOI bibliographic metadata lookup,https://api.crossref.org/works/10.3390%2Fsu9091535,Impact of Climate Change on the Preferred Season for Outdoor Water Activities,,metadata_checked,,metadata_checked,HC-S04,search_records/HC-crossref-metadata.json,서지 조회는 논문 초록/원문 검토 아님; HC-S14 권수 충돌은 원출처/저자기관 우선
metadata_lookup,HC-M05,2026-09-14,Crossref public API via urllib,DOI bibliographic metadata lookup,https://api.crossref.org/works/10.9715%2FKILA.2016.44.4.100,여름철 해변지역의 인간 열환경지수 및 열쾌적성 - 제주특별자치도 제주시 구좌읍 월정리 해변 -,,access_failed,HTTPError,failed,HC-S05,search_records/HC-crossref-metadata.json,서지 조회는 논문 초록/원문 검토 아님; HC-S14 권수 충돌은 원출처/저자기관 우선
metadata_lookup,HC-M06,2026-09-14,Crossref public API via urllib,DOI bibliographic metadata lookup,https://api.crossref.org/works/10.1007%2Fs00484-019-01799-7,Development of a data-driven weather index for beach parks tourism,,metadata_checked,,metadata_checked,HC-S06,search_records/HC-crossref-metadata.json,서지 조회는 논문 초록/원문 검토 아님; HC-S14 권수 충돌은 원출처/저자기관 우선
metadata_lookup,HC-M07,2026-09-14,Crossref public API via urllib,DOI bibliographic metadata lookup,https://api.crossref.org/works/10.1007%2Fs00484-007-0134-3,A second generation climate index for tourism (CIT): specification and verification,,metadata_checked,,metadata_checked,HC-S07,search_records/HC-crossref-metadata.json,서지 조회는 논문 초록/원문 검토 아님; HC-S14 권수 충돌은 원출처/저자기관 우선
metadata_lookup,HC-M08,2026-09-14,Crossref public API via urllib,DOI bibliographic metadata lookup,https://api.crossref.org/works/10.1111%2Fj.1541-0064.1985.tb00365.x,The Tourism Climatic Index: A Method of Evaluating World Climates for Tourism,,metadata_checked,,metadata_checked,HC-S08,search_records/HC-crossref-metadata.json,서지 조회는 논문 초록/원문 검토 아님; HC-S14 권수 충돌은 원출처/저자기관 우선
metadata_lookup,HC-M09,2026-09-14,Crossref public API via urllib,DOI bibliographic metadata lookup,https://api.crossref.org/works/10.3390%2Fatmos7060080,An Inter-Comparison of the Holiday Climate Index (HCI) and the Tourism Climate Index (TCI) in Europe,,metadata_checked,,metadata_checked,HC-S09,search_records/HC-crossref-metadata.json,서지 조회는 논문 초록/원문 검토 아님; HC-S14 권수 충돌은 원출처/저자기관 우선
metadata_lookup,HC-M10,2026-09-14,Crossref public API via urllib,DOI bibliographic metadata lookup,https://api.crossref.org/works/10.1007%2Fs00484-020-01979-w,A comparison of the holiday climate index:beach and the tourism climate index across coastal destinations in China,,metadata_checked,,metadata_checked,HC-S10,search_records/HC-crossref-metadata.json,서지 조회는 논문 초록/원문 검토 아님; HC-S14 권수 충돌은 원출처/저자기관 우선
metadata_lookup,HC-M11,2026-09-14,Crossref public API via urllib,DOI bibliographic metadata lookup,https://api.crossref.org/works/10.5194%2Fegusphere-egu24-5058,The development of the Koreans’ climatic index for tourism (KCIT),,metadata_checked,,metadata_checked,HC-S11,search_records/HC-crossref-metadata.json,서지 조회는 논문 초록/원문 검토 아님; HC-S14 권수 충돌은 원출처/저자기관 우선
metadata_lookup,HC-M12,2026-09-14,Crossref public API via urllib,DOI bibliographic metadata lookup,https://api.crossref.org/works/10.3389%2Ffpubh.2026.1836657,Nonlinear effects of climate change on outdoor activities and potential feedback pathways: a systematic review,,metadata_checked,,metadata_checked,HC-S12,search_records/HC-crossref-metadata.json,서지 조회는 논문 초록/원문 검토 아님; HC-S14 권수 충돌은 원출처/저자기관 우선
metadata_lookup,HC-M13,2026-09-14,Crossref public API via urllib,DOI bibliographic metadata lookup,https://api.crossref.org/works/10.1080%2F14616688.2014.932833,Thermal range of coastal tourism resort microclimates,,metadata_checked,,metadata_checked,HC-S13,search_records/HC-crossref-metadata.json,서지 조회는 논문 초록/원문 검토 아님; HC-S14 권수 충돌은 원출처/저자기관 우선
metadata_lookup,HC-M14,2026-09-14,Crossref public API via urllib,DOI bibliographic metadata lookup,https://api.crossref.org/works/10.3354%2Fcr00774,"Preferred climates for tourism: case studies from Canada, New Zealand and Sweden",,metadata_checked,,metadata_checked,HC-S14,search_records/HC-crossref-metadata.json,서지 조회는 논문 초록/원문 검토 아님; HC-S14 권수 충돌은 원출처/저자기관 우선
search_return,sw-q01,2026-09-14,web.search,swimming water temperature thermal comfort core temperature experiment warm cold water adult immersion study,https://pubmed.ncbi.nlm.nih.gov/23066614/,Hemodynamic and thermoregulatory responses to lower body water immersion.,35,not_extracted_candidate,관련생리/수질후보;이번종합은직접쾌적감·고온반증·강우코호트에집중하여추가원문검토안함,search_snippet_only,,search_records/sw-q01.json#result-1,
search_return,sw-q01,2026-09-14,web.search,swimming water temperature thermal comfort core temperature experiment warm cold water adult immersion study,https://www.sciencedirect.com/science/article/pii/S0031938414006192,Thermal comfort following immersion - ScienceDirect,35,selected_study_record,해당연구/공식자료를후속열람;URL중복은독립연구아님,search_snippet_only,SW-S01,search_records/sw-q01.json#result-2,
search_return,sw-q01,2026-09-14,web.search,swimming water temperature thermal comfort core temperature experiment warm cold water adult immersion study,https://pubmed.ncbi.nlm.nih.gov/2793907/,"Core temperature response to immersed bicycle ergometer exercise at water temperatures of 21 degrees, 25 degrees, and 29 degrees C.",35,not_extracted_candidate,관련생리/수질후보;이번종합은직접쾌적감·고온반증·강우코호트에집중하여추가원문검토안함,search_snippet_only,,search_records/sw-q01.json#result-3,
search_return,sw-q01,2026-09-14,web.search,swimming water temperature thermal comfort core temperature experiment warm cold water adult immersion study,https://pubmed.ncbi.nlm.nih.gov/23066614/?dopt=Abstract,Hemodynamic and thermoregulatory responses to lower body water immersion - PubMed,35,exclude_duplicate_or_metadata,학위논문·재게시·서지/저자페이지;독립연구로계수안함,search_snippet_only,,search_records/sw-q01.json#result-4,
search_return,sw-q01,2026-09-14,web.search,swimming water temperature thermal comfort core temperature experiment warm cold water adult immersion study,https://pmc.ncbi.nlm.nih.gov/articles/PMC12689448/,Regional body composition and human core temperature responses to mild temperature water immersion in adults - PMC,35,not_extracted_candidate,관련생리/수질후보;이번종합은직접쾌적감·고온반증·강우코호트에집중하여추가원문검토안함,search_snippet_only,,search_records/sw-q01.json#result-5,
search_return,sw-q01,2026-09-14,web.search,swimming water temperature thermal comfort core temperature experiment warm cold water adult immersion study,https://www.sciencedirect.com/science/article/am/pii/S0010482523010405,Validation of a human thermoregulatory model during prolonged immersion in warm water - ScienceDirect,35,not_extracted_candidate,관련생리/수질후보;이번종합은직접쾌적감·고온반증·강우코호트에집중하여추가원문검토안함,search_snippet_only,,search_records/sw-q01.json#result-6,
search_return,sw-q01,2026-09-14,web.search,swimming water temperature thermal comfort core temperature experiment warm cold water adult immersion study,https://pubmed.ncbi.nlm.nih.gov/9737754/,Comparison of responses of men to immersion in circulating water at 40.0 and 41.5 degrees C.,35,not_extracted_candidate,관련생리/수질후보;이번종합은직접쾌적감·고온반증·강우코호트에집중하여추가원문검토안함,search_snippet_only,,search_records/sw-q01.json#result-7,
search_return,sw-q01,2026-09-14,web.search,swimming water temperature thermal comfort core temperature experiment warm cold water adult immersion study,https://doi.org/10.1152/japplphysiol.01102.2025,Safe cold-water thresholds while wearing wetsuits approved for open water swimming competitions | Journal of Applied Physiology | American Physiological Society,35,not_extracted_candidate,관련생리/수질후보;이번종합은직접쾌적감·고온반증·강우코호트에집중하여추가원문검토안함,search_snippet_only,,search_records/sw-q01.json#result-8,
search_return,sw-q01,2026-09-14,web.search,swimming water temperature thermal comfort core temperature experiment warm cold water adult immersion study,https://www.sciencedirect.com/science/article/pii/S0378778826003142,Dynamic thermal response and sensation prediction under different showering temperatures and flow rates with cold ambient environment - ScienceDirect,35,not_extracted_candidate,관련생리/수질후보;이번종합은직접쾌적감·고온반증·강우코호트에집중하여추가원문검토안함,search_snippet_only,,search_records/sw-q01.json#result-9,
search_return,sw-q01,2026-09-14,web.search,swimming water temperature thermal comfort core temperature experiment warm cold water adult immersion study,https://pmc.ncbi.nlm.nih.gov/articles/PMC8600816/,Comparison of low-concentration carbon dioxide-enriched and tap water immersion on body temperature after passive heating - PMC,35,not_extracted_candidate,관련생리/수질후보;이번종합은직접쾌적감·고온반증·강우코호트에집중하여추가원문검토안함,search_snippet_only,,search_records/sw-q01.json#result-10,
search_return,sw-q01,2026-09-14,web.search,swimming water temperature thermal comfort core temperature experiment warm cold water adult immersion study,https://jamanetwork.com/journals/jama/fullarticle/2813502,Body Core Temperature After Foot Immersion and Neck Cooling in Older Adults Exposed to Extreme Heat | Climate and Health | JAMA | JAMA Network,35,not_extracted_candidate,관련생리/수질후보;이번종합은직접쾌적감·고온반증·강우코호트에집중하여추가원문검토안함,search_snippet_only,,search_records/sw-q01.json#result-11,
search_return,sw-q01,2026-09-14,web.search,swimming water temperature thermal comfort core temperature experiment warm cold water adult immersion study,https://www.frontiersin.org/journals/psychology/articles/10.3389/fpsyg.2021.622184/full,Frontiers | Face Cooling During Swimming Training in Tropical Condition,35,not_extracted_candidate,관련생리/수질후보;이번종합은직접쾌적감·고온반증·강우코호트에집중하여추가원문검토안함,search_snippet_only,,search_records/sw-q01.json#result-12,
search_return,sw-q01,2026-09-14,web.search,swimming water temperature thermal comfort core temperature experiment warm cold water adult immersion study,https://www.tandfonline.com/doi/pdf/10.1080/23328940.2025.2578080,Effect of cold and warm water ingestion on physiological and performance parameters during simulated,35,not_extracted_candidate,관련생리/수질후보;이번종합은직접쾌적감·고온반증·강우코호트에집중하여추가원문검토안함,search_snippet_only,,search_records/sw-q01.json#result-13,
search_return,sw-q01,2026-09-14,web.search,swimming water temperature thermal comfort core temperature experiment warm cold water adult immersion study,https://arxiv.org/abs/2608.20719,Thermal scaling laws for open-water swimming,35,not_extracted_candidate,관련생리/수질후보;이번종합은직접쾌적감·고온반증·강우코호트에집중하여추가원문검토안함,search_snippet_only,,search_records/sw-q01.json#result-14,
search_return,sw-q01,2026-09-14,web.search,swimming water temperature thermal comfort core temperature experiment warm cold water adult immersion study,https://pure.port.ac.uk/ws/portalfiles/portal/1938122/The_determinants_of_thermal_comfort_in_cool_water.pdf,Running Head: Thermal comfort in cool water,35,selected_study_record,해당연구/공식자료를후속열람;URL중복은독립연구아님,search_snippet_only,SW-S02,search_records/sw-q01.json#result-15,
search_return,sw-q01,2026-09-14,web.search,swimming water temperature thermal comfort core temperature experiment warm cold water adult immersion study,https://researchportal.port.ac.uk/files/5924262/Thermal_comfort_during_and_following_water_immersion_in_humans_PhD_Thesis_Julien_Gu_rit_e.pdf,Thermal comfort during and following,35,exclude_duplicate_or_metadata,학위논문·재게시·서지/저자페이지;독립연구로계수안함,search_snippet_only,,search_records/sw-q01.json#result-16,
search_return,sw-q01,2026-09-14,web.search,swimming water temperature thermal comfort core temperature experiment warm cold water adult immersion study,https://www.regionalclimateperspectives.com/uploads/4/4/2/5/44250401/craigdvorak1966hotwaterimmersion.pdf,"Thermal 
regulation 
during 
water 
immersion1 
AL",35,not_extracted_candidate,관련생리/수질후보;이번종합은직접쾌적감·고온반증·강우코호트에집중하여추가원문검토안함,search_snippet_only,,search_records/sw-q01.json#result-17,
search_return,sw-q01,2026-09-14,web.search,swimming water temperature thermal comfort core temperature experiment warm cold water adult immersion study,https://www.hqinc.net/wp-content/uploads/2012/05/Body-Temperature-Homeostasis-During-a-40-km-Open-Water-Swim.pdf,J. Swimming Research,35,not_extracted_candidate,관련생리/수질후보;이번종합은직접쾌적감·고온반증·강우코호트에집중하여추가원문검토안함,search_snippet_only,,search_records/sw-q01.json#result-18,
search_return,sw-q01,2026-09-14,web.search,swimming water temperature thermal comfort core temperature experiment warm cold water adult immersion study,https://pure.port.ac.uk/ws/portalfiles/portal/2221257/Thermal_comfort_following_immersion.pdf,Running Head: Thermal comfort following immersion,35,selected_study_record,해당연구/공식자료를후속열람;URL중복은독립연구아님,search_snippet_only,SW-S01,search_records/sw-q01.json#result-19,
search_return,sw-q01,2026-09-14,web.search,swimming water temperature thermal comfort core temperature experiment warm cold water adult immersion study,https://www.reddit.com/r/OpenWaterSwimming/comments/17o42ph,Swimming temperature/hypothermia question,35,exclude,활동별환경-결과원자료와무관하거나비학술/비1차소개자료,search_snippet_only,,search_records/sw-q01.json#result-20,
search_return,sw-q01,2026-09-14,web.search,swimming water temperature thermal comfort core temperature experiment warm cold water adult immersion study,https://www.reddit.com/r/AdvancedFitness/comments/s5pn4x,"Altered brown fat thermoregulation and enhanced cold-induced thermogenesis in young, healthy, winter-swimming men | Full Text",35,exclude,활동별환경-결과원자료와무관하거나비학술/비1차소개자료,search_snippet_only,,search_records/sw-q01.json#result-21,
search_return,sw-q01,2026-09-14,web.search,swimming water temperature thermal comfort core temperature experiment warm cold water adult immersion study,https://www.reddit.com/r/Swimming/comments/17o53fr,Swimming temperature/hypothermia question,35,exclude,활동별환경-결과원자료와무관하거나비학술/비1차소개자료,search_snippet_only,,search_records/sw-q01.json#result-22,
search_return,sw-q01,2026-09-14,web.search,swimming water temperature thermal comfort core temperature experiment warm cold water adult immersion study,https://en.wikipedia.org/wiki/Thermal_balance_of_the_underwater_diver,Thermal balance of the underwater diver,35,exclude,활동별환경-결과원자료와무관하거나비학술/비1차소개자료,search_snippet_only,,search_records/sw-q01.json#result-23,
search_return,sw-q01,2026-09-14,web.search,swimming water temperature thermal comfort core temperature experiment warm cold water adult immersion study,https://www.reddit.com/r/Swimming/comments/rhnavx,Interesting experience raises questions,35,exclude,활동별환경-결과원자료와무관하거나비학술/비1차소개자료,search_snippet_only,,search_records/sw-q01.json#result-24,
search_return,sw-q01,2026-09-14,web.search,swimming water temperature thermal comfort core temperature experiment warm cold water adult immersion study,https://www.reddit.com/r/OpenWaterSwimming/comments/1t2nzup/people_being_cold/,People being cold…,35,exclude,활동별환경-결과원자료와무관하거나비학술/비1차소개자료,search_snippet_only,,search_records/sw-q01.json#result-25,
search_return,sw-q01,2026-09-14,web.search,swimming water temperature thermal comfort core temperature experiment warm cold water adult immersion study,https://www.reddit.com/r/OpenWaterSwimming/comments/1k6czpx,Cold water tips?,35,exclude,활동별환경-결과원자료와무관하거나비학술/비1차소개자료,search_snippet_only,,search_records/sw-q01.json#result-26,
search_return,sw-q01,2026-09-14,web.search,swimming water temperature thermal comfort core temperature experiment warm cold water adult immersion study,https://www.reddit.com/r/science/comments/q6gcmb,"Altered brown fat thermoregulation and enhanced cold-induced thermogenesis in young, healthy, winter-swimming men (Oct 2021)",35,exclude,활동별환경-결과원자료와무관하거나비학술/비1차소개자료,search_snippet_only,,search_records/sw-q01.json#result-27,
search_return,sw-q01,2026-09-14,web.search,swimming water temperature thermal comfort core temperature experiment warm cold water adult immersion study,https://www.reddit.com/r/Swimming/comments/11shj30,Water Temps,35,exclude,활동별환경-결과원자료와무관하거나비학술/비1차소개자료,search_snippet_only,,search_records/sw-q01.json#result-28,
search_return,sw-q01,2026-09-14,web.search,swimming water temperature thermal comfort core temperature experiment warm cold water adult immersion study,https://www.reddit.com/r/OpenWaterSwimming/comments/bwt0yz/what_temperature_would_you_say_was_when_water/,What temperature would you say was when water feels warm,35,exclude,활동별환경-결과원자료와무관하거나비학술/비1차소개자료,search_snippet_only,,search_records/sw-q01.json#result-29,
search_return,sw-q01,2026-09-14,web.search,swimming water temperature thermal comfort core temperature experiment warm cold water adult immersion study,https://www.reddit.com/r/BecomingTheIceman/comments/qzownk,Cold Showers vs Cold Immersion,35,exclude,활동별환경-결과원자료와무관하거나비학술/비1차소개자료,search_snippet_only,,search_records/sw-q01.json#result-30,
search_return,sw-q01,2026-09-14,web.search,swimming water temperature thermal comfort core temperature experiment warm cold water adult immersion study,https://www.reddit.com/r/Swimming/comments/1vomqiu/temperature_of_indoor_pool/,Temperature of indoor pool,35,exclude,활동별환경-결과원자료와무관하거나비학술/비1차소개자료,search_snippet_only,,search_records/sw-q01.json#result-31,
search_return,sw-q01,2026-09-14,web.search,swimming water temperature thermal comfort core temperature experiment warm cold water adult immersion study,https://www.reddit.com/r/theydidthemath/comments/1mg48f5,[Request] Hypothermia in a warm pool?,35,exclude,활동별환경-결과원자료와무관하거나비학술/비1차소개자료,search_snippet_only,,search_records/sw-q01.json#result-32,
search_return,sw-q01,2026-09-14,web.search,swimming water temperature thermal comfort core temperature experiment warm cold water adult immersion study,https://arxiv.org/abs/1101.2684,On the Paradox of Chilling Water: Crossover Temperature in the Mpemba Effect,35,not_extracted_candidate,관련생리/수질후보;이번종합은직접쾌적감·고온반증·강우코호트에집중하여추가원문검토안함,search_snippet_only,,search_records/sw-q01.json#result-33,
search_return,sw-q01,2026-09-14,web.search,swimming water temperature thermal comfort core temperature experiment warm cold water adult immersion study,https://arxiv.org/abs/2102.07743,The effects of temperature acclimation on swimming performance in the pelagic Mahi-mahi (Coryphaena hippurus),35,not_extracted_candidate,관련생리/수질후보;이번종합은직접쾌적감·고온반증·강우코호트에집중하여추가원문검토안함,search_snippet_only,,search_records/sw-q01.json#result-34,
search_return,sw-q01,2026-09-14,web.search,swimming water temperature thermal comfort core temperature experiment warm cold water adult immersion study,https://en.wikipedia.org/wiki/Drowning,Drowning,35,exclude,활동별환경-결과원자료와무관하거나비학술/비1차소개자료,search_snippet_only,,search_records/sw-q01.json#result-35,
search_return,sw-q02,2026-09-14,web.search,recreational water swimming rainfall illness prospective cohort study San Diego surfers 2017,https://academic.oup.com/aje/article/186/7/866/3813104,Acute Illness Among Surfers After Exposure to Seawater in Dry- and Wet-Weather Conditions | American Journal of Epidemiology | Oxford Academic,15,selected_study_record,해당연구/공식자료를후속열람;URL중복은독립연구아님,search_snippet_only,SW-S03,search_records/sw-q02.json#result-1,
search_return,sw-q02,2026-09-14,web.search,recreational water swimming rainfall illness prospective cohort study San Diego surfers 2017,https://pmc.ncbi.nlm.nih.gov/articles/PMC5860265/,Acute Illness Among Surfers After Exposure to Seawater in Dry- and Wet-Weather Conditions - PMC,15,selected_study_record,해당연구/공식자료를후속열람;URL중복은독립연구아님,search_snippet_only,SW-S03,search_records/sw-q02.json#result-2,
search_return,sw-q02,2026-09-14,web.search,recreational water swimming rainfall illness prospective cohort study San Diego surfers 2017,https://pubmed.ncbi.nlm.nih.gov/28558279/,Incidence of gastrointestinal illness following wet weather recreational exposures: Harmonization of quantitative microbial risk assessment with an epidemiologic investigation of surfers - PubMed,15,related_duplicate_dataset,Arnold2017동일서퍼연구/후속QMRA가능;독립역학표본으로추가계수안함;원문추출미수행,search_snippet_only,,search_records/sw-q02.json#result-3,
search_return,sw-q02,2026-09-14,web.search,recreational water swimming rainfall illness prospective cohort study San Diego surfers 2017,https://pubmed.ncbi.nlm.nih.gov/28498895/,Acute Illness Among Surfers After Exposure to Seawater in Dry- and Wet-Weather Conditions.,15,selected_study_record,해당연구/공식자료를후속열람;URL중복은독립연구아님,search_snippet_only,SW-S03,search_records/sw-q02.json#result-4,
search_return,sw-q02,2026-09-14,web.search,recreational water swimming rainfall illness prospective cohort study San Diego surfers 2017,https://www.sciencedirect.com/science/article/abs/pii/S0043135417303767,Incidence of gastrointestinal illness following wet weather recreational exposures: Harmonization of quantitative microbial risk assessment with an epidemiologic investigation of surfers - ScienceDirect,15,related_duplicate_dataset,Arnold2017동일서퍼연구/후속QMRA가능;독립역학표본으로추가계수안함;원문추출미수행,search_snippet_only,,search_records/sw-q02.json#result-5,
search_return,sw-q02,2026-09-14,web.search,recreational water swimming rainfall illness prospective cohort study San Diego surfers 2017,https://nepis.epa.gov/Exe/ZyPURL.cgi?Dockey=P1018PMD.txt,U.S. EPA’s 2016 Recreational Waters Conference Session 5: Epidemiology and Quantitative Microbial Risk Assessment,15,not_extracted_candidate,관련생리/수질후보;이번종합은직접쾌적감·고온반증·강우코호트에집중하여추가원문검토안함,search_snippet_only,,search_records/sw-q02.json#result-6,
search_return,sw-q02,2026-09-14,web.search,recreational water swimming rainfall illness prospective cohort study San Diego surfers 2017,https://www.waterboards.ca.gov/sandiego/water_issues/programs/san_diego_river_io/docs/SurferHealthStudy.pdf,The Surfer Health,15,related_duplicate_dataset,Arnold2017동일서퍼연구/후속QMRA가능;독립역학표본으로추가계수안함;원문추출미수행,search_snippet_only,,search_records/sw-q02.json#result-7,
search_return,sw-q02,2026-09-14,web.search,recreational water swimming rainfall illness prospective cohort study San Diego surfers 2017,https://www.researchgate.net/publication/316896983_Acute_Illness_Among_Surfers_After_Exposure_to_Seawater_in_Dry-_and_Wet-Weather_Conditions,(PDF) Acute Illness Among Surfers After Exposure to Seawater in Dry- and Wet-Weather Conditions,15,selected_study_record,해당연구/공식자료를후속열람;URL중복은독립연구아님,search_snippet_only,SW-S03,search_records/sw-q02.json#result-8,
search_return,sw-q02,2026-09-14,web.search,recreational water swimming rainfall illness prospective cohort study San Diego surfers 2017,https://journal.surfersmedicalassociation.org/the-surfer-health-study/,Surfing Medicine – The Surfer Health Study,15,exclude,반환제목/스니펫에서목표활동-환경-결과연결부족,search_snippet_only,,search_records/sw-q02.json#result-9,
search_return,sw-q02,2026-09-14,web.search,recreational water swimming rainfall illness prospective cohort study San Diego surfers 2017,https://ftp.sccwrp.org/pub/download/DOCUMENTS/JournalArticles/986_Acute_IllnessAmongSurfersSeawaterDry-Wet-Weather.pdf,oup_ajepid_kwx019 1..10 ++,15,selected_study_record,해당연구/공식자료를후속열람;URL중복은독립연구아님,search_snippet_only,SW-S03,search_records/sw-q02.json#result-10,
search_return,sw-q02,2026-09-14,web.search,recreational water swimming rainfall illness prospective cohort study San Diego surfers 2017,https://pubmed.ncbi.nlm.nih.gov/22472787/,Comparison of recreational health risks associated with surfing and swimming in dry weather and post-storm conditions at Southern California beaches using quantitative microbial risk assessment (QMRA) - PubMed,15,not_extracted_candidate,관련생리/수질후보;이번종합은직접쾌적감·고온반증·강우코호트에집중하여추가원문검토안함,search_snippet_only,,search_records/sw-q02.json#result-11,
search_return,sw-q02,2026-09-14,web.search,recreational water swimming rainfall illness prospective cohort study San Diego surfers 2017,https://openalex.org/W2613408348,Acute Illness Among Surfers After Exposure to Seawater in Dry- and Wet-Weather Conditions,15,selected_study_record,해당연구/공식자료를후속열람;URL중복은독립연구아님,search_snippet_only,SW-S03,search_records/sw-q02.json#result-12,
search_return,sw-q02,2026-09-14,web.search,recreational water swimming rainfall illness prospective cohort study San Diego surfers 2017,https://www.sccwrp.org/news/surfer-rainfall-study-helps-focus-water-quality-discussion/,Surfer rainfall study helps focus water-quality discussion - Southern California Coastal Water Research Project,15,not_extracted_candidate,관련생리/수질후보;이번종합은직접쾌적감·고온반증·강우코호트에집중하여추가원문검토안함,search_snippet_only,,search_records/sw-q02.json#result-13,
search_return,sw-q02,2026-09-14,web.search,recreational water swimming rainfall illness prospective cohort study San Diego surfers 2017,https://pubmed.ncbi.nlm.nih.gov/28489717/,Coliphages and Gastrointestinal Illness in Recreational Waters: Pooled Analysis of Six Coastal Beach Cohorts - PubMed,15,not_extracted_candidate,관련생리/수질후보;이번종합은직접쾌적감·고온반증·강우코호트에집중하여추가원문검토안함,search_snippet_only,,search_records/sw-q02.json#result-14,
search_return,sw-q02,2026-09-14,web.search,recreational water swimming rainfall illness prospective cohort study San Diego surfers 2017,https://ftp.sccwrp.org/pub/download/DOCUMENTS/WorkPlan/RestrictedJournalArticles/994_IncidenceOfGastrointestinalIllnessFollowingWetWeather.pdf,SCCWRP #0994,15,related_duplicate_dataset,Arnold2017동일서퍼연구/후속QMRA가능;독립역학표본으로추가계수안함;원문추출미수행,search_snippet_only,,search_records/sw-q02.json#result-15,
search_return,sw-q03,2026-09-14,web.search,수영 수온 쾌적성 냉수 체온 연구 해수욕장 수질 기준,https://korean.go.kr/front/mcfaq/mcfaqView.do?mcfaq_seq=6026&mn_id=217&pageIndex=217,국립국어원,20,exclude,활동별환경-결과원자료와무관하거나비학술/비1차소개자료,search_snippet_only,,search_records/sw-q03.json#result-1,
search_return,sw-q03,2026-09-14,web.search,수영 수온 쾌적성 냉수 체온 연구 해수욕장 수질 기준,https://www.cwg.go.kr/sports/contents.do?key=1368,수영강습프로그램 - 철원국민체육센터,20,not_extracted_candidate,관련행정/모니터링/학술후보;선정공식출처로범위집중;이반환기록은원문미검토(포괄검색아님),search_snippet_only,,search_records/sw-q03.json#result-2,
search_return,sw-q03,2026-09-14,web.search,수영 수온 쾌적성 냉수 체온 연구 해수욕장 수질 기준,https://arxiv.org/abs/1306.0309,Sejong Open Cluster Survey (SOS). 0. Target Selection and Data Analysis,20,exclude,반환제목/스니펫에서목표활동-환경-결과연결부족,search_snippet_only,,search_records/sw-q03.json#result-3,
search_return,sw-q03,2026-09-14,web.search,수영 수온 쾌적성 냉수 체온 연구 해수욕장 수질 기준,https://kiss.kstudy.com/Detail/Ar?key=2718636,자연과학 : 수영선수를 위한 주기화 근력트레이닝 적용이 경기력에 미치는 영향 - 체육과학연구 - 한국스포츠과학원 - KISS,20,not_extracted_candidate,관련생리/수질후보;이번종합은직접쾌적감·고온반증·강우코호트에집중하여추가원문검토안함,search_snippet_only,,search_records/sw-q03.json#result-4,
search_return,sw-q03,2026-09-14,web.search,수영 수온 쾌적성 냉수 체온 연구 해수욕장 수질 기준,https://www.kci.go.kr/kciportal/landing/article.kci?arti_id=ART001499232,"국선도 수련이 중년 여성의 신체구성, 혈액성분, 체력에 미치는 영향",20,exclude,활동별환경-결과원자료와무관하거나비학술/비1차소개자료,search_snippet_only,,search_records/sw-q03.json#result-5,
search_return,sw-q03,2026-09-14,web.search,수영 수온 쾌적성 냉수 체온 연구 해수욕장 수질 기준,https://www.youtube.com/watch?v=L9S3yXa7Jmw,"[Never Ending Korea with PARK BO GUM] - One Day, Korea Came to Me(Official Short Film) - YouTube",20,exclude,활동별환경-결과원자료와무관하거나비학술/비1차소개자료,search_snippet_only,,search_records/sw-q03.json#result-6,
search_return,sw-q03,2026-09-14,web.search,수영 수온 쾌적성 냉수 체온 연구 해수욕장 수질 기준,https://www.kci.go.kr/kciportal/ci/sereArticleSearch/ciSereArtiView.kci?sereArticleSearchBean.artiId=ART003099741,수영‘장’의 수요 변화와 선수 출신 지도자의 구별짓기 전략,20,not_extracted_candidate,관련행정/모니터링/학술후보;선정공식출처로범위집중;이반환기록은원문미검토(포괄검색아님),search_snippet_only,,search_records/sw-q03.json#result-7,
search_return,sw-q03,2026-09-14,web.search,수영 수온 쾌적성 냉수 체온 연구 해수욕장 수질 기준,https://askmath.kr/,수학학원 | 중계동 초·중·고 수학 전문 - 수리온수학학원,20,exclude,활동별환경-결과원자료와무관하거나비학술/비1차소개자료,search_snippet_only,,search_records/sw-q03.json#result-8,
search_return,sw-q03,2026-09-14,web.search,수영 수온 쾌적성 냉수 체온 연구 해수욕장 수질 기준,https://arxiv.org/abs/1006.4913,O-vacancy as the origin of negative bias illumination stress instability in amorphous In-Ga-Zn-O thin film transistors,20,exclude,반환제목/스니펫에서목표활동-환경-결과연결부족,search_snippet_only,,search_records/sw-q03.json#result-9,
search_return,sw-q03,2026-09-14,web.search,수영 수온 쾌적성 냉수 체온 연구 해수욕장 수질 기준,https://koreantk.com/ktkp2014/prescription/prescription-view.view?preCd=P0017940&tempLang=ko,우황소조서원(牛黃小鳥犀圓) [한국전통지식포탈-처방],20,exclude,활동별환경-결과원자료와무관하거나비학술/비1차소개자료,search_snippet_only,,search_records/sw-q03.json#result-10,
search_return,sw-q03,2026-09-14,web.search,수영 수온 쾌적성 냉수 체온 연구 해수욕장 수질 기준,https://arxiv.org/abs/1306.4306,Ballistic spreading of entanglement in a diffusive nonintegrable system,20,exclude,반환제목/스니펫에서목표활동-환경-결과연결부족,search_snippet_only,,search_records/sw-q03.json#result-11,
search_return,sw-q03,2026-09-14,web.search,수영 수온 쾌적성 냉수 체온 연구 해수욕장 수질 기준,https://arxiv.org/abs/1509.03156,Crystal Structure of 200 K-Superconducting Phase of Sulfur Hydride System,20,exclude,반환제목/스니펫에서목표활동-환경-결과연결부족,search_snippet_only,,search_records/sw-q03.json#result-12,
search_return,sw-q03,2026-09-14,web.search,수영 수온 쾌적성 냉수 체온 연구 해수욕장 수질 기준,https://www.youtube.com/watch?v=kHW-UVXOcLU,IU 'Shopper' MV - YouTube,20,exclude,활동별환경-결과원자료와무관하거나비학술/비1차소개자료,search_snippet_only,,search_records/sw-q03.json#result-13,
search_return,sw-q03,2026-09-14,web.search,수영 수온 쾌적성 냉수 체온 연구 해수욕장 수질 기준,https://encykorea.aks.ac.kr/Article/E0031468,수성기요 - 한국민족문화대백과사전,20,exclude,활동별환경-결과원자료와무관하거나비학술/비1차소개자료,search_snippet_only,,search_records/sw-q03.json#result-14,
search_return,sw-q03,2026-09-14,web.search,수영 수온 쾌적성 냉수 체온 연구 해수욕장 수질 기준,https://easylaw.go.kr/CSP/CnpClsMain.laf?ccfNo=2&cciNo=2&cnpClsNo=1&csmSeq=843&popMenu=ov,대한민국 여군 > 여군 지원 > 준사관 지원자격 > 준사관 (본문) | 찾기쉬운 생활법령정보,20,exclude,활동별환경-결과원자료와무관하거나비학술/비1차소개자료,search_snippet_only,,search_records/sw-q03.json#result-15,
search_return,sw-q03,2026-09-14,web.search,수영 수온 쾌적성 냉수 체온 연구 해수욕장 수질 기준,https://www.kimsoosuk.com/aceq/,학업 정서 컨설팅 — 수석의방,20,exclude,활동별환경-결과원자료와무관하거나비학술/비1차소개자료,search_snippet_only,,search_records/sw-q03.json#result-16,
search_return,sw-q03,2026-09-14,web.search,수영 수온 쾌적성 냉수 체온 연구 해수욕장 수질 기준,https://enter.tamchart.com/1359,한여름 실외 수영장 수온 관리의 중요성과 실천 방안,20,not_extracted_candidate,관련생리/수질후보;이번종합은직접쾌적감·고온반증·강우코호트에집중하여추가원문검토안함,search_snippet_only,,search_records/sw-q03.json#result-17,
search_return,sw-q03,2026-09-14,web.search,수영 수온 쾌적성 냉수 체온 연구 해수욕장 수질 기준,https://www.dbpia.co.kr/journal/articleDetail?nodeId=NODE07291665,"국선도 프로그램이 여성노인의 기능 체력, 근골격계 통증, 삶의 질 및 우울에 미치는 영향 - 논문 | DBpia",20,exclude,활동별환경-결과원자료와무관하거나비학술/비1차소개자료,search_snippet_only,,search_records/sw-q03.json#result-18,
search_return,sw-q03,2026-09-14,web.search,수영 수온 쾌적성 냉수 체온 연구 해수욕장 수질 기준,https://kaccc.kei.re.kr/home/boardDownload.es?bef_yn=Y&bid=0021&list_no=3521&mid=a10503010100&seq=1,untitled,20,exclude,반환제목/스니펫에서목표활동-환경-결과연결부족,search_snippet_only,,search_records/sw-q03.json#result-19,
search_return,sw-q03,2026-09-14,web.search,수영 수온 쾌적성 냉수 체온 연구 해수욕장 수질 기준,https://www.changwon.go.kr/cwportal/_res/depart/data/pdf/p13993_down01.pdf,2_창원시 수필공모전 수상작품집 내지.indd,20,not_extracted_candidate,관련행정/모니터링/학술후보;선정공식출처로범위집중;이반환기록은원문미검토(포괄검색아님),search_snippet_only,,search_records/sw-q03.json#result-20,
search_return,sw-q04,2026-09-14,web.search,site.khoa.go.kr 이안류 지수 해수욕장 입수 통제,https://adawards.ad.co.kr/data/entry/file/2025/w18267/w18267.pdf,대한민국광고대상_비기스트라이프가드_OOH,18,exclude,반환제목/스니펫에서목표활동-환경-결과연결부족,search_snippet_only,,search_records/sw-q04.json#result-1,
search_return,sw-q04,2026-09-14,web.search,site.khoa.go.kr 이안류 지수 해수욕장 입수 통제,https://eminwon.gangneung.go.kr/emwp/jsp/ofr/FileDown.jsp?file_path=%2Fntishome%2Ffile%2Fupload%2Fofr%2Fofr%2F20240628&sys_file_nm=2024%EB%85%84+%ED%95%B4%EC%88%98%EC%9A%95%EC%9E%A5+%EA%B4%80%EB%A6%AC%EC%9A%B4%EC%98%81%EA%B3%84%ED%9A%8D%28%EA%B3%A0%EC%8B%9C%EC%9A%A9%29_ofr_ofr_kLFoaXMQW7VgXAAE_20240628065851740_1.pdf&user_file_nm=2024%EB%85%84+%ED%95%B4%EC%88%98%EC%9A%95%EC%9E%A5+%EA%B4%80%EB%A6%AC%EC%9A%B4%EC%98%81%EA%B3%84%ED%9A%8D%28%EA%B3%A0%EC%8B%9C%EC%9A%A9%29.pdf,"2024년도
- 테마와 힐링이 있는 해수욕장 조성을 위한 -
해수욕장 관리운영 계획(고시용",18,not_extracted_candidate,관련행정/모니터링/학술후보;선정공식출처로범위집중;이반환기록은원문미검토(포괄검색아님),search_snippet_only,,search_records/sw-q04.json#result-2,
search_return,sw-q04,2026-09-14,web.search,site.khoa.go.kr 이안류 지수 해수욕장 입수 통제,https://www.korea.kr/briefing/policyBriefingView.do?newsId=148903098,"-
전국 10개 해수욕장에서 이안류 감시 서비스 - 부처 브리핑 | 브리핑룸 | 대한민국 정책브리핑",18,not_extracted_candidate,관련행정/모니터링/학술후보;선정공식출처로범위집중;이반환기록은원문미검토(포괄검색아님),search_snippet_only,,search_records/sw-q04.json#result-3,
search_return,sw-q04,2026-09-14,web.search,site.khoa.go.kr 이안류 지수 해수욕장 입수 통제,https://www.mof.go.kr/doc/ko/selectDoc.do?bbsSeq=10&docSeq=67092&menuSeq=971,"보도자료 올여름 바다갈 땐, 이안류지수와 해양레저지수 확인으로 안전하고 쾌적하게! 해양수산부",18,selected_study_record,해당연구/공식자료를후속열람;URL중복은독립연구아님,search_snippet_only,SW-S06,search_records/sw-q04.json#result-4,
search_return,sw-q04,2026-09-14,web.search,site.khoa.go.kr 이안류 지수 해수욕장 입수 통제,https://www.korea.kr/news/policyNewsView.do?newsId=148967197,실시간 이안류 감시 및 해양레저지수 서비스 운영 - 정책뉴스 | 뉴스 | 대한민국 정책브리핑,18,not_extracted_candidate,관련행정/모니터링/학술후보;선정공식출처로범위집중;이반환기록은원문미검토(포괄검색아님),search_snippet_only,,search_records/sw-q04.json#result-5,
search_return,sw-q04,2026-09-14,web.search,site.khoa.go.kr 이안류 지수 해수욕장 입수 통제,https://admin.korea.kr/multi/visualNewsView.do?newsId=148967197&pWise=mSub&pWiseSub=C5,실시간 이안류 감시 및 해양레저지수 서비스 운영 - 카드/한컷 | 멀티미디어 | 대한민국 정책브리핑,18,not_extracted_candidate,관련행정/모니터링/학술후보;선정공식출처로범위집중;이반환기록은원문미검토(포괄검색아님),search_snippet_only,,search_records/sw-q04.json#result-6,
search_return,sw-q04,2026-09-14,web.search,site.khoa.go.kr 이안류 지수 해수욕장 입수 통제,https://www.mof.go.kr/doc/ko/selectDoc.do?bbsSeq=10&docSeq=39436&menuSeq=971,"보도자료 지켜보고 있다. 해수욕장의 불청객, ‘이안류’ 해양수산부",18,not_extracted_candidate,관련행정/모니터링/학술후보;선정공식출처로범위집중;이반환기록은원문미검토(포괄검색아님),search_snippet_only,,search_records/sw-q04.json#result-7,
search_return,sw-q04,2026-09-14,web.search,site.khoa.go.kr 이안류 지수 해수욕장 입수 통제,https://data.netfilcker.com/dataset/15156028,해양수산부 국립해양조사원_이안류 지수 조회 - 해양수산부 국립해양조사원 오픈API | 공공데이터 검색 포털,18,exclude,반환제목/스니펫에서목표활동-환경-결과연결부족,search_snippet_only,,search_records/sw-q04.json#result-8,
search_return,sw-q04,2026-09-14,web.search,site.khoa.go.kr 이안류 지수 해수욕장 입수 통제,https://www.mof.go.kr/iframe/doc/ko/selectDoc.do?bbsSeq=10&docSeq=32890&menuSeq=971,해양수산부> 보도자료,18,not_extracted_candidate,관련행정/모니터링/학술후보;선정공식출처로범위집중;이반환기록은원문미검토(포괄검색아님),search_snippet_only,,search_records/sw-q04.json#result-9,
search_return,sw-q04,2026-09-14,web.search,site.khoa.go.kr 이안류 지수 해수욕장 입수 통제,https://www.korea.kr/multi/visualNewsView.do?newsId=148903098,전국 10개 해수욕장에서 이안류 감시 서비스 - 전체 | 카드/한컷 | 멀티미디어 | 대한민국 정책브리핑,18,not_extracted_candidate,관련행정/모니터링/학술후보;선정공식출처로범위집중;이반환기록은원문미검토(포괄검색아님),search_snippet_only,,search_records/sw-q04.json#result-10,
search_return,sw-q04,2026-09-14,web.search,site.khoa.go.kr 이안류 지수 해수욕장 입수 통제,https://central.childcare.go.kr/ccef/community/common/DownloadBoardFile.jsp?ATCHMNFLSEQ=2&BBSGB=49&BID=97074,"∙손상이란 외부의 힘에 의해 신체가 다치는 것으로 약물 중독(음식 제외)이나 벌레 쏘임, 넘어지거나 찢어지는",18,not_extracted_candidate,관련행정/모니터링/학술후보;선정공식출처로범위집중;이반환기록은원문미검토(포괄검색아님),search_snippet_only,,search_records/sw-q04.json#result-11,
search_return,sw-q04,2026-09-14,web.search,site.khoa.go.kr 이안류 지수 해수욕장 입수 통제,https://ourocean.co.kr/guide/rip-current,이안류 지수 4단계 읽는 법 — 관심·주의·경계·위험 · OurOcean,18,exclude,활동별환경-결과원자료와무관하거나비학술/비1차소개자료,search_snippet_only,,search_records/sw-q04.json#result-12,
search_return,sw-q04,2026-09-14,web.search,site.khoa.go.kr 이안류 지수 해수욕장 입수 통제,https://www.korea.kr/multi/visualNewsView.do?newsId=148967197&pWise=main&pWiseMain=L4,실시간 이안류 감시 및 해양레저지수 서비스 운영 - 전체 | 카드/한컷 | 멀티미디어 | 대한민국 정책브리핑,18,not_extracted_candidate,관련행정/모니터링/학술후보;선정공식출처로범위집중;이반환기록은원문미검토(포괄검색아님),search_snippet_only,,search_records/sw-q04.json#result-13,
search_return,sw-q04,2026-09-14,web.search,site.khoa.go.kr 이안류 지수 해수욕장 입수 통제,https://www.korea.kr/multi/visualNewsView.do?newsId=148967197,실시간 이안류 감시 및 해양레저지수 서비스 운영 - 전체 | 카드/한컷 | 멀티미디어 | 대한민국 정책브리핑,18,not_extracted_candidate,관련행정/모니터링/학술후보;선정공식출처로범위집중;이반환기록은원문미검토(포괄검색아님),search_snippet_only,,search_records/sw-q04.json#result-14,
search_return,sw-q04,2026-09-14,web.search,site.khoa.go.kr 이안류 지수 해수욕장 입수 통제,https://www.hiks.or.kr/Announcement/download/2106/4392,※ ‘물놀이 안전’을 위한 정보,18,exclude,반환제목/스니펫에서목표활동-환경-결과연결부족,search_snippet_only,,search_records/sw-q04.json#result-15,
search_return,sw-q04,2026-09-14,web.search,site.khoa.go.kr 이안류 지수 해수욕장 입수 통제,https://admin.korea.kr/multi/visualNewsView.do?newsId=148967197&pWise=mSub&pWiseSub=C4,실시간 이안류 감시 및 해양레저지수 서비스 운영 - 카드/한컷 | 멀티미디어 | 대한민국 정책브리핑,18,not_extracted_candidate,관련행정/모니터링/학술후보;선정공식출처로범위집중;이반환기록은원문미검토(포괄검색아님),search_snippet_only,,search_records/sw-q04.json#result-16,
search_return,sw-q04,2026-09-14,web.search,site.khoa.go.kr 이안류 지수 해수욕장 입수 통제,https://kaosts.org/data/2025/25KAOSTS_%EA%B3%B5%EB%8F%99%ED%95%99%EC%88%A0%EB%8C%80%ED%9A%8C_%EC%98%A8%EB%9D%BC%EC%9D%B8%EB%85%BC%EB%AC%B8%EC%A7%91_%ED%95%9C%EA%B5%AD%ED%95%B4%EC%95%88%C2%B7%ED%95%B4%EC%96%91%EA%B3%B5%ED%95%99%ED%9A%8C_F.pdf,"2025  
5 8 ( ) ~ 10 ( )

실시간 이안류 감시체계 현황

Status o",18,not_extracted_candidate,관련행정/모니터링/학술후보;선정공식출처로범위집중;이반환기록은원문미검토(포괄검색아님),search_snippet_only,,search_records/sw-q04.json#result-17,
search_return,sw-q04,2026-09-14,web.search,site.khoa.go.kr 이안류 지수 해수욕장 입수 통제,https://sciwatch.kiost.ac.kr/bitstream/2020.kiost/38143/1/%EC%9D%B4%EC%83%81%EA%B3%A0%ED%8C%8C_%EC%9B%90%EC%9D%B8%EA%B7%9C%EB%AA%85_%EB%B0%8F_%EC%98%88%EC%B8%A1%C2%B7%EA%B0%90%EC%8B%9C%EA%B8%B0%EC%88%A0_%EA%B0%9C%EB%B0%9C_%EC%97%B0%EA%B5%AC.pdf,이상고파 원인규명 및 예측·감시기술 개발 연구,18,exclude,반환제목/스니펫에서목표활동-환경-결과연결부족,search_snippet_only,,search_records/sw-q04.json#result-18,
search_return,sw-q05,2026-09-14,web.search,"""해수욕장"" ""수질"" ""대장균"" ""장구균""",https://www.busan.go.kr/humanframe/theme/ihe/assets/file/20250513busan_research_59.pdf,<C1B6BBE7BBE7BEF75F35392E20C7D8BCF6BFE5C0E520BCF6C1FA20B9D720B9E9BBE7C0E520C5E4BEE7BFC0BFB020C1B6BBE72833C2F720C6EDC1FD5FBCF6C1A4B9DDBFB5292E687770>,17,selected_study_record,해당연구/공식자료를후속열람;URL중복은독립연구아님,search_snippet_only,SW-S05,search_records/sw-q05.json#result-1,
search_return,sw-q05,2026-09-14,web.search,"""해수욕장"" ""수질"" ""대장균"" ""장구균""",https://www.law.go.kr/LSW/admRulLsInfoP.do?admRulSeq=2100000001425,행정규칙 > 해수욕장 수질기준 운용지침 | 국가법령정보센터,17,not_extracted_candidate,관련행정/모니터링/학술후보;선정공식출처로범위집중;이반환기록은원문미검토(포괄검색아님),search_snippet_only,,search_records/sw-q05.json#result-2,
search_return,sw-q05,2026-09-14,web.search,"""해수욕장"" ""수질"" ""대장균"" ""장구균""",https://www.kbsm.net/news/view.php?idx=317616,경주 5개 해수욕장 수질 `적합` - 경북신문,17,not_extracted_candidate,관련행정/모니터링/학술후보;선정공식출처로범위집중;이반환기록은원문미검토(포괄검색아님),search_snippet_only,,search_records/sw-q05.json#result-3,
search_return,sw-q05,2026-09-14,web.search,"""해수욕장"" ""수질"" ""대장균"" ""장구균""",https://www.busan.go.kr/PageDownload.do?savename=20220628water_survey_10.pdf,해수욕장 수질 및 백사장 모래 조사,17,not_extracted_candidate,관련행정/모니터링/학술후보;선정공식출처로범위집중;이반환기록은원문미검토(포괄검색아님),search_snippet_only,,search_records/sw-q05.json#result-4,
search_return,sw-q05,2026-09-14,web.search,"""해수욕장"" ""수질"" ""대장균"" ""장구균""",https://www.busan.go.kr/PageDownload.do?savename=20210622water_survey_11.pdf,해수욕장 수질 및 백사장 모래 조사,17,not_extracted_candidate,관련행정/모니터링/학술후보;선정공식출처로범위집중;이반환기록은원문미검토(포괄검색아님),search_snippet_only,,search_records/sw-q05.json#result-5,
search_return,sw-q05,2026-09-14,web.search,"""해수욕장"" ""수질"" ""대장균"" ""장구균""",https://www.busan.go.kr/PageDownload.do?savename=20200603water_survey_10.pdf,2019년 해수욕장 수질 및 백사장 모래 조사,17,not_extracted_candidate,관련행정/모니터링/학술후보;선정공식출처로범위집중;이반환기록은원문미검토(포괄검색아님),search_snippet_only,,search_records/sw-q05.json#result-6,
search_return,sw-q05,2026-09-14,web.search,"""해수욕장"" ""수질"" ""대장균"" ""장구균""",https://www.law.go.kr/admRulLsInfoP.do?admRulSeq=2100000209038&vSct=,행정규칙 > 해수욕장의 환경관리에 관한 지침 | 국가법령정보센터,17,not_extracted_candidate,관련행정/모니터링/학술후보;선정공식출처로범위집중;이반환기록은원문미검토(포괄검색아님),search_snippet_only,,search_records/sw-q05.json#result-7,
search_return,sw-q05,2026-09-14,web.search,"""해수욕장"" ""수질"" ""대장균"" ""장구균""",https://www.busan.go.kr/PageDownload.do?savename=20240611water_59.pdf,해수욕장 수질 및 백사장 토양오염 조사,17,not_extracted_candidate,관련행정/모니터링/학술후보;선정공식출처로범위집중;이반환기록은원문미검토(포괄검색아님),search_snippet_only,,search_records/sw-q05.json#result-8,
search_return,sw-q05,2026-09-14,web.search,"""해수욕장"" ""수질"" ""대장균"" ""장구균""",https://www.mof.go.kr/doc/ko/selectDoc.do?bbsSeq=10&docSeq=8119&menuSeq=971,보도자료 올해부터 전국해수욕장 수질조사 결과 국민에게 공개 해양수산부,17,not_extracted_candidate,관련행정/모니터링/학술후보;선정공식출처로범위집중;이반환기록은원문미검토(포괄검색아님),search_snippet_only,,search_records/sw-q05.json#result-9,
search_return,sw-q05,2026-09-14,web.search,"""해수욕장"" ""수질"" ""대장균"" ""장구균""",https://www.seoul.co.kr/news/society/2026/06/26/20260626500102,"해운대 등 부산 8개 해수욕장, 수질·모래 모두 환경 기준 적합 | 서울신문",17,not_extracted_candidate,관련행정/모니터링/학술후보;선정공식출처로범위집중;이반환기록은원문미검토(포괄검색아님),search_snippet_only,,search_records/sw-q05.json#result-10,
search_return,sw-q05,2026-09-14,web.search,"""해수욕장"" ""수질"" ""대장균"" ""장구균""",https://m.seoul.co.kr/news/society/2026/06/26/20260626500102,"해운대 등 부산 8개 해수욕장, 수질·모래 모두 환경 기준 적합",17,not_extracted_candidate,관련행정/모니터링/학술후보;선정공식출처로범위집중;이반환기록은원문미검토(포괄검색아님),search_snippet_only,,search_records/sw-q05.json#result-11,
search_return,sw-q05,2026-09-14,web.search,"""해수욕장"" ""수질"" ""대장균"" ""장구균""",https://www.data.go.kr/data/15119712/fileData.do?recommendDataYn=Y,데이터 상세 | 공공데이터포털,17,not_extracted_candidate,관련행정/모니터링/학술후보;선정공식출처로범위집중;이반환기록은원문미검토(포괄검색아님),search_snippet_only,,search_records/sw-q05.json#result-12,
search_return,sw-q05,2026-09-14,web.search,"""해수욕장"" ""수질"" ""대장균"" ""장구균""",https://www.mof.go.kr/doc/ko/selectDoc.do?bbsSeq=10&docSeq=1171&menuSeq=971,보도자료 올 여름 물 좋은 해수욕장은? 해양수산부,17,not_extracted_candidate,관련행정/모니터링/학술후보;선정공식출처로범위집중;이반환기록은원문미검토(포괄검색아님),search_snippet_only,,search_records/sw-q05.json#result-13,
search_return,sw-q05,2026-09-14,web.search,"""해수욕장"" ""수질"" ""대장균"" ""장구균""",https://www.newspim.com/index.php/news/view/20210706000017,부산지역 해수욕장 수질·모래 모두 적합,17,not_extracted_candidate,관련행정/모니터링/학술후보;선정공식출처로범위집중;이반환기록은원문미검토(포괄검색아님),search_snippet_only,,search_records/sw-q05.json#result-14,
search_return,sw-q05,2026-09-14,web.search,"""해수욕장"" ""수질"" ""대장균"" ""장구균""",https://amp.seoul.co.kr/seoul/20260626500102,"해운대 등 부산 8개 해수욕장, 수질·모래 모두 환경 기준 적합",17,not_extracted_candidate,관련행정/모니터링/학술후보;선정공식출처로범위집중;이반환기록은원문미검토(포괄검색아님),search_snippet_only,,search_records/sw-q05.json#result-15,
search_return,sw-q05,2026-09-14,web.search,"""해수욕장"" ""수질"" ""대장균"" ""장구균""",https://www.yna.co.kr/amp/view/AKR20230605074400056,제주 해수욕장 등 수질 안전…대장균·장구균 기준 이하 | 연합뉴스,17,not_extracted_candidate,관련행정/모니터링/학술후보;선정공식출처로범위집중;이반환기록은원문미검토(포괄검색아님),search_snippet_only,,search_records/sw-q05.json#result-16,
search_return,sw-q05,2026-09-14,web.search,"""해수욕장"" ""수질"" ""대장균"" ""장구균""",https://www.kbmaeil.com/357728,포항 모든 해수욕장 수질 `적합` - 경북매일,17,not_extracted_candidate,관련행정/모니터링/학술후보;선정공식출처로범위집중;이반환기록은원문미검토(포괄검색아님),search_snippet_only,,search_records/sw-q05.json#result-17,
search_return,sw-q06,2026-09-14,web.search,"site.weather.go.kr ""낙뢰"" ""물"" ""대피""",https://www.nyj.go.kr/www/contents.do?key=3197,낙뢰 - 자연재난 - 대국민행동요령 - 재난/안전 - 분야별정보 - 남양주시청,18,not_extracted_candidate,관련행정/모니터링/학술후보;선정공식출처로범위집중;이반환기록은원문미검토(포괄검색아님),search_snippet_only,,search_records/sw-q06.json#result-1,
search_return,sw-q06,2026-09-14,web.search,"site.weather.go.kr ""낙뢰"" ""물"" ""대피""",https://fmb.or.kr/data/file/missio/1893477146_UyTWKVcf_cfa04c4478c75149d10f24407e2b5cfe18e1a00d.pdf,●      머리글 │,18,exclude,반환제목/스니펫에서목표활동-환경-결과연결부족,search_snippet_only,,search_records/sw-q06.json#result-2,
search_return,sw-q06,2026-09-14,web.search,"site.weather.go.kr ""낙뢰"" ""물"" ""대피""",https://ee.smu.ac.kr/kor/intro/safetySe.do?articleNo=726565&attachNo=555029&mode=download,2026학년도 천안캠퍼스,18,exclude,반환제목/스니펫에서목표활동-환경-결과연결부족,search_snippet_only,,search_records/sw-q06.json#result-3,
search_return,sw-q06,2026-09-14,web.search,"site.weather.go.kr ""낙뢰"" ""물"" ""대피""",https://www.mois.go.kr/frt/bbs/type002/commonSelectBoardArticle.do%3Bjsessionid%3D7xod3HwEEJuwhLRSnMZW2mU%2B.node40?bbsId=BBSMSTR_000000000530&nttId=117734,낙뢰 국민행동요령 포스터 | 행정안전부>,18,not_extracted_candidate,관련행정/모니터링/학술후보;선정공식출처로범위집중;이반환기록은원문미검토(포괄검색아님),search_snippet_only,,search_records/sw-q06.json#result-4,
search_return,sw-q06,2026-09-14,web.search,"site.weather.go.kr ""낙뢰"" ""물"" ""대피""",https://www.goryeong.go.kr/kor/contents.do?IDX=437,자연재난 행동요령 : 고령군,18,not_extracted_candidate,관련행정/모니터링/학술후보;선정공식출처로범위집중;이반환기록은원문미검토(포괄검색아님),search_snippet_only,,search_records/sw-q06.json#result-5,
search_return,sw-q06,2026-09-14,web.search,"site.weather.go.kr ""낙뢰"" ""물"" ""대피""",https://www.smu.ac.kr/kor/intro/safetySe.do?articleNo=726572&attachNo=555028&mode=download,2026학년도 서울캠퍼스,18,exclude,반환제목/스니펫에서목표활동-환경-결과연결부족,search_snippet_only,,search_records/sw-q06.json#result-6,
search_return,sw-q06,2026-09-14,web.search,"site.weather.go.kr ""낙뢰"" ""물"" ""대피""",https://gsmh.es.jne.kr/data/attach_data/jangsung/dy-nammyeon_es/k2board/na/bbs_60396/ntt_1800664692/doc_a98av17e1%3D0cve1%3D47v6b%3Dbev37%3Dae76v2352va673_v2004.pdf,"낙뢰  
이렇게 행동하세요!

국민안전재난포털

30 - 30 안전 규칙 : 번개가 친 후",18,exclude,반환제목/스니펫에서목표활동-환경-결과연결부족,search_snippet_only,,search_records/sw-q06.json#result-7,
search_return,sw-q06,2026-09-14,web.search,"site.weather.go.kr ""낙뢰"" ""물"" ""대피""",https://www.joongdo.co.kr/web/view.php?key=20260827010008128,"중도일보 - 당진시, 낙뢰 국민행동요령 준수 당부",18,not_extracted_candidate,관련행정/모니터링/학술후보;선정공식출처로범위집중;이반환기록은원문미검토(포괄검색아님),search_snippet_only,,search_records/sw-q06.json#result-8,
search_return,sw-q06,2026-09-14,web.search,"site.weather.go.kr ""낙뢰"" ""물"" ""대피""",https://www.geconomy.co.kr/news/article.html?no=278301,[이원태-안전] “번개 친 후 30초 내 천둥 울리면 즉시 대피” ‘양양 낙뢰 비극’ 골퍼들 ‘날벼락’ 확률 커져,18,exclude,활동별환경-결과원자료와무관하거나비학술/비1차소개자료,search_snippet_only,,search_records/sw-q06.json#result-9,
search_return,sw-q06,2026-09-14,web.search,"site.weather.go.kr ""낙뢰"" ""물"" ""대피""",https://www.younghoon.es.kr/younghoon_m/school-infor/minutes-of-the-meeting.do?articleNo=30174&attachNo=30351&mode=fileDownload,"<table id=""e1"">",18,exclude,반환제목/스니펫에서목표활동-환경-결과연결부족,search_snippet_only,,search_records/sw-q06.json#result-10,
search_return,sw-q06,2026-09-14,web.search,"site.weather.go.kr ""낙뢰"" ""물"" ""대피""",https://health.oneuldon.com/articles/lightning-30-30-safety-2026-08-29,천둥이 들리면 얼마나 기다려야 할까: 낙뢰 30-30 규칙과 장소별 대피 7단계 | 오늘의 건강,18,exclude,활동별환경-결과원자료와무관하거나비학술/비1차소개자료,search_snippet_only,,search_records/sw-q06.json#result-11,
search_return,sw-q06,2026-09-14,web.search,"site.weather.go.kr ""낙뢰"" ""물"" ""대피""",https://www.kmr.or.kr/younghoon_m/school-infor/minutes-of-the-meeting.do?articleNo=30174&attachNo=30351&mode=fileDownload,"2024학년도
[영훈국제중학교운영위원회 13기]
제2회 학교운영위원회
■ 일시 : 2024",18,exclude,반환제목/스니펫에서목표활동-환경-결과연결부족,search_snippet_only,,search_records/sw-q06.json#result-12,
search_return,sw-q06,2026-09-14,web.search,"site.weather.go.kr ""낙뢰"" ""물"" ""대피""",https://v.daum.net/v/YDWy1TwMhg,"“18홀에 물 10병 마신 적도”···건강 챙기고, 스코어도 잡는 ‘땡볕 라운드’ 요령",18,exclude,활동별환경-결과원자료와무관하거나비학술/비1차소개자료,search_snippet_only,,search_records/sw-q06.json#result-13,
search_return,sw-q06,2026-09-14,web.search,"site.weather.go.kr ""낙뢰"" ""물"" ""대피""",https://ginov.tistory.com/63,낙뢰 행동요령 판단표｜천둥·30-30 규칙·실내·야외·자동차 대피,18,exclude,활동별환경-결과원자료와무관하거나비학술/비1차소개자료,search_snippet_only,,search_records/sw-q06.json#result-14,
search_return,sw-q06,2026-09-14,web.search,"site.weather.go.kr ""낙뢰"" ""물"" ""대피""",https://picks.my/ko_v2s/s/detail/30385/content.html,"여름철 낙뢰 사고, 6~8월에 90% 집중…'30-30 안전 수칙 꼭 기억하세요' | 오늘의 스토리",18,exclude,반환제목/스니펫에서목표활동-환경-결과연결부족,search_snippet_only,,search_records/sw-q06.json#result-15,
search_return,sw-q06,2026-09-14,web.search,"site.weather.go.kr ""낙뢰"" ""물"" ""대피""",https://m.kukinews.com/article/view/kuk202406180032,"[기고] 장마철, 전기 감전·물 웅덩이·간판 등 날아다니는 물건 조심",18,exclude,활동별환경-결과원자료와무관하거나비학술/비1차소개자료,search_snippet_only,,search_records/sw-q06.json#result-16,
search_return,sw-q06,2026-09-14,web.search,"site.weather.go.kr ""낙뢰"" ""물"" ""대피""",https://news.nate.com/view/20260827n22239,"당진시, 낙뢰 국민 행동요령 준수 당부 : 네이트 뉴스",18,not_extracted_candidate,관련행정/모니터링/학술후보;선정공식출처로범위집중;이반환기록은원문미검토(포괄검색아님),search_snippet_only,,search_records/sw-q06.json#result-17,
search_return,sw-q06,2026-09-14,web.search,"site.weather.go.kr ""낙뢰"" ""물"" ""대피""",https://everyhealth.co.kr/lightning-safety-30-30-rule-outdoor-shelter-check/,"낙뢰 안전수칙, 번개 뒤 30초와 마지막 천둥 뒤 30분 기억하기 - EveryHealth",18,exclude,활동별환경-결과원자료와무관하거나비학술/비1차소개자료,search_snippet_only,,search_records/sw-q06.json#result-18,
search_return,sw-q07,2026-09-14,web.search,"""swimming"" ""water temperature"" ""hyperthermia"" ""32"" study",https://ris.cdu.edu.au/ws/portalfiles/portal/142805582/1-s2.0-S1440244025001951-main.pdf,Charles Darwin University,24,exclude,반환제목/스니펫에서목표활동-환경-결과연결부족,search_snippet_only,,search_records/sw-q07.json#result-1,
search_return,sw-q07,2026-09-14,web.search,"""swimming"" ""water temperature"" ""hyperthermia"" ""32"" study",https://pmc.ncbi.nlm.nih.gov/articles/PMC4052348/,Moving in extreme environments: open water swimming in cold and warm water - PMC,24,not_extracted_candidate,관련생리/수질후보;이번종합은직접쾌적감·고온반증·강우코호트에집중하여추가원문검토안함,search_snippet_only,,search_records/sw-q07.json#result-2,
search_return,sw-q07,2026-09-14,web.search,"""swimming"" ""water temperature"" ""hyperthermia"" ""32"" study",https://pmc.ncbi.nlm.nih.gov/articles/PMC8733577/,Thermal Strain During Open-Water Swimming Competition in Warm Water Environments - PMC,24,background_tracing,Perspective/리뷰;Macaluso2011원연구추적에사용;새독립표본아님,search_snippet_only,,search_records/sw-q07.json#result-3,
search_return,sw-q07,2026-09-14,web.search,"""swimming"" ""water temperature"" ""hyperthermia"" ""32"" study",https://www.ipleiria.pt/esecs/wp-content/uploads/sites/15/2019/10/Sport_Science_Final_WEB.pdf,CURRENT AND FUTURE TRENDS FOR PERFORMANCE OPTIMIZATION,24,exclude,반환제목/스니펫에서목표활동-환경-결과연결부족,search_snippet_only,,search_records/sw-q07.json#result-4,
search_return,sw-q07,2026-09-14,web.search,"""swimming"" ""water temperature"" ""hyperthermia"" ""32"" study",https://journal.aspetar.com/en/journals/volume-5-targeted-topic-international-sports-federations/testing-the-waters-highlighting-the-safety-of-open-water-swimmers,Aspetar Sports Medicine Journal - Testing the waters: highlighting the safety of open water swimmers,24,not_extracted_candidate,관련생리/수질후보;이번종합은직접쾌적감·고온반증·강우코호트에집중하여추가원문검토안함,search_snippet_only,,search_records/sw-q07.json#result-5,
search_return,sw-q07,2026-09-14,web.search,"""swimming"" ""water temperature"" ""hyperthermia"" ""32"" study",https://www.researchgate.net/publication/232767668_Effects_of_three_different_water_temperatures_on_dehydration_in_competitive_swimmers,(PDF) Effects of three different water temperatures on dehydration in competitive swimmers,24,selected_study_record,해당연구/공식자료를후속열람;URL중복은독립연구아님,search_snippet_only,SW-S04,search_records/sw-q07.json#result-6,
search_return,sw-q07,2026-09-14,web.search,"""swimming"" ""water temperature"" ""hyperthermia"" ""32"" study",https://pmc.ncbi.nlm.nih.gov/articles/PMC12416187/,Thermal physiology of open water wetsuited swimming: A cohort study - PMC,24,not_extracted_candidate,관련생리/수질후보;이번종합은직접쾌적감·고온반증·강우코호트에집중하여추가원문검토안함,search_snippet_only,,search_records/sw-q07.json#result-7,
search_return,sw-q07,2026-09-14,web.search,"""swimming"" ""water temperature"" ""hyperthermia"" ""32"" study",https://www.researchgate.net/publication/263010109_Moving_in_extreme_environments_Open_water_swimming_in_cold_and_warm_water,(PDF) Moving in extreme environments: open water swimming in cold and warm water,24,exclude_duplicate_or_metadata,학위논문·재게시·서지/저자페이지;독립연구로계수안함,search_snippet_only,,search_records/sw-q07.json#result-8,
search_return,sw-q07,2026-09-14,web.search,"""swimming"" ""water temperature"" ""hyperthermia"" ""32"" study",https://www.tandfonline.com/doi/pdf/10.2147/OAJSM.S482959,"Hyperthermia and Exertional Heatstroke During Running, Cycling, Open Water Swimming, and Triathlon E",24,not_extracted_candidate,관련생리/수질후보;이번종합은직접쾌적감·고온반증·강우코호트에집중하여추가원문검토안함,search_snippet_only,,search_records/sw-q07.json#result-9,
search_return,sw-q07,2026-09-14,web.search,"""swimming"" ""water temperature"" ""hyperthermia"" ""32"" study",https://academic.oup.com/milmed/article/188/9-10/3071/6643108,Diver Underwater Cycling Endurance After Short-Term Warm and Hot Water Acclimation | Military Medicine | Oxford Academic,24,not_extracted_candidate,관련생리/수질후보;이번종합은직접쾌적감·고온반증·강우코호트에집중하여추가원문검토안함,search_snippet_only,,search_records/sw-q07.json#result-10,
search_return,sw-q07,2026-09-14,web.search,"""swimming"" ""water temperature"" ""hyperthermia"" ""32"" study",https://www.researchgate.net/publication/393718583_Thermoregulatory_Responses_in_Open_Water_and_Pool_Swimming_Presentation_of_Hypothermia_and_Hyperthermia_within_and_outside_of_World_Aquatics_Water_Temperature_Thresholds,(PDF) Thermoregulatory Responses in Open Water and Pool Swimming: Presentation of Hypothermia and Hyperthermia within and outside of World Aquatics Water Temperature Thresholds,24,exclude_duplicate_or_metadata,학위논문·재게시·서지/저자페이지;독립연구로계수안함,search_snippet_only,,search_records/sw-q07.json#result-11,
search_return,sw-q07,2026-09-14,web.search,"""swimming"" ""water temperature"" ""hyperthermia"" ""32"" study",https://www.researchgate.net/publication/263010109_Moving_in_extreme_environments_open_water_swimming_in_cold_and_warm_water,(PDF) Moving in extreme environments: open water swimming in cold and warm water,24,exclude_duplicate_or_metadata,학위논문·재게시·서지/저자페이지;독립연구로계수안함,search_snippet_only,,search_records/sw-q07.json#result-12,
search_return,sw-q07,2026-09-14,web.search,"""swimming"" ""water temperature"" ""hyperthermia"" ""32"" study",https://journals.physiology.org/doi/full/10.1152/japplphysiol.01009.2025,Sex differences in English Channel swimming performance: an experiment of nature | Journal of Applied Physiology | American Physiological Society,24,not_extracted_candidate,관련생리/수질후보;이번종합은직접쾌적감·고온반증·강우코호트에집중하여추가원문검토안함,search_snippet_only,,search_records/sw-q07.json#result-13,
search_return,sw-q07,2026-09-14,web.search,"""swimming"" ""water temperature"" ""hyperthermia"" ""32"" study",https://www.researchgate.net/publication/403217538_A_characterisation_of_elite_open_water_swimmer%27s_Core_temperature_responses_and_preparation_practices_in_European_Aquatics_competitions,(PDF) A characterisation of elite open water swimmer's Core temperature responses and preparation practices in European Aquatics competitions,24,exclude_duplicate_or_metadata,학위논문·재게시·서지/저자페이지;독립연구로계수안함,search_snippet_only,,search_records/sw-q07.json#result-14,
search_return,sw-q07,2026-09-14,web.search,"""swimming"" ""water temperature"" ""hyperthermia"" ""32"" study",https://experts.mcmaster.ca/scholarly-works/3623682,Thermoregulatory responses in open water and pool...,24,not_extracted_candidate,관련생리/수질후보;이번종합은직접쾌적감·고온반증·강우코호트에집중하여추가원문검토안함,search_snippet_only,,search_records/sw-q07.json#result-15,
search_return,sw-q07,2026-09-14,web.search,"""swimming"" ""water temperature"" ""hyperthermia"" ""32"" study",https://www.redcrosslearningcenter.org/sfc/servlet.shepherd/version/download/0680V000005lYwUQAU,Template for ACFAS Product Review,24,not_extracted_candidate,관련행정/모니터링/학술후보;선정공식출처로범위집중;이반환기록은원문미검토(포괄검색아님),search_snippet_only,,search_records/sw-q07.json#result-16,
search_return,sw-q07,2026-09-14,web.search,"""swimming"" ""water temperature"" ""hyperthermia"" ""32"" study",https://watersmartbroward.org/documents/8-Scientific-Review-Water-Temperature.pdf,Microsoft Word - Scientific Review Water Temperature Final for Posting 3_30_12,24,not_extracted_candidate,관련행정/모니터링/학술후보;선정공식출처로범위집중;이반환기록은원문미검토(포괄검색아님),search_snippet_only,,search_records/sw-q07.json#result-17,
search_return,sw-q07,2026-09-14,web.search,"""swimming"" ""water temperature"" ""hyperthermia"" ""32"" study",https://www.atlalbiate.com/graziano/graziano2021/libri%20sito/Sport_Science_Final_WEB.pdf,"Datasheet
Title
Sport Science: Current and Future",24,exclude,반환제목/스니펫에서목표활동-환경-결과연결부족,search_snippet_only,,search_records/sw-q07.json#result-18,
search_return,sw-q07,2026-09-14,web.search,"""swimming"" ""water temperature"" ""hyperthermia"" ""32"" study",https://en.wikipedia.org/wiki/Ross_Edgley,Ross Edgley,24,exclude,활동별환경-결과원자료와무관하거나비학술/비1차소개자료,search_snippet_only,,search_records/sw-q07.json#result-19,
search_return,sw-q07,2026-09-14,web.search,"""swimming"" ""water temperature"" ""hyperthermia"" ""32"" study",https://en.wikipedia.org/wiki/Diving_suit,Diving suit,24,exclude,활동별환경-결과원자료와무관하거나비학술/비1차소개자료,search_snippet_only,,search_records/sw-q07.json#result-20,
search_return,sw-q07,2026-09-14,web.search,"""swimming"" ""water temperature"" ""hyperthermia"" ""32"" study",https://en.wikipedia.org/wiki/Human_factors_in_diving_equipment_design,Human factors in diving equipment design,24,exclude,활동별환경-결과원자료와무관하거나비학술/비1차소개자료,search_snippet_only,,search_records/sw-q07.json#result-21,
search_return,sw-q07,2026-09-14,web.search,"""swimming"" ""water temperature"" ""hyperthermia"" ""32"" study",https://www.reddit.com/r/Swimming/comments/175dgt7,Does the pool you swim in affect your swim? Slow vs fast pool.,24,exclude,활동별환경-결과원자료와무관하거나비학술/비1차소개자료,search_snippet_only,,search_records/sw-q07.json#result-22,
search_return,sw-q07,2026-09-14,web.search,"""swimming"" ""water temperature"" ""hyperthermia"" ""32"" study",https://en.wikipedia.org/wiki/Thermal_balance_of_the_underwater_diver,Thermal balance of the underwater diver,24,exclude,활동별환경-결과원자료와무관하거나비학술/비1차소개자료,search_snippet_only,,search_records/sw-q07.json#result-23,
search_return,sw-q07,2026-09-14,web.search,"""swimming"" ""water temperature"" ""hyperthermia"" ""32"" study",https://www.reddit.com/r/duolingo/comments/1heja7f,water temperature,24,exclude,활동별환경-결과원자료와무관하거나비학술/비1차소개자료,search_snippet_only,,search_records/sw-q07.json#result-24,
search_return,sw-q08,2026-09-14,web.search,"""수온"" ""열쾌적"" 수영",https://db.koreascholar.com/Journal/Volume/902?page=1&vid=22807,한국환경생태학회 학술대회논문집 제23권 2호 - koreascholar,2,not_extracted_candidate,관련행정/모니터링/학술후보;선정공식출처로범위집중;이반환기록은원문미검토(포괄검색아님),search_snippet_only,,search_records/sw-q08.json#result-1,
search_return,sw-q08,2026-09-14,web.search,"""수온"" ""열쾌적"" 수영",https://db.koreascholar.com/Search/Result?field=k&page=31&print=1D20&query=%EB%8C%80%EC%83%81,검색결과 - koreascholar,2,exclude,반환제목/스니펫에서목표활동-환경-결과연결부족,search_snippet_only,,search_records/sw-q08.json#result-2,
search_return,sw-q09,2026-09-14,web.search,"""낙뢰"" ""수영"" site.mois.go.kr",https://www.mois.go.kr/video/bbs/type019/commonSelectBoardArticle.do%3Bjsessionid%3D0HAOj9rUUE7xtgrmNjavbY%2BX.node30?bbsId=BBSMSTR_000000000255&nttId=54420&searchCode1=,<이달의 재난> 6월 | 행정안전부 동영상뉴스,18,not_extracted_candidate,관련행정/모니터링/학술후보;선정공식출처로범위집중;이반환기록은원문미검토(포괄검색아님),search_snippet_only,,search_records/sw-q09.json#result-1,
search_return,sw-q09,2026-09-14,web.search,"""낙뢰"" ""수영"" site.mois.go.kr",https://www.goe.go.kr/resource/goe/na/bbs_2675/2026/03/409f5247-b2fd-460a-b3a2-fe8cc603e159.pdf,<303331335FB0E6B1E2B5B5B1B3C0B0C3BB5F3230323620C7D0B1B3C3BCC0B020BEF7B9ABB8C5B4BABEF35FB3BBC1F62E687770>,18,not_extracted_candidate,관련행정/모니터링/학술후보;선정공식출처로범위집중;이반환기록은원문미검토(포괄검색아님),search_snippet_only,,search_records/sw-q09.json#result-2,
search_return,sw-q09,2026-09-14,web.search,"""낙뢰"" ""수영"" site.mois.go.kr",https://www.korean.go.kr/common/download.do%3Bfront%3D828B12E5DCF952A3A46E9A401F3661C7?c_file_name=0528a905-2eb3-4c5a-978c-f424dd6a6c47_0.pdf&file_path=reportData&o_file_name=%ED%95%9C%EA%B8%80%EB%A7%9E%EC%B6%A4%EB%B2%95+%ED%91%9C%EC%A4%80%EC%96%B4%EA%B7%9C%EC%A0%95+%ED%95%B4%EC%84%A4.pdf,<C6ED2DBEEEB9AEB1D4B9FCC7D8BCB35FB1B9BEEEBFF8C3D6C1BE5F76657232302DBCF6C1A4BABB2E687770>,18,exclude,활동별환경-결과원자료와무관하거나비학술/비1차소개자료,search_snippet_only,,search_records/sw-q09.json#result-3,
search_return,sw-q09,2026-09-14,web.search,"""낙뢰"" ""수영"" site.mois.go.kr",https://www.goegh.kr/upload/maeyang-m/na/bbs_1563/2025/07/AF50558A-0733-568A-EAC6-BADC0ED60AA6.pdf,7월 가정연계교육자료,18,not_extracted_candidate,관련행정/모니터링/학술후보;선정공식출처로범위집중;이반환기록은원문미검토(포괄검색아님),search_snippet_only,,search_records/sw-q09.json#result-4,
search_return,sw-q09,2026-09-14,web.search,"""낙뢰"" ""수영"" site.mois.go.kr",https://www.goe.go.kr/resource/old/BBSMSTR_000000030062/BBS_201502260350259611.pdf,"제3장 낙뢰

● 선생님, 꼭 알아두세요.

낙뢰발생 시 야외 행동요령  
✓ 낙뢰는 나무",18,not_extracted_candidate,관련행정/모니터링/학술후보;선정공식출처로범위집중;이반환기록은원문미검토(포괄검색아님),search_snippet_only,,search_records/sw-q09.json#result-5,
search_return,sw-q09,2026-09-14,web.search,"""낙뢰"" ""수영"" site.mois.go.kr",https://www.goe.go.kr/resource/old/BBSMSTR_000000030062/BBS_201502260350262182.pdf,"제3장 낙뢰

● 선생님, 꼭 알아두세요.

### 낙뢰발생 시 야외 행동요령
✓ 낙뢰는",18,not_extracted_candidate,관련행정/모니터링/학술후보;선정공식출처로범위집중;이반환기록은원문미검토(포괄검색아님),search_snippet_only,,search_records/sw-q09.json#result-6,
search_return,sw-q09,2026-09-14,web.search,"""낙뢰"" ""수영"" site.mois.go.kr",https://www.korean.go.kr/common/download.do%3Bfront%3D43024E0AE588A9C2E9347AE66847A415?c_file_name=0528a905-2eb3-4c5a-978c-f424dd6a6c47_0.pdf&file_path=reportData&o_file_name=%ED%95%9C%EA%B8%80%EB%A7%9E%EC%B6%A4%EB%B2%95+%ED%91%9C%EC%A4%80%EC%96%B4%EA%B7%9C%EC%A0%95+%ED%95%B4%EC%84%A4.pdf,<C6ED2DBEEEB9AEB1D4B9FCC7D8BCB35FB1B9BEEEBFF8C3D6C1BE5F76657232302DBCF6C1A4BABB2E687770>,18,exclude,활동별환경-결과원자료와무관하거나비학술/비1차소개자료,search_snippet_only,,search_records/sw-q09.json#result-7,
search_return,sw-q09,2026-09-14,web.search,"""낙뢰"" ""수영"" site.mois.go.kr",https://okmodern.wordpress.com/2018/04/12/d/,전기 안전,18,exclude,반환제목/스니펫에서목표활동-환경-결과연결부족,search_snippet_only,,search_records/sw-q09.json#result-8,
search_return,sw-q09,2026-09-14,web.search,"""낙뢰"" ""수영"" site.mois.go.kr",https://www.yna.co.kr/view/AKR20180628058800004,홍수·태풍·폭염·산사태…7월엔 자연재해 주의하세요 | 연합뉴스,18,exclude,반환제목/스니펫에서목표활동-환경-결과연결부족,search_snippet_only,,search_records/sw-q09.json#result-9,
search_return,sw-q09,2026-09-14,web.search,"""낙뢰"" ""수영"" site.mois.go.kr",https://www.kookje.co.kr/news2011/asp/newsbody.asp?code=1700&key=20110802.22030200753,"[과학에세이] 번개, 벼락, 그리고 낙뢰 /이일수 : 국제신문",18,exclude,반환제목/스니펫에서목표활동-환경-결과연결부족,search_snippet_only,,search_records/sw-q09.json#result-10,
search_return,sw-q09,2026-09-14,web.search,"""낙뢰"" ""수영"" site.mois.go.kr",https://itstorydata.tistory.com/1682,같은 의미를 가진 남한말과 북한말 ㄴ,18,exclude,활동별환경-결과원자료와무관하거나비학술/비1차소개자료,search_snippet_only,,search_records/sw-q09.json#result-11,
search_return,sw-q09,2026-09-14,web.search,"""낙뢰"" ""수영"" site.mois.go.kr",https://www.dangjin.go.kr/safe/sub03_09_01.do,재난대응요령 >여가활동 >여가활동사고 > 당진시 재난안전대책본부,18,not_extracted_candidate,관련행정/모니터링/학술후보;선정공식출처로범위집중;이반환기록은원문미검토(포괄검색아님),search_snippet_only,,search_records/sw-q09.json#result-12,
search_return,sw-q09,2026-09-14,web.search,"""낙뢰"" ""수영"" site.mois.go.kr",https://www.easyschool.ai.kr/news/445895,"[잡학사전] “수영장에 벼락이 떨어지면, 수영 중인 사람은 감전될까?” - 이지스쿨 뉴스",18,not_extracted_candidate,관련생리/수질후보;이번종합은직접쾌적감·고온반증·강우코호트에집중하여추가원문검토안함,search_snippet_only,,search_records/sw-q09.json#result-13,
search_return,sw-q09,2026-09-14,web.search,"""낙뢰"" ""수영"" site.mois.go.kr",https://m.korea.kr/news/policyFocusView.do?cardYn=&cateId=&cateIds=&dataValue=&exceptNewsId=&nCateIds=&nSectIds=&newsId=148798064&pageIndex=1&pkgId=49500556&pkgSubId=&pkgSubs=&repCode=&repText=&sectId=&sectIds=&srchWord=,물놀이 전후 스트레칭 알고 계시죠? - 정책포커스 | 뉴스 | 대한민국 정책브리핑,18,not_extracted_candidate,관련행정/모니터링/학술후보;선정공식출처로범위집중;이반환기록은원문미검토(포괄검색아님),search_snippet_only,,search_records/sw-q09.json#result-14,
search_return,sw-q09,2026-09-14,web.search,"""낙뢰"" ""수영"" site.mois.go.kr",https://www.korea.kr/news/policyNewsView.do?newsId=148798064,물놀이 전후 스트레칭 알고 계시죠? - 정책뉴스 | 뉴스 | 대한민국 정책브리핑,18,not_extracted_candidate,관련행정/모니터링/학술후보;선정공식출처로범위집중;이반환기록은원문미검토(포괄검색아님),search_snippet_only,,search_records/sw-q09.json#result-15,
search_return,sw-q09,2026-09-14,web.search,"""낙뢰"" ""수영"" site.mois.go.kr",https://gonggam.korea.kr/newsContentView.es?code_cd=&content=NC002&mid=a12503000000&news_id=EBC6D40108864203E0540021F662AC5F&section_id=NCCD_CULTURE,상세 | 정책플러스 | 정책/뉴스 : K-공감 : 나에게 든든한 정책주간지,18,not_extracted_candidate,관련행정/모니터링/학술후보;선정공식출처로범위집중;이반환기록은원문미검토(포괄검색아님),search_snippet_only,,search_records/sw-q09.json#result-16,
search_return,sw-q09,2026-09-14,web.search,"""낙뢰"" ""수영"" site.mois.go.kr",https://www.wowtv.co.kr/NewsCenter/News/Read?articleId=A201806280553,7월 태풍 몰려온다…낙뢰·산사태까지? | 한국경제TV,18,exclude,반환제목/스니펫에서목표활동-환경-결과연결부족,search_snippet_only,,search_records/sw-q09.json#result-17,
search_return,sw-q09,2026-09-14,web.search,"""낙뢰"" ""수영"" site.mois.go.kr",https://www.ktv.go.kr/content/view?content_id=604358,KTV 국민방송,18,not_extracted_candidate,관련행정/모니터링/학술후보;선정공식출처로범위집중;이반환기록은원문미검토(포괄검색아님),search_snippet_only,,search_records/sw-q09.json#result-18,
search_return,sw-q10,2026-09-14,web.search,"""The determinants of thermal comfort in cool water""",https://pubmed.ncbi.nlm.nih.gov/25440756/,The determinants of thermal comfort in cool water - PubMed,16,selected_study_record,해당연구/공식자료를후속열람;URL중복은독립연구아님,search_snippet_only,SW-S02,search_records/sw-q10.json#result-1,
search_return,sw-q10,2026-09-14,web.search,"""The determinants of thermal comfort in cool water""",https://onlinelibrary.wiley.com/doi/full/10.1111/sms.12360,The determinants of thermal comfort in cool water - Guéritée - 2015 - Scandinavian Journal of Medicine & Science in Sports - Wiley Online Library,16,selected_study_record,해당연구/공식자료를후속열람;URL중복은독립연구아님,search_snippet_only,SW-S02,search_records/sw-q10.json#result-2,
search_return,sw-q10,2026-09-14,web.search,"""The determinants of thermal comfort in cool water""",https://researchportal.port.ac.uk/en/publications/the-determinants-of-thermal-comfort-in-cool-water/,The determinants of thermal comfort in cool water - University of Portsmouth,16,selected_study_record,해당연구/공식자료를후속열람;URL중복은독립연구아님,search_snippet_only,SW-S02,search_records/sw-q10.json#result-3,
search_return,sw-q10,2026-09-14,web.search,"""The determinants of thermal comfort in cool water""",https://onlinelibrary.wiley.com/doi/abs/10.1111/sms.12360,The determinants of thermal comfort in cool water - Guéritée - 2015 - Scandinavian Journal of Medicine & Science in Sports - Wiley Online Library,16,selected_study_record,해당연구/공식자료를후속열람;URL중복은독립연구아님,search_snippet_only,SW-S02,search_records/sw-q10.json#result-4,
search_return,sw-q10,2026-09-14,web.search,"""The determinants of thermal comfort in cool water""",https://researchportal.port.ac.uk/files/1938122/The_determinants_of_thermal_comfort_in_cool_water.pdf,Running Head: Thermal comfort in cool water,16,selected_study_record,해당연구/공식자료를후속열람;URL중복은독립연구아님,search_snippet_only,SW-S02,search_records/sw-q10.json#result-5,
search_return,sw-q10,2026-09-14,web.search,"""The determinants of thermal comfort in cool water""",https://www.researchgate.net/publication/269041296_The_determinants_of_thermal_comfort_in_cool_water,The determinants of thermal comfort in cool water | Request PDF,16,selected_study_record,해당연구/공식자료를후속열람;URL중복은독립연구아님,search_snippet_only,SW-S02,search_records/sw-q10.json#result-6,
search_return,sw-q10,2026-09-14,web.search,"""The determinants of thermal comfort in cool water""",https://researchportal.port.ac.uk/en/publications/the-determinants-of-thermal-comfort-in-cool-water/fingerprints/,The determinants of thermal comfort in cool water - Fingerprint - University of Portsmouth,16,selected_study_record,해당연구/공식자료를후속열람;URL중복은독립연구아님,search_snippet_only,SW-S02,search_records/sw-q10.json#result-7,
search_return,sw-q10,2026-09-14,web.search,"""The determinants of thermal comfort in cool water""",https://environmental-exercise-physiology.blogspot.com/2015/01/the-determinants-of-thermal-comfort-in.html,Environmental Thermal Neurophysiology: The determinants of thermal comfort in cool water,16,selected_study_record,해당연구/공식자료를후속열람;URL중복은독립연구아님,search_snippet_only,SW-S02,search_records/sw-q10.json#result-8,
search_return,sw-q10,2026-09-14,web.search,"""The determinants of thermal comfort in cool water""",https://www.researchgate.net/profile/Julien-Gueritee,Julien GUÉRITÉE | PhD | Research profile,16,exclude_duplicate_or_metadata,학위논문·재게시·서지/저자페이지;독립연구로계수안함,search_snippet_only,,search_records/sw-q10.json#result-9,
search_return,sw-q10,2026-09-14,web.search,"""The determinants of thermal comfort in cool water""",https://openalex.org/W1896976935,The determinants of thermal comfort in cool water,16,selected_study_record,해당연구/공식자료를후속열람;URL중복은독립연구아님,search_snippet_only,SW-S02,search_records/sw-q10.json#result-10,
search_return,sw-q10,2026-09-14,web.search,"""The determinants of thermal comfort in cool water""",https://iris.sena.edu.co/EDS/Search?dfApplied=1&filter%5B%5D=EXPAND%3A%22fulltext%22&filter%5B%5D=SubjectEDS%3A%22skin+temperature%22&lookfor=%22Tipton+P%22&type=AU,"Search Results - ""Tipton P"" :: Library Catalog",16,not_extracted_candidate,관련생리/수질후보;이번종합은직접쾌적감·고온반증·강우코호트에집중하여추가원문검토안함,search_snippet_only,,search_records/sw-q10.json#result-11,
search_return,sw-q10,2026-09-14,web.search,"""The determinants of thermal comfort in cool water""",https://www.sciencedirect.com/science/article/pii/S0031938417302202,"Thermal comfort zone of the hands, feet and head in males and females - ScienceDirect",16,not_extracted_candidate,관련생리/수질후보;이번종합은직접쾌적감·고온반증·강우코호트에집중하여추가원문검토안함,search_snippet_only,,search_records/sw-q10.json#result-12,
search_return,sw-q10,2026-09-14,web.search,"""The determinants of thermal comfort in cool water""",https://uk.linkedin.com/in/jim-house-93884917,Jim House - Maritime and Coastguard Agency | LinkedIn,16,exclude_duplicate_or_metadata,학위논문·재게시·서지/저자페이지;독립연구로계수안함,search_snippet_only,,search_records/sw-q10.json#result-13,
search_return,sw-q10,2026-09-14,web.search,"""The determinants of thermal comfort in cool water""",https://researchportal.port.ac.uk/files/5924262/Thermal_comfort_during_and_following_water_immersion_in_humans_PhD_Thesis_Julien_Gu_rit_e.pdf,Thermal comfort during and following,16,exclude_duplicate_or_metadata,학위논문·재게시·서지/저자페이지;독립연구로계수안함,search_snippet_only,,search_records/sw-q10.json#result-14,
search_return,sw-q10,2026-09-14,web.search,"""The determinants of thermal comfort in cool water""",https://fileserver-az.core.ac.uk/download/pdf/77050170.pdf,(Microsoft Word - Thermal comfort during and following water immersion in humans - PhD Thesis - Julien Gu\351rit\351e),16,exclude_duplicate_or_metadata,학위논문·재게시·서지/저자페이지;독립연구로계수안함,search_snippet_only,,search_records/sw-q10.json#result-15,
search_return,sw-q10,2026-09-14,web.search,"""The determinants of thermal comfort in cool water""",https://www.eurothermology.org/TI_Volumes/Volume%205.1.pdf,Published papers on Thermology or Temperature Measurement between 2014 and 2015,16,not_extracted_candidate,관련생리/수질후보;이번종합은직접쾌적감·고온반증·강우코호트에집중하여추가원문검토안함,search_snippet_only,,search_records/sw-q10.json#result-16,
search_return,sw-q11,2026-09-14,web.search,"""Macaluso"" ""2011"" ""water temperatures"" ""swimmers""",https://iris.unipa.it/handle/10447/60372,Effects of three different water temperatures on dehydration in competitive swimmers,18,selected_study_record,해당연구/공식자료를후속열람;URL중복은독립연구아님,search_snippet_only,SW-S04,search_records/sw-q11.json#result-1,
search_return,sw-q11,2026-09-14,web.search,"""Macaluso"" ""2011"" ""water temperatures"" ""swimmers""",https://www.unipa.it/persone/docenti/d/valentina.difelice/en/?idPubblicazione=71509&pagina=pubblicazione,Pubblicazione | VALENTINA DI FELICE | Università degli Studi di Palermo,18,exclude,반환제목/스니펫에서목표활동-환경-결과연결부족,search_snippet_only,,search_records/sw-q11.json#result-2,
search_return,sw-q11,2026-09-14,web.search,"""Macaluso"" ""2011"" ""water temperatures"" ""swimmers""",https://www.em-consulte.com/article/667850/figures/effects-of-three-different-water-temperatures-on-d,Effects of three different water temperatures on dehydration in competitive swimmers - EM consulte,18,selected_study_record,해당연구/공식자료를후속열람;URL중복은독립연구아님,search_snippet_only,SW-S04,search_records/sw-q11.json#result-3,
search_return,sw-q11,2026-09-14,web.search,"""Macaluso"" ""2011"" ""water temperatures"" ""swimmers""",https://www.unipa.it/persone/docenti/m/filippo.macaluso/en/?pagina=curriculum,Curriculum e ricerca | FILIPPO MACALUSO | Università degli Studi di Palermo,18,exclude_duplicate_or_metadata,학위논문·재게시·서지/저자페이지;독립연구로계수안함,search_snippet_only,,search_records/sw-q11.json#result-4,
search_return,sw-q11,2026-09-14,web.search,"""Macaluso"" ""2011"" ""water temperatures"" ""swimmers""",https://www.researchgate.net/publication/232767668_Effects_of_three_different_water_temperatures_on_dehydration_in_competitive_swimmers,(PDF) Effects of three different water temperatures on dehydration in competitive swimmers,18,selected_study_record,해당연구/공식자료를후속열람;URL중복은독립연구아님,search_snippet_only,SW-S04,search_records/sw-q11.json#result-5,
search_return,sw-q11,2026-09-14,web.search,"""Macaluso"" ""2011"" ""water temperatures"" ""swimmers""",https://www.unipa.it/persone/docenti/m/filippo.macaluso/?pagina=curriculum,Curriculum e ricerca | FILIPPO MACALUSO | Università degli Studi di Palermo,18,exclude_duplicate_or_metadata,학위논문·재게시·서지/저자페이지;독립연구로계수안함,search_snippet_only,,search_records/sw-q11.json#result-6,
search_return,sw-q11,2026-09-14,web.search,"""Macaluso"" ""2011"" ""water temperatures"" ""swimmers""",https://iris.unipa.it/cris/rp/rp10580,"BOSCAINO, Giovanni",18,exclude,반환제목/스니펫에서목표활동-환경-결과연결부족,search_snippet_only,,search_records/sw-q11.json#result-7,
search_return,sw-q11,2026-09-14,web.search,"""Macaluso"" ""2011"" ""water temperatures"" ""swimmers""",https://www.unipa.it/persone/docenti/m/filippo.macaluso/?PageSpeed=noscript&pagina=curriculum,Curriculum e ricerca | FILIPPO MACALUSO | Università degli Studi di Palermo,18,exclude_duplicate_or_metadata,학위논문·재게시·서지/저자페이지;독립연구로계수안함,search_snippet_only,,search_records/sw-q11.json#result-8,
search_return,sw-q11,2026-09-14,web.search,"""Macaluso"" ""2011"" ""water temperatures"" ""swimmers""",https://iris.unipa.it/handle/10447/52757/simple-search?etal=0&order=desc&query=&rpp=45&sort_by=score&start=85860,Ricerca,18,not_extracted_candidate,관련생리/수질후보;이번종합은직접쾌적감·고온반증·강우코호트에집중하여추가원문검토안함,search_snippet_only,,search_records/sw-q11.json#result-9,
search_return,sw-q11,2026-09-14,web.search,"""Macaluso"" ""2011"" ""water temperatures"" ""swimmers""",https://openalex.org/W2146891733,Effects of three different water temperatures on dehydration in competitive swimmers,18,selected_study_record,해당연구/공식자료를후속열람;URL중복은독립연구아님,search_snippet_only,SW-S04,search_records/sw-q11.json#result-10,
search_return,sw-q11,2026-09-14,web.search,"""Macaluso"" ""2011"" ""water temperatures"" ""swimmers""",https://iris.uniecampus.it/handle/11389/16427/simple-search?etal=0&order=desc&query=&rpp=95&sort_by=score&start=11305,Ricerca,18,not_extracted_candidate,관련생리/수질후보;이번종합은직접쾌적감·고온반증·강우코호트에집중하여추가원문검토안함,search_snippet_only,,search_records/sw-q11.json#result-11,
search_return,sw-q11,2026-09-14,web.search,"""Macaluso"" ""2011"" ""water temperatures"" ""swimmers""",https://www.em-consulte.com/revue/SCISPO/26/5/table-des-matieres/,Science & Sports - Vol 26 - n° 5 - EM consulte,18,exclude,반환제목/스니펫에서목표활동-환경-결과연결부족,search_snippet_only,,search_records/sw-q11.json#result-12,
search_return,sw-q11,2026-09-14,web.search,"""Macaluso"" ""2011"" ""water temperatures"" ""swimmers""",https://docenti.unipa.it/didatweb/curriculum?oidCurriculum=12754,Curriculum Vitae,18,exclude_duplicate_or_metadata,학위논문·재게시·서지/저자페이지;독립연구로계수안함,search_snippet_only,,search_records/sw-q11.json#result-13,
search_return,sw-q11,2026-09-14,web.search,"""Macaluso"" ""2011"" ""water temperatures"" ""swimmers""",https://www.unipa.it/scuole/dimedicinaechirurgia/.content/documenti/Curriculum-Vitae_Di-Felice-Valentina.pdf,Curriculum vitae Dott. Valentina Di Felice,18,exclude_duplicate_or_metadata,학위논문·재게시·서지/저자페이지;독립연구로계수안함,search_snippet_only,,search_records/sw-q11.json#result-14,
search_return,sw-q11,2026-09-14,web.search,"""Macaluso"" ""2011"" ""water temperatures"" ""swimmers""",https://www.uniecampus.it/fileadmin/public/cv_docenti/MCLFPP81D19C421F.pdf,CURRICULUM VITAE,18,exclude_duplicate_or_metadata,학위논문·재게시·서지/저자페이지;독립연구로계수안함,search_snippet_only,,search_records/sw-q11.json#result-15,
search_return,sw-q11,2026-09-14,web.search,"""Macaluso"" ""2011"" ""water temperatures"" ""swimmers""",https://pure.tudelft.nl/ws/files/7775069/Microbiology_in_swimming_pools_M.C.F.M._Peters.pdf,Delft University of Technology,18,not_extracted_candidate,관련생리/수질후보;이번종합은직접쾌적감·고온반증·강우코호트에집중하여추가원문검토안함,search_snippet_only,,search_records/sw-q11.json#result-16,
search_return,sw-q11,2026-09-14,web.search,"""Macaluso"" ""2011"" ""water temperatures"" ""swimmers""",https://iris.unipa.it/retrieve/e3ad891a-676c-da0e-e053-3705fe0a2b96/Wilderness%20Environ%20Med%202014%20-%20Lett.%20to%20Editor.pdf,Page 1 of 2,18,exclude,반환제목/스니펫에서목표활동-환경-결과연결부족,search_snippet_only,,search_records/sw-q11.json#result-17,
search_return,sw-q11,2026-09-14,web.search,"""Macaluso"" ""2011"" ""water temperatures"" ""swimmers""",https://pergamos.lib.uoa.gr/uoa/dl/object/2661907/file.pdf,<4D6963726F736F667420576F7264202D20D0D4D5D7C9C1CAC720D4D3CFCBC1CACFD320CA2DD4D3CFCBC1CACFD320CB>,18,exclude,반환제목/스니펫에서목표활동-환경-결과연결부족,search_snippet_only,,search_records/sw-q11.json#result-18,
search_return,sw-q12,2026-09-14,web.search,"""낙뢰"" ""물놀이"" ""대피"" site.korea.kr",https://m.korea.kr/expertWeb/resources/files/data/document_file/2009/%EB%B0%A9%EA%B3%BC%ED%9B%84%ED%95%99%EA%B5%90%20%ED%95%99%EB%B6%80%EB%AA%A8%20%EC%BD%94%EB%94%94%EB%84%A4%EC%9D%B4%ED%84%B0%20%EC%9A%B4%EC%98%81%EB%A7%A4%EB%89%B4%EC%96%BC.pdf,연구자료RRM 2009-17-01,18,not_extracted_candidate,관련행정/모니터링/학술후보;선정공식출처로범위집중;이반환기록은원문미검토(포괄검색아님),search_snippet_only,,search_records/sw-q12.json#result-1,
search_return,sw-q12,2026-09-14,web.search,"""낙뢰"" ""물놀이"" ""대피"" site.korea.kr",https://m.safekorea.go.kr/safekorea-kor/acts/nacts/action-guide.do?actsHeaderTitle=%ED%83%9C%ED%92%8D&category=typhoon&menuSn=4,국민안전24,18,exclude,활동별환경-결과원자료와무관하거나비학술/비1차소개자료,search_snippet_only,,search_records/sw-q12.json#result-2,
search_return,sw-q12,2026-09-14,web.search,"""낙뢰"" ""물놀이"" ""대피"" site.korea.kr",https://www.kmcc.go.kr/download.do?fileSeq=52401,<C7D1B1B9B9E6BCDBB0F8BBE72D32303230B3E220BBE7BEF7B3E2B5B520B0E6BFB5C6F2B0A1BAB8B0EDBCAD2E687770>,18,not_extracted_candidate,관련행정/모니터링/학술후보;선정공식출처로범위집중;이반환기록은원문미검토(포괄검색아님),search_snippet_only,,search_records/sw-q12.json#result-3,
search_return,sw-q12,2026-09-14,web.search,"""낙뢰"" ""물놀이"" ""대피"" site.korea.kr",https://gocamping.or.kr/static/menual/2024/2024_menual_3.pdf,재난재해 유형별 대응,18,exclude,반환제목/스니펫에서목표활동-환경-결과연결부족,search_snippet_only,,search_records/sw-q12.json#result-4,
search_return,sw-q12,2026-09-14,web.search,"""낙뢰"" ""물놀이"" ""대피"" site.korea.kr",https://www.korad.or.kr/korad/board/view.do?board_idx=1324498&manage_idx=22&menu_idx=54&s=&viewPage=1,한국원자력환경공단 > 알림마당 > 공지사항 > 여름 휴가철 안전수칙,18,exclude,반환제목/스니펫에서목표활동-환경-결과연결부족,search_snippet_only,,search_records/sw-q12.json#result-5,
search_return,sw-q12,2026-09-14,web.search,"""낙뢰"" ""물놀이"" ""대피"" site.korea.kr",https://www.safetv.go.kr/base/video/view?idx=2864&searchCategory=+,행정안전부 안전한TV > 비디오 보기 > [행동요령] 물놀이 사고 예방 계곡·하천 집중호우 대처법,18,not_extracted_candidate,관련행정/모니터링/학술후보;선정공식출처로범위집중;이반환기록은원문미검토(포괄검색아님),search_snippet_only,,search_records/sw-q12.json#result-6,
search_return,sw-q12,2026-09-14,web.search,"""낙뢰"" ""물놀이"" ""대피"" site.korea.kr",https://www.safetv.go.kr/base/video/view?idx=2864&menuLevel=&menuNo=&playlistManagementIdx=&searchCategory=3,행정안전부 안전한TV > 비디오 보기 > [행동요령] 물놀이 사고 예방 계곡·하천 집중호우 대처법,18,not_extracted_candidate,관련행정/모니터링/학술후보;선정공식출처로범위집중;이반환기록은원문미검토(포괄검색아님),search_snippet_only,,search_records/sw-q12.json#result-7,
search_return,sw-q12,2026-09-14,web.search,"""낙뢰"" ""물놀이"" ""대피"" site.korea.kr",https://www.weather.go.kr/w/hazard/safety-guide/typhoon.do,국민행동요령-태풍 - 기상청 날씨누리,18,selected_study_record,해당연구/공식자료를후속열람;URL중복은독립연구아님,search_snippet_only,SW-S08,search_records/sw-q12.json#result-8,
search_return,sw-q12,2026-09-14,web.search,"""낙뢰"" ""물놀이"" ""대피"" site.korea.kr",https://www.safetv.go.kr/base/video/view?idx=2864&menuLevel=1&menuNo=9&playlistManagementIdx=,행정안전부 안전한TV > 추천영상 > [행동요령] 물놀이 사고 예방 계곡·하천 집중호우 대처법,18,not_extracted_candidate,관련행정/모니터링/학술후보;선정공식출처로범위집중;이반환기록은원문미검토(포괄검색아님),search_snippet_only,,search_records/sw-q12.json#result-9,
search_return,sw-q12,2026-09-14,web.search,"""낙뢰"" ""물놀이"" ""대피"" site.korea.kr",https://www.nise.go.kr/jsp/field/2014-3/03_3.jsp,현장특수교육웹진,18,not_extracted_candidate,관련행정/모니터링/학술후보;선정공식출처로범위집중;이반환기록은원문미검토(포괄검색아님),search_snippet_only,,search_records/sw-q12.json#result-10,
search_return,sw-q12,2026-09-14,web.search,"""낙뢰"" ""물놀이"" ""대피"" site.korea.kr",https://www.safekorea.go.kr/safekorea-kor/acts/nacts/action-guide.do?actsHeaderTitle=%ED%98%B8%EC%9A%B0&category=heavyRain&menuSn=4,국민안전24,18,exclude,활동별환경-결과원자료와무관하거나비학술/비1차소개자료,search_snippet_only,,search_records/sw-q12.json#result-11,
search_return,sw-q12,2026-09-14,web.search,"""낙뢰"" ""물놀이"" ""대피"" site.korea.kr",https://kasem.safekorea.go.kr/file/%EC%83%9D%EC%95%A0%EC%A3%BC%EA%B8%B0%EB%B3%84%EC%95%88%EC%A0%84%EA%B5%90%EC%9C%A1%EC%A7%80%EB%8F%84.pdf,0528_생애주기별안전교육지도 수정,18,not_extracted_candidate,관련행정/모니터링/학술후보;선정공식출처로범위집중;이반환기록은원문미검토(포괄검색아님),search_snippet_only,,search_records/sw-q12.json#result-12,
search_return,sw-q12,2026-09-14,web.search,"""낙뢰"" ""물놀이"" ""대피"" site.korea.kr",https://som-2ee.tistory.com/87?category=1186721,30초 안에 피해야 산다? 집중호우+번개 대응법 총정리,18,exclude,활동별환경-결과원자료와무관하거나비학술/비1차소개자료,search_snippet_only,,search_records/sw-q12.json#result-13,
search_return,sw-q12,2026-09-14,web.search,"""낙뢰"" ""물놀이"" ""대피"" site.korea.kr",https://withbeatles.tistory.com/m/7889,"@원주 칠봉유원지 노지캠핑 여행, 차박·물놀이·주변 명소 이용 팁",18,exclude,활동별환경-결과원자료와무관하거나비학술/비1차소개자료,search_snippet_only,,search_records/sw-q12.json#result-14,
search_return,sw-q12,2026-09-14,web.search,"""낙뢰"" ""물놀이"" ""대피"" site.korea.kr",https://www.newsprime.co.kr/news/article/?no=380605,[아하!] 장마철 낙뢰 피해 예방 행동요령은?,18,not_extracted_candidate,관련행정/모니터링/학술후보;선정공식출처로범위집중;이반환기록은원문미검토(포괄검색아님),search_snippet_only,,search_records/sw-q12.json#result-15,
search_return,sw-q12,2026-09-14,web.search,"""낙뢰"" ""물놀이"" ""대피"" site.korea.kr",https://gjyeo.ms.jne.kr/data/attach_data/kangjin/gjyeo_ms/k2board/na/bbs_65437/ntt_1800724451/doc_5a91vf8f8%3De0v75%3D4bv7e%3D8bv25%3D8c53vf30evc725_v1869.pdf,"<visual_element id=""e1"">",18,exclude,반환제목/스니펫에서목표활동-환경-결과연결부족,search_snippet_only,,search_records/sw-q12.json#result-16,
search_return,sw-q12,2026-09-14,web.search,"""낙뢰"" ""물놀이"" ""대피"" site.korea.kr",https://www.jne.go.kr/upload/spedu/na/bbs_390/ntt_5142908/doc_ab46993b-20b5-4af8-8519-ea9fca4bbd0f1744a9459b73083.pdf,나. 영역별 안전 지도,18,not_extracted_candidate,관련행정/모니터링/학술후보;선정공식출처로범위집중;이반환기록은원문미검토(포괄검색아님),search_snippet_only,,search_records/sw-q12.json#result-17,
search_return,sw-q12,2026-09-14,web.search,"""낙뢰"" ""물놀이"" ""대피"" site.korea.kr",https://ryudoryung.com/%EA%B3%84%EA%B3%A1-%EB%AC%BC%EB%86%80%EC%9D%B4-%EC%95%88%EC%A0%84%EC%88%98%EC%B9%99-%EC%99%84%EC%A0%84-%EA%B0%80%EC%9D%B4%EB%93%9C-%EC%82%AC%EA%B3%A0-%EC%9C%A0%ED%98%95%EB%B3%84-%EB%8C%80/,계곡 물놀이 안전수칙 완전 가이드 — 사고 유형별 대처법과 준비물 체크리스트 - 만물백과사전,18,exclude,반환제목/스니펫에서목표활동-환경-결과연결부족,search_snippet_only,,search_records/sw-q12.json#result-18,
retrieval_attempt,sw-o01,2026-09-14,web.open,https://pure.port.ac.uk/ws/portalfiles/portal/2221257/Thermal_comfort_following_immersion.pdf,https://pure.port.ac.uk/ws/portalfiles/portal/2221257/Thermal_comfort_following_immersion.pdf,Thermal comfort following immersion,1,include,관련방법·결과·한계직접확인,full_text_checked,SW-S01,search_records/sw-o01.json,
retrieval_attempt,sw-o02,2026-09-14,web.open,https://pmc.ncbi.nlm.nih.gov/articles/PMC5860265/,https://pmc.ncbi.nlm.nih.gov/articles/PMC5860265/,Acute Illness Among Surfers,1,access_failed,CAPTCHA,access_failed,SW-S03,search_records/sw-o02.json,
retrieval_attempt,sw-o03,2026-09-14,web.open,https://pubmed.ncbi.nlm.nih.gov/2793907/,https://pubmed.ncbi.nlm.nih.gov/2793907/,Core temperature response to immersed bicycle ergometer exercise,1,access_failed,HTTP429,access_failed,,search_records/sw-o03.json,
retrieval_attempt,sw-o04,2026-09-14,web.open,https://www.mof.go.kr/doc/ko/selectDoc.do?bbsSeq=10&docSeq=67092&menuSeq=971,https://www.mof.go.kr/doc/ko/selectDoc.do?bbsSeq=10&docSeq=67092&menuSeq=971,이안류/해양레저 서비스 안내,1,continue_reading,본문후반추가열람 sw-o16,partial_text_checked,SW-S06,search_records/sw-o04.json,
retrieval_attempt,sw-o05,2026-09-14,web.open,https://academic.oup.com/aje/article/186/7/866/3813104,https://academic.oup.com/aje/article/186/7/866/3813104,Acute Illness Among Surfers,1,include,관련방법·결과·한계직접확인,full_text_checked,SW-S03,search_records/sw-o05.json,
retrieval_attempt,sw-o06,2026-09-14,web.open,https://ftp.sccwrp.org/pub/download/DOCUMENTS/JournalArticles/986_Acute_IllnessAmongSurfersSeawaterDry-Wet-Weather.pdf,https://ftp.sccwrp.org/pub/download/DOCUMENTS/JournalArticles/986_Acute_IllnessAmongSurfersSeawaterDry-Wet-Weather.pdf,Acute Illness Among Surfers,1,include,관련방법·결과·한계직접확인,full_text_checked,SW-S03,search_records/sw-o06.json,
retrieval_attempt,sw-o07,2026-09-14,web.open,https://pure.port.ac.uk/ws/portalfiles/portal/1938122/The_determinants_of_thermal_comfort_in_cool_water.pdf,https://pure.port.ac.uk/ws/portalfiles/portal/1938122/The_determinants_of_thermal_comfort_in_cool_water.pdf,The determinants of thermal comfort in cool water,1,include,관련방법·결과·한계직접확인,full_text_checked,SW-S02,search_records/sw-o07.json,
retrieval_attempt,sw-o08,2026-09-14,web.open,https://www.busan.go.kr/humanframe/theme/ihe/assets/file/20250513busan_research_59.pdf,https://www.busan.go.kr/humanframe/theme/ihe/assets/file/20250513busan_research_59.pdf,부산 해수욕장 수질 조사2025,1,access_failed,web_fetch실패,access_failed,SW-S05,search_records/sw-o08.json,
retrieval_attempt,sw-o09,2026-09-14,web.open,https://www.law.go.kr/admRulLsInfoP.do?admRulSeq=2100000209038&vSct=,https://www.law.go.kr/admRulLsInfoP.do?admRulSeq=2100000209038&vSct=,해수욕장의 환경관리에 관한 지침(2022연혁),1,exclude_unread_body,2022연혁제목만표시;조문/현행성미확인,metadata_only,,search_records/sw-o09.json,
retrieval_attempt,sw-o10,2026-09-14,web.open,https://pmc.ncbi.nlm.nih.gov/articles/PMC8733577/,https://pmc.ncbi.nlm.nih.gov/articles/PMC8733577/,Thermal Strain During Open-Water Swimming Competition,1,access_failed,CAPTCHA,access_failed,,search_records/sw-o10.json,
retrieval_attempt,sw-o11,2026-09-14,web.open,https://www.frontiersin.org/journals/physiology/articles/10.3389/fphys.2021.785399/full,https://www.frontiersin.org/journals/physiology/articles/10.3389/fphys.2021.785399/full,Thermal Strain During Open-Water Swimming Competition,1,background_tracing,Perspective논문;원연구Macaluso추적용,full_text_checked,,search_records/sw-o11.json,
retrieval_attempt,sw-o12,2026-09-14,web.open,https://www.korea.kr/news/policyNewsView.do?newsId=148798064,https://www.korea.kr/news/policyNewsView.do?newsId=148798064,물놀이 전후 스트레칭 알고 계시죠?,1,exclude,2015대중안내;현재선택공식행동요령으로대체,full_text_checked,,search_records/sw-o12.json,
retrieval_attempt,sw-o13,2026-09-14,web.open,https://www.busan.go.kr/PageDownload.do?savename=20240611water_59.pdf,https://www.busan.go.kr/PageDownload.do?savename=20240611water_59.pdf,부산 해수욕장 수질 조사2024,1,access_failed,timeout,access_failed,,search_records/sw-o13.json,
retrieval_attempt,sw-o14,2026-09-14,web.open,https://iris.unipa.it/handle/10447/60372,https://iris.unipa.it/handle/10447/60372,Effects of three different water temperatures on dehydration in competitive swimmers,1,access_failed,HTTP403,access_failed,SW-S04,search_records/sw-o14.json,
retrieval_attempt,sw-o15,2026-09-14,web.open,https://www.weather.go.kr/w/hazard/safety-guide/typhoon.do,https://www.weather.go.kr/w/hazard/safety-guide/typhoon.do,국민행동요령-태풍,1,include,관련방법·결과·한계직접확인,full_text_checked,SW-S08,search_records/sw-o15.json,
retrieval_attempt,sw-o16,2026-09-14,web.open,https://www.mof.go.kr/doc/ko/selectDoc.do?bbsSeq=10&docSeq=67092&menuSeq=971,https://www.mof.go.kr/doc/ko/selectDoc.do?bbsSeq=10&docSeq=67092&menuSeq=971,이안류/해양레저 서비스 안내,1,include,관련방법·결과·한계직접확인,full_text_checked,SW-S06,search_records/sw-o16.json,
retrieval_attempt,sw-o17,2026-09-14,web.open,https://ftp.sccwrp.org/pub/download/DOCUMENTS/JournalArticles/986_Acute_IllnessAmongSurfersSeawaterDry-Wet-Weather.pdf,https://ftp.sccwrp.org/pub/download/DOCUMENTS/JournalArticles/986_Acute_IllnessAmongSurfersSeawaterDry-Wet-Weather.pdf,Acute Illness Among Surfers,1,access_failed,timeout,access_failed,SW-S03,search_records/sw-o17.json,
retrieval_attempt,sw-o18,2026-09-14,web.open/click,"{""open"":[{""ref_id"":""https://www.em-consulte.com/article/667850/figures/effects-of-three-different-water-temperatures-on-d""}]}",https://www.em-consulte.com/article/667850/figures/effects-of-three-different-water-temperatures-on-d,Effects of three different water temperatures on dehydration in competitive swimmers,1,include_abstract_only,출판사초록확인;원문유료벽,abstract_only,SW-S04,search_records/sw-o18.json,
retrieval_attempt,sw-o19,2026-09-14,web.open/click,"{""click"":[{""ref_id"":""turn57view0"",""id"":16}]}",https://www.weather.go.kr/w/hazard/safety-guide/lightning.do,국민행동요령-낙뢰,1,include,관련방법·결과·한계직접확인,full_text_checked,SW-S07,search_records/sw-o19.json,
retrieval_attempt,sw-o20,2026-09-14,web.open/click,"{""open"":[{""ref_id"":""turn17view0"",""lineno"":1940}]}",https://academic.oup.com/aje/article/186/7/866/3813104,Acute Illness Among Surfers,1,access_failed,redirect_safety_error,access_failed,SW-S03,search_records/sw-o20.json,
retrieval_attempt,sw-o21,2026-09-14,web.open/click,"{""open"":[{""ref_id"":""https://researchportal.port.ac.uk/en/publications/the-determinants-of-thermal-comfort-in-cool-water/""}]}",https://researchportal.port.ac.uk/en/publications/the-determinants-of-thermal-comfort-in-cool-water/,The determinants of thermal comfort in cool water,1,metadata_verification,원고와DOI/저널/연도대조,bibliographic_verified,SW-S02,search_records/sw-o21.json,
retrieval_attempt,sw-o22,2026-09-14,python.urllib primary PDF retry,https://www.busan.go.kr/humanframe/theme/ihe/assets/file/20250513busan_research_59.pdf,https://www.busan.go.kr/humanframe/theme/ihe/assets/file/20250513busan_research_59.pdf,해수욕장 수질 및 백사장 토양오염 조사2025,1,include,관련방법·결과·한계직접확인,full_text_checked,SW-S05,search_records/sw-o22.json,
retrieval_attempt,sw-o23,2026-09-14,web.open,https://kscejournal.or.kr/jksce/XmlViewer/f450647,https://kscejournal.or.kr/jksce/XmlViewer/f450647,국립해양조사원 이안류 위험지수의 통계적 평가 연구,1,continue_reading,순차방법/결과/토의열람sw-o23–25,partial_text_checked,SW-S09,search_records/sw-o23.json,
retrieval_attempt,sw-o24,2026-09-14,web.open,https://kscejournal.or.kr/jksce/XmlViewer/f450647,https://kscejournal.or.kr/jksce/XmlViewer/f450647,국립해양조사원 이안류 위험지수의 통계적 평가 연구,1,continue_reading,순차방법/결과/토의열람sw-o23–25,partial_text_checked,SW-S09,search_records/sw-o24.json,
retrieval_attempt,sw-o25,2026-09-14,web.open,https://kscejournal.or.kr/jksce/XmlViewer/f450647,https://kscejournal.or.kr/jksce/XmlViewer/f450647,국립해양조사원 이안류 위험지수의 통계적 평가 연구,1,include,관련방법·결과·한계직접확인,full_text_checked,SW-S09,search_records/sw-o25.json,
search_return,sw-q13,2026-09-14,web.search,site.cdc.gov hot tubs 104°F 40°C children 5 older adults,https://www.cdc.gov/healthy-swimming/safety/what-you-can-do-to-stay-healthy-in-hot-tubs.html,What You Can Do to Stay Healthy in Hot Tubs | Healthy Swimming | CDC,19,selected_study_record,현재CDC원문후속확인,search_snippet_only,SW-S10,search_records/sw-q13.json#result-1,
search_return,sw-q13,2026-09-14,web.search,site.cdc.gov hot tubs 104°F 40°C children 5 older adults,https://www.cdc.gov/model-aquatic-health-code/media/pdfs/2023-MAHC-Annex-Track-Changes-p.pdf,untitled,19,exclude,한정hot-tub온도/대상기준의선정CDC원페이지로집중;이결과원문미검토,search_snippet_only,,search_records/sw-q13.json#result-2,
search_return,sw-q13,2026-09-14,web.search,site.cdc.gov hot tubs 104°F 40°C children 5 older adults,https://www.cdc.gov/control-legionella/php/toolkit/hot-tub-module.html,Controlling Legionella in Hot Tubs | Control Legionella | CDC,19,exclude,한정hot-tub온도/대상기준의선정CDC원페이지로집중;이결과원문미검토,search_snippet_only,,search_records/sw-q13.json#result-3,
search_return,sw-q13,2026-09-14,web.search,site.cdc.gov hot tubs 104°F 40°C children 5 older adults,https://www.cdc.gov/model-aquatic-health-code/media/pdfs/2018-MAHC-Annex-Clean-508.pdf,The 2018 Model Aquatic Health Code (MAHC) Annex,19,exclude,한정hot-tub온도/대상기준의선정CDC원페이지로집중;이결과원문미검토,search_snippet_only,,search_records/sw-q13.json#result-4,
search_return,sw-q13,2026-09-14,web.search,site.cdc.gov hot tubs 104°F 40°C children 5 older adults,https://www.cdc.gov/model-aquatic-health-code/media/pdfs/2016-MAHC-ANNEX-FINAL.pdf,2016 MAHC ANNEX FINAL,19,exclude,한정hot-tub온도/대상기준의선정CDC원페이지로집중;이결과원문미검토,search_snippet_only,,search_records/sw-q13.json#result-5,
search_return,sw-q13,2026-09-14,web.search,site.cdc.gov hot tubs 104°F 40°C children 5 older adults,https://www.cdc.gov/infection-control/hcp/environmental-control/water.html,D. Water | Infection Control | CDC,19,exclude,한정hot-tub온도/대상기준의선정CDC원페이지로집중;이결과원문미검토,search_snippet_only,,search_records/sw-q13.json#result-6,
search_return,sw-q13,2026-09-14,web.search,site.cdc.gov hot tubs 104°F 40°C children 5 older adults,https://stacks.cdc.gov/view/cdc/40374/cdc_40374_DS1.pdf,2016 MAHC ANNEX with Changes Highlighted,19,exclude,한정hot-tub온도/대상기준의선정CDC원페이지로집중;이결과원문미검토,search_snippet_only,,search_records/sw-q13.json#result-7,
search_return,sw-q13,2026-09-14,web.search,site.cdc.gov hot tubs 104°F 40°C children 5 older adults,https://www.cdc.gov/mmwr/volumes/70/wr/mm7020a1.htm,"Outbreaks Associated with Treated Recreational Water — United States, 2015–2019 | MMWR",19,exclude,한정hot-tub온도/대상기준의선정CDC원페이지로집중;이결과원문미검토,search_snippet_only,,search_records/sw-q13.json#result-8,
search_return,sw-q13,2026-09-14,web.search,site.cdc.gov hot tubs 104°F 40°C children 5 older adults,https://beta.cdc.gov/control-legionella/media/pdfs/Control-Toolkit-Hot-Tubs.pdf,Controlling Legionella in Hot Tubs,19,exclude,한정hot-tub온도/대상기준의선정CDC원페이지로집중;이결과원문미검토,search_snippet_only,,search_records/sw-q13.json#result-9,
search_return,sw-q13,2026-09-14,web.search,site.cdc.gov hot tubs 104°F 40°C children 5 older adults,https://cdc.gov/control-legionella/media/pdfs/Control-Toolkit-Hot-Tubs.pdf,Controlling Legionella in Hot Tubs,19,exclude,한정hot-tub온도/대상기준의선정CDC원페이지로집중;이결과원문미검토,search_snippet_only,,search_records/sw-q13.json#result-10,
search_return,sw-q13,2026-09-14,web.search,site.cdc.gov hot tubs 104°F 40°C children 5 older adults,https://www.cdc.gov/healthy-swimming/prevention/preventing-legionella-from-hot-tubs.html,About Protecting Yourself from Legionella in Hot Tubs | Healthy Swimming | CDC,19,selected_study_record,고령위험의결과영역을감염으로한정하여확인,search_snippet_only,SW-S11,search_records/sw-q13.json#result-11,
search_return,sw-q13,2026-09-14,web.search,site.cdc.gov hot tubs 104°F 40°C children 5 older adults,https://wwwnc.cdc.gov/eid/article/7/6/01-0623,"Nontuberculous Mycobacterial Disease Following Hot Tub Exposure - Volume 7, Number 6—December 2001 - Emerging Infectious Diseases journal - CDC",19,exclude,한정hot-tub온도/대상기준의선정CDC원페이지로집중;이결과원문미검토,search_snippet_only,,search_records/sw-q13.json#result-12,
search_return,sw-q13,2026-09-14,web.search,site.cdc.gov hot tubs 104°F 40°C children 5 older adults,https://www.restoredcdc.org/www.cdc.gov/healthy-swimming/toolkit/operating-public-pools-hot-tubs-and-splash-pads.html,"Restored CDC | Operating and Managing Public Pools, Hot Tubs and Splash Pads | Healthy Swimming | CDC",19,exclude,한정hot-tub온도/대상기준의선정CDC원페이지로집중;이결과원문미검토,search_snippet_only,,search_records/sw-q13.json#result-13,
search_return,sw-q13,2026-09-14,web.search,site.cdc.gov hot tubs 104°F 40°C children 5 older adults,https://wwwnc.cdc.gov/eid/article/28/1/21-1090_article,"Potential Association of Legionnaires’ Disease with Hot Spring Water, Hot Springs National Park and Hot Springs, Arkansas, USA, 2018–2019 - Volume 28, Number 1—January 2022 - Emerging Infectious Diseases journal - CDC",19,exclude,한정hot-tub온도/대상기준의선정CDC원페이지로집중;이결과원문미검토,search_snippet_only,,search_records/sw-q13.json#result-14,
search_return,sw-q13,2026-09-14,web.search,site.cdc.gov hot tubs 104°F 40°C children 5 older adults,https://www.cdc.gov/control-legionella/php/hospitality/considerations-for-public-hot-tub-operators.html,Public Hot Tub Operators | Control Legionella | CDC,19,exclude,한정hot-tub온도/대상기준의선정CDC원페이지로집중;이결과원문미검토,search_snippet_only,,search_records/sw-q13.json#result-15,
search_return,sw-q13,2026-09-14,web.search,site.cdc.gov hot tubs 104°F 40°C children 5 older adults,https://www.cdc.gov/control-legionella/php/hospitality/considerations-for-vacation-rental-owners-and-managers.html,Vacation Rental Owners and Managers | Control Legionella | CDC,19,exclude,한정hot-tub온도/대상기준의선정CDC원페이지로집중;이결과원문미검토,search_snippet_only,,search_records/sw-q13.json#result-16,
search_return,sw-q13,2026-09-14,web.search,site.cdc.gov hot tubs 104°F 40°C children 5 older adults,https://www.cdc.gov/healthy-swimming/prevention/preventing-hot-tub-rash.html,Preventing Hot Tub Rash | Healthy Swimming | CDC,19,exclude,한정hot-tub온도/대상기준의선정CDC원페이지로집중;이결과원문미검토,search_snippet_only,,search_records/sw-q13.json#result-17,
search_return,sw-q13,2026-09-14,web.search,site.cdc.gov hot tubs 104°F 40°C children 5 older adults,https://beta.cdc.gov/Mmwr/preview/mmwrhtml/rr5210a1.htm,Guidelines for Environmental Infection Control in Health-Care Facilities: Recommendations of CDC and the Healthcare Infection Control Practices Advisory Committee (HICPAC),19,exclude,한정hot-tub온도/대상기준의선정CDC원페이지로집중;이결과원문미검토,search_snippet_only,,search_records/sw-q13.json#result-18,
search_return,sw-q13,2026-09-14,web.search,site.cdc.gov hot tubs 104°F 40°C children 5 older adults,https://en.wikipedia.org/wiki/Hot_tub,Hot tub,19,exclude,한정hot-tub온도/대상기준의선정CDC원페이지로집중;이결과원문미검토,search_snippet_only,,search_records/sw-q13.json#result-19,
search_return,sw-q14,2026-09-14,web.search,"site.who.int ""hot tubs"" ""40"" ""2006""",https://www.cdc.gov/model-aquatic-health-code/media/pdfs/2016-MAHC-ANNEX-FINAL.pdf,2016 MAHC ANNEX FINAL,18,exclude,한정hot-tub온도/대상기준의선정CDC원페이지로집중;이결과원문미검토,search_snippet_only,,search_records/sw-q14.json#result-1,
search_return,sw-q14,2026-09-14,web.search,"site.who.int ""hot tubs"" ""40"" ""2006""",https://stacks.cdc.gov/view/cdc/40374/cdc_40374_DS1.pdf,2016 MAHC ANNEX with Changes Highlighted,18,exclude,한정hot-tub온도/대상기준의선정CDC원페이지로집중;이결과원문미검토,search_snippet_only,,search_records/sw-q14.json#result-2,
search_return,sw-q14,2026-09-14,web.search,"site.who.int ""hot tubs"" ""40"" ""2006""",https://danenberg.name/doc/mariam-hale.pdf,APRIL 2006 — THE NEW MEXICO JEWISH LINK 3,18,exclude,한정hot-tub온도/대상기준의선정CDC원페이지로집중;이결과원문미검토,search_snippet_only,,search_records/sw-q14.json#result-3,
search_return,sw-q14,2026-09-14,web.search,"site.who.int ""hot tubs"" ""40"" ""2006""",https://scholarworks.montana.edu/server/api/core/bitstreams/8cfde3c7-a77b-4ade-9789-43af4199e76e/content,Journal of Microbiological Methods 68 (2007) 184–192,18,exclude,한정hot-tub온도/대상기준의선정CDC원페이지로집중;이결과원문미검토,search_snippet_only,,search_records/sw-q14.json#result-4,
search_return,sw-q14,2026-09-14,web.search,"site.who.int ""hot tubs"" ""40"" ""2006""",https://www.cdc.gov/model-aquatic-health-code/media/pdfs/Complete-First-Edition-MAHC-Annex.pdf,Complete First Edition MAHC Annex for Posting,18,exclude,한정hot-tub온도/대상기준의선정CDC원페이지로집중;이결과원문미검토,search_snippet_only,,search_records/sw-q14.json#result-5,
search_return,sw-q14,2026-09-14,web.search,"site.who.int ""hot tubs"" ""40"" ""2006""",https://mdpi-res.com/bookfiles/book/1125/Recreational_Water_Illnesses.pdf?v=1738461677,Book.pdf,18,exclude,한정hot-tub온도/대상기준의선정CDC원페이지로집중;이결과원문미검토,search_snippet_only,,search_records/sw-q14.json#result-6,
search_return,sw-q14,2026-09-14,web.search,"site.who.int ""hot tubs"" ""40"" ""2006""",https://www.sciencedirect.com/science/article/abs/pii/S0749379709006035,"Hot Tub, Whirlpool, and Spa-Related Injuries in the U.S., 1990–2007 - ScienceDirect",18,exclude,한정hot-tub온도/대상기준의선정CDC원페이지로집중;이결과원문미검토,search_snippet_only,,search_records/sw-q14.json#result-7,
search_return,sw-q14,2026-09-14,web.search,"site.who.int ""hot tubs"" ""40"" ""2006""",https://www.chron.com/business/article/Whirlpool-tubs-wine-rooms-lure-Houston-renters-1535036.php,"Whirlpool tubs, wine rooms lure Houston renters",18,exclude,한정hot-tub온도/대상기준의선정CDC원페이지로집중;이결과원문미검토,search_snippet_only,,search_records/sw-q14.json#result-8,
search_return,sw-q14,2026-09-14,web.search,"site.who.int ""hot tubs"" ""40"" ""2006""",https://www.healthline.com/health/pregnancy/hot-tubs,Hot Tubs and Pregnancy: Safety and Risks,18,exclude,한정hot-tub온도/대상기준의선정CDC원페이지로집중;이결과원문미검토,search_snippet_only,,search_records/sw-q14.json#result-9,
search_return,sw-q14,2026-09-14,web.search,"site.who.int ""hot tubs"" ""40"" ""2006""",https://doi.org/10.3390/w18091050,"Thermal Water-Supplied Swimming Pools: A Scoping Review of Regulatory Frameworks, Disinfection Challenges, and Emerging Contaminants",18,background_tracing,WHO2006원출처링크추적에만사용;리뷰원문미검토,search_snippet_only,,search_records/sw-q14.json#result-10,
search_return,sw-q14,2026-09-14,web.search,"site.who.int ""hot tubs"" ""40"" ""2006""",https://ised-isde.canada.ca/cipo/trademark-search/1288629?wbdisable=true,"Canadian Trademarks Details: WE KNOW HOT TUBS — 1288629 — Canadian Trademarks Database - Intellectual property and copyright - Canadian Intellectual Property Office - Innovation, Science and Economic Development Canada",18,exclude,한정hot-tub온도/대상기준의선정CDC원페이지로집중;이결과원문미검토,search_snippet_only,,search_records/sw-q14.json#result-11,
search_return,sw-q14,2026-09-14,web.search,"site.who.int ""hot tubs"" ""40"" ""2006""",https://www.sundancespasedmonton.com/preowned-hot-tubs/,Pre-owned Hot Tubs - Sundance Spas of Edmonton,18,exclude,한정hot-tub온도/대상기준의선정CDC원페이지로집중;이결과원문미검토,search_snippet_only,,search_records/sw-q14.json#result-12,
search_return,sw-q14,2026-09-14,web.search,"site.who.int ""hot tubs"" ""40"" ""2006""",https://www.researchgate.net/publication/5342892_Legionella_and_the_Prevention_of_Legionellosis,(PDF) Legionella and the Prevention of Legionellosis,18,exclude,한정hot-tub온도/대상기준의선정CDC원페이지로집중;이결과원문미검토,search_snippet_only,,search_records/sw-q14.json#result-13,
search_return,sw-q14,2026-09-14,web.search,"site.who.int ""hot tubs"" ""40"" ""2006""",https://kiwix.drnathanhutchins.com/content/wikipedia_en_all_maxi_2026-02/Swimming_pool_sanitation,Swimming pool sanitation,18,exclude,한정hot-tub온도/대상기준의선정CDC원페이지로집중;이결과원문미검토,search_snippet_only,,search_records/sw-q14.json#result-14,
search_return,sw-q14,2026-09-14,web.search,"site.who.int ""hot tubs"" ""40"" ""2006""",https://ised-isde.canada.ca/opic/recherche-marques/1288629?lang=fre&langUrl=%3Fwbdisable%3Dtrue%26lang%3Deng&wbdisable=true,"Détails de la marque de commerce : WE KNOW HOT TUBS — 1288629 — Base de données sur les marques de commerce canadiennes - Propriété intellectuelle et droit d'auteur - Office de la propriété intellectuelle du Canada - Innovation, Sciences et Développement économique Canada",18,exclude,한정hot-tub온도/대상기준의선정CDC원페이지로집중;이결과원문미검토,search_snippet_only,,search_records/sw-q14.json#result-15,
search_return,sw-q14,2026-09-14,web.search,"site.who.int ""hot tubs"" ""40"" ""2006""",https://www.mdpi.com/2073-4441/18/9/1050,"Thermal Water-Supplied Swimming Pools: A Scoping Review of Regulatory Frameworks, Disinfection Challenges, and Emerging Contaminants",18,background_tracing,WHO2006원출처링크추적에만사용;리뷰원문미검토,search_snippet_only,,search_records/sw-q14.json#result-16,
search_return,sw-q14,2026-09-14,web.search,"site.who.int ""hot tubs"" ""40"" ""2006""",https://www.swimworldchelan.com/about/,"Learn Everything About Swim World in Chelan, Washington",18,exclude,한정hot-tub온도/대상기준의선정CDC원페이지로집중;이결과원문미검토,search_snippet_only,,search_records/sw-q14.json#result-17,
search_return,sw-q14,2026-09-14,web.search,"site.who.int ""hot tubs"" ""40"" ""2006""",https://wikipedia.cthon.io/content/wikipedia_en_all_nopic_2024-06/A/Swimming_pool_sanitation,Swimming pool sanitation,18,exclude,한정hot-tub온도/대상기준의선정CDC원페이지로집중;이결과원문미검토,search_snippet_only,,search_records/sw-q14.json#result-18,
retrieval_attempt,sw-o26,2026-09-14,web.open,https://www.cdc.gov/healthy-swimming/safety/what-you-can-do-to-stay-healthy-in-hot-tubs.html,https://www.cdc.gov/healthy-swimming/safety/what-you-can-do-to-stay-healthy-in-hot-tubs.html,What You Can Do to Stay Healthy in Hot Tubs,1,include,CDC공식본문온도·연령조건확인,full_text_checked,SW-S10,search_records/sw-o26.json,
retrieval_attempt,sw-o27,2026-09-14,web.open,https://www.who.int/publications/i/item/9241546808,https://www.who.int/publications/i/item/9241546808,Guidelines for safe recreational water environments. Volume 2: Swimming pools and similar environments,1,metadata_verification,WHO서지확인;온도본문미확인,metadata_only,,search_records/sw-o27.json,
retrieval_attempt,sw-o28,2026-09-14,web.click,WHO9241546808 download link67,https://iris.who.int/server/api/core/bitstreams/14e5fc6d-26bf-4c35-ba8d-a167a2d2e928/content,WHO2006 full PDF,1,access_failed,HTTP403;WHO온도원문확인했다고주장안함,access_failed,,search_records/sw-o28.json,
retrieval_attempt,sw-o29,2026-09-14,web.open,https://www.cdc.gov/healthy-swimming/prevention/preventing-legionella-from-hot-tubs.html,https://www.cdc.gov/healthy-swimming/prevention/preventing-legionella-from-hot-tubs.html,About Protecting Yourself from Legionella in Hot Tubs,1,include,50세이상취약군은Legionnaires질환에대한것임,full_text_checked,SW-S11,search_records/sw-o29.json,
search_return,ac-q02,2026-09-14,web.search_query,surfing wave preferences surfers skill wave height empirical survey study environmental conditions,https://pubmed.ncbi.nlm.nih.gov/22661009/,Assessing preferences of beach users for certain aspects of weather and ocean conditions: case studies from Australia - PubMed,37,selected_for_review,총괄 통합중 직접관련성 재검토하여 ac-q18로 보완; 초기 handoff 결정을 변경,search_return_screen_only,AC-S10,search_records/ac-q02.json#turn12search0,
search_return,ac-q02,2026-09-14,web.search_query,surfing wave preferences surfers skill wave height empirical survey study environmental conditions,https://pubmed.ncbi.nlm.nih.gov/24736778/,The effect of wave conditions and surfer ability on performance and the physiological response of recreational surfers - PubMed,37,selected_for_review,,search_return_screen_only,AC-S01,search_records/ac-q02.json#turn12search1,
search_return,ac-q02,2026-09-14,web.search_query,surfing wave preferences surfers skill wave height empirical survey study environmental conditions,https://www.sciencedirect.com/science/article/abs/pii/S0308597X16000361,The utility of surfers’ wave knowledge for coastal management - ScienceDirect,37,not_prioritized,주변 관련 후보; 직접 확인한 핵심 원연구·공식자료를 우선하며 전원문 검토는 수행하지 않음,search_return_screen_only,,search_records/ac-q02.json#turn12search2,
search_return,ac-q02,2026-09-14,web.search_query,surfing wave preferences surfers skill wave height empirical survey study environmental conditions,https://doi.org/10.1108/SBM-07-2013-0026,"The tragedy of the waves | Sport, Business and Management | Emerald Publishing",37,not_prioritized,관련성 있는 주변 후보도 포함될 수 있으나 이번 제한된 원문검토 우선순위에서 미선정; 원문 미열람,search_return_screen_only,,search_records/ac-q02.json#turn12search3,
search_return,ac-q02,2026-09-14,web.search_query,surfing wave preferences surfers skill wave height empirical survey study environmental conditions,https://researchportal.plymouth.ac.uk/en/publications/the-effect-of-wave-conditions-and-surfer-ability-on-performance-a/,The effect of wave conditions and surfer ability on performance and the physiological response of recreational surfers. - University of Plymouth,37,duplicate_or_alternative_access,같은 연구의 재반환 또는 다른 접근주소; 독립연구로 세지 않음,search_return_screen_only,AC-S01,search_records/ac-q02.json#turn12search4,
search_return,ac-q02,2026-09-14,web.search_query,surfing wave preferences surfers skill wave height empirical survey study environmental conditions,https://pubmed.ncbi.nlm.nih.gov/29390944/,Goofy vs. Regular: Laterality effects in surfing.,37,not_prioritized,주변 관련 후보; 직접 확인한 핵심 원연구·공식자료를 우선하며 전원문 검토는 수행하지 않음,search_return_screen_only,,search_records/ac-q02.json#turn12search5,
search_return,ac-q02,2026-09-14,web.search_query,surfing wave preferences surfers skill wave height empirical survey study environmental conditions,https://www.sciencedirect.com/org/science/article/abs/pii/S2042678X16000226,The tragedy of the waves - ScienceDirect,37,not_prioritized,관련성 있는 주변 후보도 포함될 수 있으나 이번 제한된 원문검토 우선순위에서 미선정; 원문 미열람,search_return_screen_only,,search_records/ac-q02.json#turn12search6,
search_return,ac-q02,2026-09-14,web.search_query,surfing wave preferences surfers skill wave height empirical survey study environmental conditions,https://www.sciencedirect.com/science/article/pii/S0964569117300613,Using local knowledge to project sea level rise impacts on wave resources in California - ScienceDirect,37,not_prioritized,관련성 있는 주변 후보도 포함될 수 있으나 이번 제한된 원문검토 우선순위에서 미선정; 원문 미열람,search_return_screen_only,,search_records/ac-q02.json#turn12search7,
search_return,ac-q02,2026-09-14,web.search_query,surfing wave preferences surfers skill wave height empirical survey study environmental conditions,https://www.mdpi.com/2073-4433/12/3/293,Which Meteorological and Climatological Information Is Requested for Better Surfing Experiences? A Survey-Based Analysis,37,selected_for_review,,search_return_screen_only,AC-S02,search_records/ac-q02.json#turn12search8,
search_return,ac-q02,2026-09-14,web.search_query,surfing wave preferences surfers skill wave height empirical survey study environmental conditions,https://journals.sagepub.com/doi/full/10.1177/17479541241279044,"A principled approach to skill acquisition in competitive surfing: Embracing representative learning design - Rick Dann, Steven Duhig, Llion Roberts, Vincent Kelly, Ian Renshaw, Jonathon Headrick, 2024",37,not_prioritized,주변 관련 후보; 직접 확인한 핵심 원연구·공식자료를 우선하며 전원문 검토는 수행하지 않음,search_return_screen_only,,search_records/ac-q02.json#turn12search9,
search_return,ac-q02,2026-09-14,web.search_query,surfing wave preferences surfers skill wave height empirical survey study environmental conditions,https://www.tandfonline.com/doi/full/10.1080/1357650X.2018.1433192,"Goofy vs. Regular: Laterality effects in surfing: Laterality: Vol 23 , No 6 - Get Access",37,not_prioritized,주변 관련 후보; 직접 확인한 핵심 원연구·공식자료를 우선하며 전원문 검토는 수행하지 않음,search_return_screen_only,,search_records/ac-q02.json#turn12search10,
search_return,ac-q02,2026-09-14,web.search_query,surfing wave preferences surfers skill wave height empirical survey study environmental conditions,https://research.leedstrinity.ac.uk/en/publications/the-effect-of-wave-conditions-and-surfer-ability-on-performance-a/,The effect of wave conditions and surfer ability on performance and the physiological response of recreational surfers - Leeds Trinity University Research Portal,37,duplicate_or_alternative_access,같은 연구의 재반환 또는 다른 접근주소; 독립연구로 세지 않음,search_return_screen_only,AC-S01,search_records/ac-q02.json#turn12search11,
search_return,ac-q02,2026-09-14,web.search_query,surfing wave preferences surfers skill wave height empirical survey study environmental conditions,https://pure.plymouth.ac.uk/ws/portalfiles/portal/38494136/2015Stokes308501PhD.pdf,"varied more significantly than the perceptions of mean wave height or large wave occurrence. There were significant differences between novice, experienced, and expert water-users, who perceived ideal waves to occur on 48%, 37%, and 27% of days in a typical year, respectively. Surfers and non-surfers also had different perceptions, at 32% and 43% of days, respectively, as did men and women, at 35% and 45% of days, respectively. The joint probability of the measured wave height ($H_{s,b}$) and period ($T_p$) being within the (perception-adjusted) preferred range for each group was then calculated to compare to these perceptions. As the measured probabilities came from daily-averaged wave conditions, $T_p$ was assumed to be equivalent to $T_{1/3}$ (used to determine preferred wave period) rather than attempting to account for the 5% overestimation of $T_{1/3}$ during windseas (Goda, 1978). Fig. 4.14 (lower panel) shows that experts, surfers, and men accurately estimated the occurrence of preferred wave conditions, with their average estimates being statistically indifferent to the measured probabilities. Novice, experienced, non-surfing, and female water-users all underestimated the occurrence of ideal waves, by between 11% (novices) and 36% (non-surfers). The range of preferred wave periods is largest for non-surfers, which explains why the measured probability of their preferred wave conditions occurring is also the largest, but doesn’t necessarily explain the disparity with their perceptions.",37,not_prioritized,주변 관련 후보; 직접 확인한 핵심 원연구·공식자료를 우선하며 전원문 검토는 수행하지 않음,search_return_screen_only,,search_records/ac-q02.json#turn12search12,
search_return,ac-q02,2026-09-14,web.search_query,surfing wave preferences surfers skill wave height empirical survey study environmental conditions,https://escholarship.org/content/qt6h72j1fz/qt6h72j1fz_noSplash_e9acf23aaf1f89711020355d7c3f66eb.pdf?t=lnpkzx,The Science of Surfing Waves and Surfing Breaks - A Review,37,not_prioritized,주변 관련 후보; 직접 확인한 핵심 원연구·공식자료를 우선하며 전원문 검토는 수행하지 않음,search_return_screen_only,,search_records/ac-q02.json#turn12search13,
search_return,ac-q02,2026-09-14,web.search_query,surfing wave preferences surfers skill wave height empirical survey study environmental conditions,https://citeseerx.ist.psu.edu/document?doi=685bb8f47eb6866ff67aa2e8d1c3b65f9f0fe3fe&repid=rep1&type=pdf,Limitations On The Creation of Continuously Surfable Waves,37,not_prioritized,주변 관련 후보; 직접 확인한 핵심 원연구·공식자료를 우선하며 전원문 검토는 수행하지 않음,search_return_screen_only,,search_records/ac-q02.json#turn12search14,
search_return,ac-q02,2026-09-14,web.search_query,surfing wave preferences surfers skill wave height empirical survey study environmental conditions,https://journals.sagepub.com/doi/pdf/10.1177/17479541241279044,A principled approach to skill acquisition in competitive surfing: Embracing representative learning design,37,not_prioritized,주변 관련 후보; 직접 확인한 핵심 원연구·공식자료를 우선하며 전원문 검토는 수행하지 않음,search_return_screen_only,,search_records/ac-q02.json#turn12search15,
search_return,ac-q02,2026-09-14,web.search_query,surfing wave preferences surfers skill wave height empirical survey study environmental conditions,https://bioone.org/journals/journal-of-coastal-research/volume-2009/issue-253/07-0958.1/Research-Based-Surfing-Literature-for-Coastal-Management-and-the-Science/10.2112/07-0958.1.pdf,Research-Based Surfing Literature for Coastal,37,not_prioritized,주변 관련 후보; 직접 확인한 핵심 원연구·공식자료를 우선하며 전원문 검토는 수행하지 않음,search_return_screen_only,,search_records/ac-q02.json#turn12search16,
search_return,ac-q02,2026-09-14,web.search_query,surfing wave preferences surfers skill wave height empirical survey study environmental conditions,https://escholarship.org/content/qt28612336/qt28612336.pdf,UC San Diego,37,not_prioritized,관련성 있는 주변 후보도 포함될 수 있으나 이번 제한된 원문검토 우선순위에서 미선정; 원문 미열람,search_return_screen_only,,search_records/ac-q02.json#turn12search17,
search_return,ac-q02,2026-09-14,web.search_query,surfing wave preferences surfers skill wave height empirical survey study environmental conditions,https://en.wikipedia.org/wiki/Surfing,Surfing,37,excluded,비원자료/비공식 홍보·커뮤니티·백과 또는 주제무관; 수치규칙의 과학근거로 미채택,search_return_screen_only,,search_records/ac-q02.json#turn12search18,
search_return,ac-q02,2026-09-14,web.search_query,surfing wave preferences surfers skill wave height empirical survey study environmental conditions,https://www.reddit.com/r/BeginnerSurfers/comments/1rtg866/survey_developing_a_physicsbased_simulator_to/,[Survey] Developing a physics-based simulator to help with wave reading & dry training. Need your feedback!,37,excluded,비원자료/비공식 홍보·커뮤니티·백과 또는 주제무관; 수치규칙의 과학근거로 미채택,search_return_screen_only,,search_records/ac-q02.json#turn12reddit19,
search_return,ac-q02,2026-09-14,web.search_query,surfing wave preferences surfers skill wave height empirical survey study environmental conditions,https://en.wikipedia.org/wiki/World_Surf_League,World Surf League,37,excluded,비원자료/비공식 홍보·커뮤니티·백과 또는 주제무관; 수치규칙의 과학근거로 미채택,search_return_screen_only,,search_records/ac-q02.json#turn12search20,
search_return,ac-q02,2026-09-14,web.search_query,surfing wave preferences surfers skill wave height empirical survey study environmental conditions,https://www.reddit.com/r/surfing/comments/1ejav0e,Wave selection at the Olympics.,37,excluded,비원자료/비공식 홍보·커뮤니티·백과 또는 주제무관; 수치규칙의 과학근거로 미채택,search_return_screen_only,,search_records/ac-q02.json#turn12reddit21,
search_return,ac-q02,2026-09-14,web.search_query,surfing wave preferences surfers skill wave height empirical survey study environmental conditions,https://arxiv.org/abs/2102.11694,Capillary surfers: wave-driven particles at a vibrating fluid interface,37,not_prioritized,주변 관련 후보; 직접 확인한 핵심 원연구·공식자료를 우선하며 전원문 검토는 수행하지 않음,search_return_screen_only,,search_records/ac-q02.json#turn12academia22,
search_return,ac-q02,2026-09-14,web.search_query,surfing wave preferences surfers skill wave height empirical survey study environmental conditions,https://en.wikipedia.org/wiki/Surf_forecasting,Surf forecasting,37,excluded,비원자료/비공식 홍보·커뮤니티·백과 또는 주제무관; 수치규칙의 과학근거로 미채택,search_return_screen_only,,search_records/ac-q02.json#turn12search23,
search_return,ac-q02,2026-09-14,web.search_query,surfing wave preferences surfers skill wave height empirical survey study environmental conditions,https://en.wikipedia.org/wiki/Wind_wave,Wind wave,37,excluded,비원자료/비공식 홍보·커뮤니티·백과 또는 주제무관; 수치규칙의 과학근거로 미채택,search_return_screen_only,,search_records/ac-q02.json#turn12search24,
search_return,ac-q02,2026-09-14,web.search_query,surfing wave preferences surfers skill wave height empirical survey study environmental conditions,https://en.wikipedia.org/wiki/Surf_culture,Surf culture,37,excluded,비원자료/비공식 홍보·커뮤니티·백과 또는 주제무관; 수치규칙의 과학근거로 미채택,search_return_screen_only,,search_records/ac-q02.json#turn12search25,
search_return,ac-q02,2026-09-14,web.search_query,surfing wave preferences surfers skill wave height empirical survey study environmental conditions,https://www.reddit.com/r/Sup/comments/15qys4e,Preferred wave height or no waves?,37,excluded,비원자료/비공식 홍보·커뮤니티·백과 또는 주제무관; 수치규칙의 과학근거로 미채택,search_return_screen_only,,search_records/ac-q02.json#turn12reddit26,
search_return,ac-q02,2026-09-14,web.search_query,surfing wave preferences surfers skill wave height empirical survey study environmental conditions,https://www.reddit.com/r/surfing/comments/15f70no/how_do_you_predict_wave_heights/,How do you predict wave heights?,37,excluded,비원자료/비공식 홍보·커뮤니티·백과 또는 주제무관; 수치규칙의 과학근거로 미채택,search_return_screen_only,,search_records/ac-q02.json#turn12reddit27,
search_return,ac-q02,2026-09-14,web.search_query,surfing wave preferences surfers skill wave height empirical survey study environmental conditions,https://arxiv.org/abs/0907.4240,"Semi-empirical dissipation source functions for ocean waves: Part I, definition, calibration and validation",37,not_prioritized,관련성 있는 주변 후보도 포함될 수 있으나 이번 제한된 원문검토 우선순위에서 미선정; 원문 미열람,search_return_screen_only,,search_records/ac-q02.json#turn12academia28,
search_return,ac-q02,2026-09-14,web.search_query,surfing wave preferences surfers skill wave height empirical survey study environmental conditions,https://arxiv.org/abs/0806.2718,Palm distributions of wave characteristics in encountering seas,37,not_prioritized,관련성 있는 주변 후보도 포함될 수 있으나 이번 제한된 원문검토 우선순위에서 미선정; 원문 미열람,search_return_screen_only,,search_records/ac-q02.json#turn12academia29,
search_return,ac-q02,2026-09-14,web.search_query,surfing wave preferences surfers skill wave height empirical survey study environmental conditions,https://en.wikipedia.org/wiki/Cortes_Bank,Cortes Bank,37,excluded,비원자료/비공식 홍보·커뮤니티·백과 또는 주제무관; 수치규칙의 과학근거로 미채택,search_return_screen_only,,search_records/ac-q02.json#turn12search30,
search_return,ac-q02,2026-09-14,web.search_query,surfing wave preferences surfers skill wave height empirical survey study environmental conditions,https://www.reddit.com/r/BeginnerSurfers/comments/146cdsw,Becoming more selective about waves?,37,excluded,비원자료/비공식 홍보·커뮤니티·백과 또는 주제무관; 수치규칙의 과학근거로 미채택,search_return_screen_only,,search_records/ac-q02.json#turn12reddit31,
search_return,ac-q02,2026-09-14,web.search_query,surfing wave preferences surfers skill wave height empirical survey study environmental conditions,https://arxiv.org/abs/1709.08725,A Machine Learning Framework to Forecast Wave Conditions,37,not_prioritized,관련성 있는 주변 후보도 포함될 수 있으나 이번 제한된 원문검토 우선순위에서 미선정; 원문 미열람,search_return_screen_only,,search_records/ac-q02.json#turn12academia32,
search_return,ac-q02,2026-09-14,web.search_query,surfing wave preferences surfers skill wave height empirical survey study environmental conditions,https://www.reddit.com/r/surfing/comments/1kmu9ic,Do you reckon it’s harder to get good at big wave surfing or at the skill side of things,37,excluded,비원자료/비공식 홍보·커뮤니티·백과 또는 주제무관; 수치규칙의 과학근거로 미채택,search_return_screen_only,,search_records/ac-q02.json#turn12reddit33,
search_return,ac-q02,2026-09-14,web.search_query,surfing wave preferences surfers skill wave height empirical survey study environmental conditions,https://www.reddit.com/r/surfing/comments/1f0v5ez,Wave quality vs crowd quality,37,excluded,비원자료/비공식 홍보·커뮤니티·백과 또는 주제무관; 수치규칙의 과학근거로 미채택,search_return_screen_only,,search_records/ac-q02.json#turn12reddit34,
search_return,ac-q02,2026-09-14,web.search_query,surfing wave preferences surfers skill wave height empirical survey study environmental conditions,https://www.reddit.com/r/geography/comments/1j9j1ry,What is the perfect geography conditions for surfing?,37,excluded,비원자료/비공식 홍보·커뮤니티·백과 또는 주제무관; 수치규칙의 과학근거로 미채택,search_return_screen_only,,search_records/ac-q02.json#turn12reddit35,
search_return,ac-q02,2026-09-14,web.search_query,surfing wave preferences surfers skill wave height empirical survey study environmental conditions,https://www.reddit.com/r/surfing/comments/tfzo7u,minimum fetch distance for surf. what's the shortest amount of fetch people score waves,37,excluded,비원자료/비공식 홍보·커뮤니티·백과 또는 주제무관; 수치규칙의 과학근거로 미채택,search_return_screen_only,,search_records/ac-q02.json#turn12reddit36,
search_return,ac-q03,2026-09-14,web.search_query,서핑 파고 주기 바람 숙련도 선호 연구,https://info.koreacharts.com/surfing/10011/contents.html?date=2026-07-07,송지호해수욕장 서핑 파도정보 | 파고·파주기·수온,20,excluded,비원자료/비공식 홍보·커뮤니티·백과 또는 주제무관; 수치규칙의 과학근거로 미채택,search_return_screen_only,,search_records/ac-q03.json#turn14search0,
search_return,ac-q03,2026-09-14,web.search_query,서핑 파고 주기 바람 숙련도 선호 연구,https://info.koreacharts.com/surfing/10011/contents.html?date=2026-08-14,송지호해수욕장 서핑 파도정보 | 파고·파주기·수온,20,excluded,비원자료/비공식 홍보·커뮤니티·백과 또는 주제무관; 수치규칙의 과학근거로 미채택,search_return_screen_only,,search_records/ac-q03.json#turn14search1,
search_return,ac-q03,2026-09-14,web.search_query,서핑 파고 주기 바람 숙련도 선호 연구,https://info.koreacharts.com/surfing/10011/contents.html?date=2026-08-25,송지호해수욕장 서핑 파도정보 | 파고·파주기·수온,20,excluded,비원자료/비공식 홍보·커뮤니티·백과 또는 주제무관; 수치규칙의 과학근거로 미채택,search_return_screen_only,,search_records/ac-q03.json#turn14search2,
search_return,ac-q03,2026-09-14,web.search_query,서핑 파고 주기 바람 숙련도 선호 연구,https://info.koreacharts.com/surfing/10011/contents.html?date=2026-06-25,송지호해수욕장 서핑 파도정보 | 파고·파주기·수온,20,excluded,비원자료/비공식 홍보·커뮤니티·백과 또는 주제무관; 수치규칙의 과학근거로 미채택,search_return_screen_only,,search_records/ac-q03.json#turn14search3,
search_return,ac-q03,2026-09-14,web.search_query,서핑 파고 주기 바람 숙련도 선호 연구,https://info.koreacharts.com/surfing/10011/contents.html?date=2026-08-17,송지호해수욕장 서핑 파도정보 | 파고·파주기·수온,20,excluded,비원자료/비공식 홍보·커뮤니티·백과 또는 주제무관; 수치규칙의 과학근거로 미채택,search_return_screen_only,,search_records/ac-q03.json#turn14search4,
search_return,ac-q03,2026-09-14,web.search_query,서핑 파고 주기 바람 숙련도 선호 연구,https://info.koreacharts.com/surfing/10011/contents.html?date=2026-09-08,송지호해수욕장 서핑 파도정보 | 파고·파주기·수온,20,excluded,비원자료/비공식 홍보·커뮤니티·백과 또는 주제무관; 수치규칙의 과학근거로 미채택,search_return_screen_only,,search_records/ac-q03.json#turn14search5,
search_return,ac-q03,2026-09-14,web.search_query,서핑 파고 주기 바람 숙련도 선호 연구,https://info.koreacharts.com/surfing/10011/contents.html?date=2026-09-05,송지호해수욕장 서핑 파도정보 | 파고·파주기·수온,20,excluded,비원자료/비공식 홍보·커뮤니티·백과 또는 주제무관; 수치규칙의 과학근거로 미채택,search_return_screen_only,,search_records/ac-q03.json#turn14search6,
search_return,ac-q03,2026-09-14,web.search_query,서핑 파고 주기 바람 숙련도 선호 연구,https://info.koreacharts.com/surfing/10011/contents.html?date=2026-09-03,송지호해수욕장 서핑 파도정보 | 파고·파주기·수온,20,excluded,비원자료/비공식 홍보·커뮤니티·백과 또는 주제무관; 수치규칙의 과학근거로 미채택,search_return_screen_only,,search_records/ac-q03.json#turn14search7,
search_return,ac-q03,2026-09-14,web.search_query,서핑 파고 주기 바람 숙련도 선호 연구,https://www.tabling.co.kr/place/677cccc666de5f06987fba4d,파고 - 테이블링,20,excluded,비원자료/비공식 홍보·커뮤니티·백과 또는 주제무관; 수치규칙의 과학근거로 미채택,search_return_screen_only,,search_records/ac-q03.json#turn14search8,
search_return,ac-q03,2026-09-14,web.search_query,서핑 파고 주기 바람 숙련도 선호 연구,https://www.kma.go.kr/kma/servlet/NeoboardProcess?bid=rndintro&callback=https%3A%2F%2Fwww.kma.go.kr%2Fkma%2Fpublic%2Fadm%2Frnd_01.jsp&fno=1&k=ATC202301170737371_1eab637a-323d-4e4e-9c47-cf427377eb9b.pdf&mode=download&num=75&ses=USERSESSION,2023년도 연구용역사업 추진계획,20,not_prioritized,관련성 있는 주변 후보도 포함될 수 있으나 이번 제한된 원문검토 우선순위에서 미선정; 원문 미열람,search_return_screen_only,,search_records/ac-q03.json#turn14search12,
search_return,ac-q03,2026-09-14,web.search_query,서핑 파고 주기 바람 숙련도 선호 연구,https://v.daum.net/v/bHDnrpFYw5,"양양 죽도·인구해변 서핑 강습, 바람·파고·장비 대여 조건 확인 한눈에 보기 | 여행다이어리",20,not_prioritized,관련성 있는 주변 후보도 포함될 수 있으나 이번 제한된 원문검토 우선순위에서 미선정; 원문 미열람,search_return_screen_only,,search_records/ac-q03.json#turn14search9,
search_return,ac-q03,2026-09-14,web.search_query,서핑 파고 주기 바람 숙련도 선호 연구,https://www.kma.go.kr/kma/servlet/NeoboardProcess?bid=rndintro&callback=https%3A%2F%2Fwww.kma.go.kr%2Fkma%2Fpublic%2Fadm%2Frnd.jsp&fno=1&k=ATC202301170737371_1eab637a-323d-4e4e-9c47-cf427377eb9b.pdf&mode=download&num=75&ses=USERSESSION,일반  융합11  (단년도) 강원도 동해안 서핑 안전·활동 기상융합정보 생산 기술 개발  강원지방기상청 기후서비스과,20,not_prioritized,관련성 있는 주변 후보도 포함될 수 있으나 이번 제한된 원문검토 우선순위에서 미선정; 원문 미열람,search_return_screen_only,,search_records/ac-q03.json#turn14search13,
search_return,ac-q03,2026-09-14,web.search_query,서핑 파고 주기 바람 숙련도 선호 연구,https://pdfs.semanticscholar.org/4b10/ba7f95f1bfacbe18ff681ee85e00b37efd55.pdf,02 1480 성홍근.hwp,20,not_prioritized,관련성 있는 주변 후보도 포함될 수 있으나 이번 제한된 원문검토 우선순위에서 미선정; 원문 미열람,search_return_screen_only,,search_records/ac-q03.json#turn14search14,
search_return,ac-q03,2026-09-14,web.search_query,서핑 파고 주기 바람 숙련도 선호 연구,https://groundgolfkorea.com/%EC%84%9C%ED%8F%89%ED%83%9D-%ED%8C%8C3-%EA%B3%A8%ED%94%84%EC%9E%A5/,서평택 파3 골프장 숏게임 아이언 연습 18홀 추천 (경기도 수원시) - 그라운드골프코리아,20,excluded,비원자료/비공식 홍보·커뮤니티·백과 또는 주제무관; 수치규칙의 과학근거로 미채택,search_return_screen_only,,search_records/ac-q03.json#turn14search10,
search_return,ac-q03,2026-09-14,web.search_query,서핑 파고 주기 바람 숙련도 선호 연구,https://realty.daangn.com/complexes/15126826?entry_section=external,성남시 분당구 삼평동 판교호반써밋플레이스 실거래가·시세·매물·살아본후기 6개 | 당근부동산,20,excluded,비원자료/비공식 홍보·커뮤니티·백과 또는 주제무관; 수치규칙의 과학근거로 미채택,search_return_screen_only,,search_records/ac-q03.json#turn14search11,
search_return,ac-q03,2026-09-14,web.search_query,서핑 파고 주기 바람 숙련도 선호 연구,https://sciwatch.kiost.ac.kr/bitstream/2020.kiost/38143/1/%EC%9D%B4%EC%83%81%EA%B3%A0%ED%8C%8C_%EC%9B%90%EC%9D%B8%EA%B7%9C%EB%AA%85_%EB%B0%8F_%EC%98%88%EC%B8%A1%C2%B7%EA%B0%90%EC%8B%9C%EA%B8%B0%EC%88%A0_%EA%B0%9C%EB%B0%9C_%EC%97%B0%EA%B5%AC.pdf,이상고파 원인규명 및 예측·감시기술 개발 연구,20,not_prioritized,관련성 있는 주변 후보도 포함될 수 있으나 이번 제한된 원문검토 우선순위에서 미선정; 원문 미열람,search_return_screen_only,,search_records/ac-q03.json#turn14search15,
search_return,ac-q03,2026-09-14,web.search_query,서핑 파고 주기 바람 숙련도 선호 연구,https://www.training.go.kr/htmi/Report/TD0392TR0221016/20180914ipxRmT7l.pdf?saveas=%5Be3%5Dxws2ogDf9JrSInKlQQQ-Fl0CL_XByFxFpc6tTqsoCCD-MKcTJVOGV4Fcie7h3Txminxxxl7JN_ZDxhV3QgGLXkty9irQ%3D%3D,○ 미국 해양기상청의 해양기상정보 서비스 체계,20,not_prioritized,관련성 있는 주변 후보도 포함될 수 있으나 이번 제한된 원문검토 우선순위에서 미선정; 원문 미열람,search_return_screen_only,,search_records/ac-q03.json#turn14search16,
search_return,ac-q03,2026-09-14,web.search_query,서핑 파고 주기 바람 숙련도 선호 연구,https://www.changwon.go.kr/cwportal/_res/depart/data/pdf/p13993_down01.pdf,2_창원시 수필공모전 수상작품집 내지.indd,20,not_prioritized,관련성 있는 주변 후보도 포함될 수 있으나 이번 제한된 원문검토 우선순위에서 미선정; 원문 미열람,search_return_screen_only,,search_records/ac-q03.json#turn14search17,
search_return,ac-q03,2026-09-14,web.search_query,서핑 파고 주기 바람 숙련도 선호 연구,https://arxiv.org/abs/0710.1274,Gravity model in the Korean highway,20,not_prioritized,관련성 있는 주변 후보도 포함될 수 있으나 이번 제한된 원문검토 우선순위에서 미선정; 원문 미열람,search_return_screen_only,,search_records/ac-q03.json#turn14academia18,
search_return,ac-q03,2026-09-14,web.search_query,서핑 파고 주기 바람 숙련도 선호 연구,https://arxiv.org/abs/0710.0738,"Superconductivity in novel Ge-based skutterudites: {Sr,Ba}Pt_4Ge_{12}",20,excluded,요구한 활동×환경×결과 관계와 무관하거나 연구 원문이 아님,search_return_screen_only,,search_records/ac-q03.json#turn14academia19,
search_return,ac-q04,2026-09-14,web.search_query,갯벌 체험 조석 안전 고립 연구,https://encykorea.aks.ac.kr/Article/E0080761,갯벌 - 한국민족문화대백과사전,15,not_prioritized,관련성 있는 주변 후보도 포함될 수 있으나 이번 제한된 원문검토 우선순위에서 미선정; 원문 미열람,search_return_screen_only,,search_records/ac-q04.json#turn13search0,
search_return,ac-q04,2026-09-14,web.search_query,갯벌 체험 조석 안전 고립 연구,https://www.yna.co.kr/amp/view/AKR20260831091100063,"주말새 갯벌 고립·표류 잇따라…""대조기 기간 안전 주의"" | 연합뉴스",15,not_prioritized,관련성 있는 주변 후보도 포함될 수 있으나 이번 제한된 원문검토 우선순위에서 미선정; 원문 미열람,search_return_screen_only,,search_records/ac-q04.json#turn13search1,
search_return,ac-q04,2026-09-14,web.search_query,갯벌 체험 조석 안전 고립 연구,https://dspace.hansung.ac.kr/bitstream/2024.oak/10632/2/TH_N1A3A3_%ED%95%B4%EC%96%91%EC%95%88%EC%A0%84%20%EC%B2%B4%ED%97%98%EA%B5%90%EC%9C%A1%20%EA%B0%9C%EC%84%A0%20%EB%B0%A9%EC%95%88%EC%97%90%20%EA%B4%80%ED%95%9C%20%EC%97%B0%EA%B5%AC%20.pdf,석사학위논문   해양안전 체험교육 개선  방안에 관한 연구  - 해양경찰교육원을 중심으로,15,not_prioritized,관련성 있는 주변 후보도 포함될 수 있으나 이번 제한된 원문검토 우선순위에서 미선정; 원문 미열람,search_return_screen_only,,search_records/ac-q04.json#turn13search12,
search_return,ac-q04,2026-09-14,web.search_query,갯벌 체험 조석 안전 고립 연구,https://tidetimesglobal.com/ko/guide/,"조석 가이드 - 조석의 원리, 조석표 읽기, 갯벌 안전 | TideTimes Global",15,not_prioritized,주변 관련 후보; 직접 확인한 핵심 원연구·공식자료를 우선하며 전원문 검토는 수행하지 않음,search_return_screen_only,,search_records/ac-q04.json#turn13search2,
search_return,ac-q04,2026-09-14,web.search_query,갯벌 체험 조석 안전 고립 연구,https://sjeec.or.kr/migration/2023/03/29/1062731775_K7uxsCwe_1a6d8ed861d14116d471611e66d3038776738a87.pdf,※ 갯벌 체험활동 안전 점검 체크 리스트,15,not_prioritized,관련성 있는 주변 후보도 포함될 수 있으나 이번 제한된 원문검토 우선순위에서 미선정; 원문 미열람,search_return_screen_only,,search_records/ac-q04.json#turn13search13,
search_return,ac-q04,2026-09-14,web.search_query,갯벌 체험 조석 안전 고립 연구,https://kcg.go.kr/inchoncgs/na/ntt/selectNttInfo.do?nttSn=68060,인천해양경찰서,15,selected_for_review,,search_return_screen_only,AC-S07,search_records/ac-q04.json#turn13search3,
search_return,ac-q04,2026-09-14,web.search_query,갯벌 체험 조석 안전 고립 연구,https://ofkorea.kr/guide/safety,갯벌·갯바위 안전 수칙 — 물때를 모르면 위험합니다 | 물때in,15,not_prioritized,관련성 있는 주변 후보도 포함될 수 있으나 이번 제한된 원문검토 우선순위에서 미선정; 원문 미열람,search_return_screen_only,,search_records/ac-q04.json#turn13search4,
search_return,ac-q04,2026-09-14,web.search_query,갯벌 체험 조석 안전 고립 연구,https://www.kcg.go.kr/inchoncgs/na/ntt/selectNttInfo.do?nttSn=69789,인천해양경찰서,15,not_prioritized,관련성 있는 주변 후보도 포함될 수 있으나 이번 제한된 원문검토 우선순위에서 미선정; 원문 미열람,search_return_screen_only,,search_records/ac-q04.json#turn13search5,
search_return,ac-q04,2026-09-14,web.search_query,갯벌 체험 조석 안전 고립 연구,https://www.kcg.go.kr/inchoncgs/na/ntt/selectNttInfo.do?nttSn=71130,인천해양경찰서,15,not_prioritized,관련성 있는 주변 후보도 포함될 수 있으나 이번 제한된 원문검토 우선순위에서 미선정; 원문 미열람,search_return_screen_only,,search_records/ac-q04.json#turn13search6,
search_return,ac-q04,2026-09-14,web.search_query,갯벌 체험 조석 안전 고립 연구,https://mvpworld.kr/%EB%AC%BC%EB%95%8C%ED%91%9C-%EB%B3%B4%EB%8A%94-%EB%B2%95-%EB%B0%8F-%EC%A1%B0%EC%84%9D-%EC%A0%95%EB%B3%B4-%EC%99%84%EB%B2%BD-%ED%95%B4%EC%84%9D-%EB%82%9A%EC%8B%9C%C2%B7%ED%95%B4%EB%A3%A8%EC%A7%88/,물때표 보는 법 및 조석 정보 완벽 해석 (낚시·해루질·갯벌체험 필수 지식) - 므브프 블로그,15,not_prioritized,관련성 있는 주변 후보도 포함될 수 있으나 이번 제한된 원문검토 우선순위에서 미선정; 원문 미열람,search_return_screen_only,,search_records/ac-q04.json#turn13search7,
search_return,ac-q04,2026-09-14,web.search_query,갯벌 체험 조석 안전 고립 연구,https://info.koreacharts.com/mudflat/10018/contents.html?date=2026-09-03,하전마을 갯벌체험 시간 | 물때표·체험지수,15,excluded,비원자료/비공식 홍보·커뮤니티·백과 또는 주제무관; 수치규칙의 과학근거로 미채택,search_return_screen_only,,search_records/ac-q04.json#turn13search8,
search_return,ac-q04,2026-09-14,web.search_query,갯벌 체험 조석 안전 고립 연구,https://gnews.gg.go.kr/briefing/brief_gongbo_view.do?BS_CODE=S017&number=58085&subject_Code=null,"경기도 어촌 체험 마을 안전 가이드, 바닷가 안전사고 예방 파수꾼",15,not_prioritized,관련성 있는 주변 후보도 포함될 수 있으나 이번 제한된 원문검토 우선순위에서 미선정; 원문 미열람,search_return_screen_only,,search_records/ac-q04.json#turn13search9,
search_return,ac-q04,2026-09-14,web.search_query,갯벌 체험 조석 안전 고립 연구,https://info.koreacharts.com/mudflat/10018/contents.html?date=2026-08-31,하전마을 갯벌체험 시간 | 물때표·체험지수,15,excluded,비원자료/비공식 홍보·커뮤니티·백과 또는 주제무관; 수치규칙의 과학근거로 미채택,search_return_screen_only,,search_records/ac-q04.json#turn13search10,
search_return,ac-q04,2026-09-14,web.search_query,갯벌 체험 조석 안전 고립 연구,https://info.koreacharts.com/mudflat.html,전국 주요 갯벌체험지 포인트 18곳 | 갯벌체험지수·체험시간 정보,15,excluded,비원자료/비공식 홍보·커뮤니티·백과 또는 주제무관; 수치규칙의 과학근거로 미채택,search_return_screen_only,,search_records/ac-q04.json#turn13search11,
search_return,ac-q04,2026-09-14,web.search_query,갯벌 체험 조석 안전 고립 연구,https://eaaflyway.net/wp-content/uploads/2021/11/%EC%A0%9C1%EC%B0%A8-%EA%B0%AF%EB%B2%8C-%EB%93%B1%EC%9D%98-%EA%B4%80%EB%A6%AC-%EB%B0%8F-%EB%B3%B5%EC%9B%90-%EA%B8%B0%EB%B3%B8%EA%B3%84%ED%9A%8D2021_2025.pdf,[ 2-4 ] 갯벌 체험 활동 안전관리 강화,15,not_prioritized,관련성 있는 주변 후보도 포함될 수 있으나 이번 제한된 원문검토 우선순위에서 미선정; 원문 미열람,search_return_screen_only,,search_records/ac-q04.json#turn13search14,
search_return,ac-q05,2026-09-14,web.search_query,래프팅 유량 만족도 온천 수온 외기온 열쾌적성 연구,https://help.laftel.net/hc/ko/articles/12373459822991-%EB%9D%BC%ED%94%84%ED%85%94-%EB%A9%A4%EB%B2%84%EC%8B%AD-%EA%B5%AC%EB%8F%85-%EB%B0%8F-%EC%9A%94%EA%B8%88,라프텔 멤버십 구독 및 요금 – 라프텔 고객센터,18,excluded,비원자료/비공식 홍보·커뮤니티·백과 또는 주제무관; 수치규칙의 과학근거로 미채택,search_return_screen_only,,search_records/ac-q05.json#turn15search0,
search_return,ac-q05,2026-09-14,web.search_query,래프팅 유량 만족도 온천 수온 외기온 열쾌적성 연구,https://www.railplanet.kr/bbs/faq.php?fm_id=2,FAQ(자주묻는 질문) | 레일플래닛,18,excluded,비원자료/비공식 홍보·커뮤니티·백과 또는 주제무관; 수치규칙의 과학근거로 미채택,search_return_screen_only,,search_records/ac-q05.json#turn15search1,
search_return,ac-q05,2026-09-14,web.search_query,래프팅 유량 만족도 온천 수온 외기온 열쾌적성 연구,https://www.railplanet.kr/bbs/faq.php?device=pc&fm_id=4,FAQ(자주묻는 질문) | 레일플래닛,18,excluded,비원자료/비공식 홍보·커뮤니티·백과 또는 주제무관; 수치규칙의 과학근거로 미채택,search_return_screen_only,,search_records/ac-q05.json#turn15search2,
search_return,ac-q05,2026-09-14,web.search_query,래프팅 유량 만족도 온천 수온 외기온 열쾌적성 연구,https://arxiv.org/abs/1204.0626,Observation of Reactor Electron Antineutrino Disappearance in the RENO Experiment,18,excluded,요구한 활동×환경×결과 관계와 무관하거나 연구 원문이 아님,search_return_screen_only,,search_records/ac-q05.json#turn15academia12,
search_return,ac-q05,2026-09-14,web.search_query,래프팅 유량 만족도 온천 수온 외기온 열쾌적성 연구,https://www.ralphlauren.co.kr/stores,매장 찾기 | 랄프 로렌®,18,excluded,비원자료/비공식 홍보·커뮤니티·백과 또는 주제무관; 수치규칙의 과학근거로 미채택,search_return_screen_only,,search_records/ac-q05.json#turn15search3,
search_return,ac-q05,2026-09-14,web.search_query,래프팅 유량 만족도 온천 수온 외기온 열쾌적성 연구,https://www.repetto.kr/customer/faq.asp,FAQ - 레페토 - 공식 온라인 스토어,18,excluded,비원자료/비공식 홍보·커뮤니티·백과 또는 주제무관; 수치규칙의 과학근거로 미채택,search_return_screen_only,,search_records/ac-q05.json#turn15search4,
search_return,ac-q05,2026-09-14,web.search_query,래프팅 유량 만족도 온천 수온 외기온 열쾌적성 연구,https://www.lipparrot.co.kr/board/view.php?bdId=notice&sno=27,리프패럿,18,excluded,비원자료/비공식 홍보·커뮤니티·백과 또는 주제무관; 수치규칙의 과학근거로 미채택,search_return_screen_only,,search_records/ac-q05.json#turn15search5,
search_return,ac-q05,2026-09-14,web.search_query,래프팅 유량 만족도 온천 수온 외기온 열쾌적성 연구,https://www.lipparrot.co.kr/board/list.php?bdId=goodsqa,리프패럿,18,excluded,비원자료/비공식 홍보·커뮤니티·백과 또는 주제무관; 수치규칙의 과학근거로 미채택,search_return_screen_only,,search_records/ac-q05.json#turn15search6,
search_return,ac-q05,2026-09-14,web.search_query,래프팅 유량 만족도 온천 수온 외기온 열쾌적성 연구,https://www.youtube.com/watch?v=nqBnrY6GrtY,NOWZ (나우즈) '자유롭게 날아 (Feat. 우기 (YUQI))' Official Music Video - YouTube,18,excluded,비원자료/비공식 홍보·커뮤니티·백과 또는 주제무관; 수치규칙의 과학근거로 미채택,search_return_screen_only,,search_records/ac-q05.json#turn15youtube13,
search_return,ac-q05,2026-09-14,web.search_query,래프팅 유량 만족도 온천 수온 외기온 열쾌적성 연구,https://www.railplanet.kr/page/qna/,1:1문의 - 이용안내 | 레일플래닛,18,excluded,비원자료/비공식 홍보·커뮤니티·백과 또는 주제무관; 수치규칙의 과학근거로 미채택,search_return_screen_only,,search_records/ac-q05.json#turn15search7,
search_return,ac-q05,2026-09-14,web.search_query,래프팅 유량 만족도 온천 수온 외기온 열쾌적성 연구,https://arxiv.org/abs/1705.04425,Enhanced electrocatalytic activity via phase transitions in strongly correlated SrRuO3 thin films,18,excluded,요구한 활동×환경×결과 관계와 무관하거나 연구 원문이 아님,search_return_screen_only,,search_records/ac-q05.json#turn15academia14,
search_return,ac-q05,2026-09-14,web.search_query,래프팅 유량 만족도 온천 수온 외기온 열쾌적성 연구,https://www.ralphlauren.co.kr/customerservice,고객 지원부 | 랄프 로렌,18,excluded,비원자료/비공식 홍보·커뮤니티·백과 또는 주제무관; 수치규칙의 과학근거로 미채택,search_return_screen_only,,search_records/ac-q05.json#turn15search8,
search_return,ac-q05,2026-09-14,web.search_query,래프팅 유량 만족도 온천 수온 외기온 열쾌적성 연구,https://www.railplanet.kr/bbs/faq.php?fm_id=1,FAQ(자주묻는 질문) | 레일플래닛,18,excluded,비원자료/비공식 홍보·커뮤니티·백과 또는 주제무관; 수치규칙의 과학근거로 미채택,search_return_screen_only,,search_records/ac-q05.json#turn15search9,
search_return,ac-q05,2026-09-14,web.search_query,래프팅 유량 만족도 온천 수온 외기온 열쾌적성 연구,https://mitsui-shopping-park.com/ko/lalaport/expocity/hour/index.html,영업 시간 | LaLaport EXPOCITY,18,not_prioritized,관련성 있는 주변 후보도 포함될 수 있으나 이번 제한된 원문검토 우선순위에서 미선정; 원문 미열람,search_return_screen_only,,search_records/ac-q05.json#turn15search10,
search_return,ac-q05,2026-09-14,web.search_query,래프팅 유량 만족도 온천 수온 외기온 열쾌적성 연구,https://laplon.kr/parfum/?idx=12,AFTER THE RAIN | LAPLON 라플론,18,not_prioritized,관련성 있는 주변 후보도 포함될 수 있으나 이번 제한된 원문검토 우선순위에서 미선정; 원문 미열람,search_return_screen_only,,search_records/ac-q05.json#turn15search11,
search_return,ac-q05,2026-09-14,web.search_query,래프팅 유량 만족도 온천 수온 외기온 열쾌적성 연구,https://www.youtube.com/watch?v=lxZThmDvOSs,[GOING SEVENTEEN] EP.28 EGO #2 - YouTube,18,excluded,비원자료/비공식 홍보·커뮤니티·백과 또는 주제무관; 수치규칙의 과학근거로 미채택,search_return_screen_only,,search_records/ac-q05.json#turn15youtube15,
search_return,ac-q05,2026-09-14,web.search_query,래프팅 유량 만족도 온천 수온 외기온 열쾌적성 연구,https://arxiv.org/abs/1006.4913,O-vacancy as the origin of negative bias illumination stress instability in amorphous In-Ga-Zn-O thin film transistors,18,excluded,요구한 활동×환경×결과 관계와 무관하거나 연구 원문이 아님,search_return_screen_only,,search_records/ac-q05.json#turn15academia16,
search_return,ac-q05,2026-09-14,web.search_query,래프팅 유량 만족도 온천 수온 외기온 열쾌적성 연구,https://arxiv.org/abs/1108.2331,Co3O4 Nanocrystals on Graphene as a Synergistic Catalyst for Oxygen Reduction Reaction,18,excluded,요구한 활동×환경×결과 관계와 무관하거나 연구 원문이 아님,search_return_screen_only,,search_records/ac-q05.json#turn15academia17,
search_return,ac-q06,2026-09-14,web.search_query,"""whitewater"" ""flow"" ""Brown"" ""1991"" recreation",https://site-media.americanwhitewater.org/Document_516.pdf,Flows and Recreation Quality on the,24,selected_for_review,,search_return_screen_only,AC-S03,search_records/ac-q06.json#turn21search12,
search_return,ac-q06,2026-09-14,web.search_query,"""whitewater"" ""flow"" ""Brown"" ""1991"" recreation",https://www.americanwhitewater.org/content/Document/fetch/id/516/.raw,Flows and Recreation Quality on the,24,duplicate_or_alternative_access,같은 연구의 재반환 또는 다른 접근주소; 독립연구로 세지 않음,search_return_screen_only,AC-S03,search_records/ac-q06.json#turn21search13,
search_return,ac-q06,2026-09-14,web.search_query,"""whitewater"" ""flow"" ""Brown"" ""1991"" recreation",https://www.fs.usda.gov/rm/value/docs/recreation_benefits_instream_flow.pdf,"WATER RESOURCES RESEARCH, VOL. 28, NO. 9, PAGES 2169–2181, SEPTEMBER 1992",24,not_prioritized,관련성 있는 주변 후보도 포함될 수 있으나 이번 제한된 원문검토 우선순위에서 미선정; 원문 미열람,search_return_screen_only,,search_records/ac-q06.json#turn21search14,
search_return,ac-q06,2026-09-14,web.search_query,"""whitewater"" ""flow"" ""Brown"" ""1991"" recreation",https://www.americanwhitewater.org/content/Document/fetch/id/1218/.raw,Assessing Streamflow Needs for Whitewater Recreation in the,24,not_prioritized,주변 관련 후보; 직접 확인한 핵심 원연구·공식자료를 우선하며 전원문 검토는 수행하지 않음,search_return_screen_only,,search_records/ac-q06.json#turn21search15,
search_return,ac-q06,2026-09-14,web.search_query,"""whitewater"" ""flow"" ""Brown"" ""1991"" recreation",https://citeseerx.ist.psu.edu/document?doi=4121b5d22f2b5b4d78d94aba3aa262e227dd083d&repid=rep1&type=pdf,Bulletin 182,24,not_prioritized,관련성 있는 주변 후보도 포함될 수 있으나 이번 제한된 원문검토 우선순위에서 미선정; 원문 미열람,search_return_screen_only,,search_records/ac-q06.json#turn21search16,
search_return,ac-q06,2026-09-14,web.search_query,"""whitewater"" ""flow"" ""Brown"" ""1991"" recreation",https://ocs.fortlewis.edu/drd/pdf/Appendix-B_%20Stream-Flow-Evaluation_AW.pdf,FINALREPORT_ Stream Flow-Evaluation_,24,not_prioritized,주변 관련 후보; 직접 확인한 핵심 원연구·공식자료를 우선하며 전원문 검토는 수행하지 않음,search_return_screen_only,,search_records/ac-q06.json#turn21search17,
search_return,ac-q06,2026-09-14,web.search_query,"""whitewater"" ""flow"" ""Brown"" ""1991"" recreation",https://www.researchgate.net/publication/227613660_ASSESSING_THE_DIRECT_EFFECTS_OF_STREAMFLOW_ON_RECREATION_A_LITERATURE_REVIEW,ASSESSING THE DIRECT EFFECTS OF STREAMFLOW ON RECREATION: A LITERATURE REVIEW | Request PDF,24,not_prioritized,관련성 있는 주변 후보도 포함될 수 있으나 이번 제한된 원문검토 우선순위에서 미선정; 원문 미열람,search_return_screen_only,,search_records/ac-q06.json#turn21search0,
search_return,ac-q06,2026-09-14,web.search_query,"""whitewater"" ""flow"" ""Brown"" ""1991"" recreation",https://www.researchgate.net/publication/229889927_A_comparison_of_methods_for_evaluating_instream_flow_needs_for_recreation_along_rivers_in_southern_Alberta_Canada,"(PDF) A comparison of methods for evaluating instream flow needs for recreation along rivers in southern Alberta, Canada",24,not_prioritized,주변 관련 후보; 직접 확인한 핵심 원연구·공식자료를 우선하며 전원문 검토는 수행하지 않음,search_return_screen_only,,search_records/ac-q06.json#turn21search1,
search_return,ac-q06,2026-09-14,web.search_query,"""whitewater"" ""flow"" ""Brown"" ""1991"" recreation",https://www.researchgate.net/publication/237419118_Assessing_and_Evaluating_Recreational_Uses_of_Water_Resources_Implications_for_an_Integrated_Management_Framework,(PDF) Assessing and Evaluating Recreational Uses of Water Resources: Implications for an Integrated Management Framework,24,not_prioritized,관련성 있는 주변 후보도 포함될 수 있으나 이번 제한된 원문검토 우선순위에서 미선정; 원문 미열람,search_return_screen_only,,search_records/ac-q06.json#turn21search2,
search_return,ac-q06,2026-09-14,web.search_query,"""whitewater"" ""flow"" ""Brown"" ""1991"" recreation",https://doczz.net/doc/5101584/document---american-whitewater,Document - American Whitewater - boats and watercraft,24,not_prioritized,주변 관련 후보; 직접 확인한 핵심 원연구·공식자료를 우선하며 전원문 검토는 수행하지 않음,search_return_screen_only,,search_records/ac-q06.json#turn21search3,
search_return,ac-q06,2026-09-14,web.search_query,"""whitewater"" ""flow"" ""Brown"" ""1991"" recreation",https://kiwix.drnathanhutchins.com/content/wikipedia_en_all_maxi_2026-02/Tongariro_River,Tongariro River,24,not_prioritized,관련성 있는 주변 후보도 포함될 수 있으나 이번 제한된 원문검토 우선순위에서 미선정; 원문 미열람,search_return_screen_only,,search_records/ac-q06.json#turn21search4,
search_return,ac-q06,2026-09-14,web.search_query,"""whitewater"" ""flow"" ""Brown"" ""1991"" recreation",https://www.researchgate.net/profile/Thomas-Brown-28/2,"Thomas BROWN | Faculty Affiliate | PhD | Colorado State University, Fort Collins | CSU | Department of Agricultural and Resource Economics | Research profile - Page 2",24,not_prioritized,관련성 있는 주변 후보도 포함될 수 있으나 이번 제한된 원문검토 우선순위에서 미선정; 원문 미열람,search_return_screen_only,,search_records/ac-q06.json#turn21search5,
search_return,ac-q06,2026-09-14,web.search_query,"""whitewater"" ""flow"" ""Brown"" ""1991"" recreation",https://www.sciencedirect.com/science/article/abs/pii/S2213078013000054,Strategic and temporal substitution among anglers and white-water kayakers: The case of an urban regulated river - ScienceDirect,24,not_prioritized,관련성 있는 주변 후보도 포함될 수 있으나 이번 제한된 원문검토 우선순위에서 미선정; 원문 미열람,search_return_screen_only,,search_records/ac-q06.json#turn21search6,
search_return,ac-q06,2026-09-14,web.search_query,"""whitewater"" ""flow"" ""Brown"" ""1991"" recreation",https://pmc.ncbi.nlm.nih.gov/articles/PMC6905518/,Understanding rivers and their social relations: A critical step to advance environmental water management - PMC,24,not_prioritized,관련성 있는 주변 후보도 포함될 수 있으나 이번 제한된 원문검토 우선순위에서 미선정; 원문 미열람,search_return_screen_only,,search_records/ac-q06.json#turn21search7,
search_return,ac-q06,2026-09-14,web.search_query,"""whitewater"" ""flow"" ""Brown"" ""1991"" recreation",https://studylib.net/doc/11851841/benefit-functions,Benefit Functions,24,not_prioritized,관련성 있는 주변 후보도 포함될 수 있으나 이번 제한된 원문검토 우선순위에서 미선정; 원문 미열람,search_return_screen_only,,search_records/ac-q06.json#turn21search8,
search_return,ac-q06,2026-09-14,web.search_query,"""whitewater"" ""flow"" ""Brown"" ""1991"" recreation",https://www.americanwhitewater.org/article/30955/,NY Attorney General Defends River Access - American Whitewater,24,not_prioritized,주변 관련 후보; 직접 확인한 핵심 원연구·공식자료를 우선하며 전원문 검토는 수행하지 않음,search_return_screen_only,,search_records/ac-q06.json#turn21search9,
search_return,ac-q06,2026-09-14,web.search_query,"""whitewater"" ""flow"" ""Brown"" ""1991"" recreation",https://www.researchgate.net/publication/263185832_A_city_looks_to_its_past_to_discover_its_future_a_retrospective_case_study_examining_the_evolution_of_an_artificial_white-water_river_development,(PDF) A city looks to its past to discover its future: a retrospective case study examining the evolution of an artificial white-water river development,24,not_prioritized,관련성 있는 주변 후보도 포함될 수 있으나 이번 제한된 원문검토 우선순위에서 미선정; 원문 미열람,search_return_screen_only,,search_records/ac-q06.json#turn21search10,
search_return,ac-q06,2026-09-14,web.search_query,"""whitewater"" ""flow"" ""Brown"" ""1991"" recreation",https://doczz.net/doc/9024180/gtr-141--research-and-cumulative-watershed-effects,"Gtr-141, Research and Cumulative Watershed Effects",24,not_prioritized,관련성 있는 주변 후보도 포함될 수 있으나 이번 제한된 원문검토 우선순위에서 미선정; 원문 미열람,search_return_screen_only,,search_records/ac-q06.json#turn21search11,
search_return,ac-q06,2026-09-14,web.search_query,"""whitewater"" ""flow"" ""Brown"" ""1991"" recreation",https://en.wikipedia.org/wiki/Tongariro_River,Tongariro River,24,excluded,비원자료/비공식 홍보·커뮤니티·백과 또는 주제무관; 수치규칙의 과학근거로 미채택,search_return_screen_only,,search_records/ac-q06.json#turn21search18,
search_return,ac-q06,2026-09-14,web.search_query,"""whitewater"" ""flow"" ""Brown"" ""1991"" recreation",https://en.wikipedia.org/wiki/Klamath_River,Klamath River,24,excluded,비원자료/비공식 홍보·커뮤니티·백과 또는 주제무관; 수치규칙의 과학근거로 미채택,search_return_screen_only,,search_records/ac-q06.json#turn21search19,
search_return,ac-q06,2026-09-14,web.search_query,"""whitewater"" ""flow"" ""Brown"" ""1991"" recreation",https://en.wikipedia.org/wiki/River_Whitewater,River Whitewater,24,excluded,비원자료/비공식 홍보·커뮤니티·백과 또는 주제무관; 수치규칙의 과학근거로 미채택,search_return_screen_only,,search_records/ac-q06.json#turn21search20,
search_return,ac-q06,2026-09-14,web.search_query,"""whitewater"" ""flow"" ""Brown"" ""1991"" recreation",https://en.wikipedia.org/wiki/Lake_Jocassee,Lake Jocassee,24,excluded,비원자료/비공식 홍보·커뮤니티·백과 또는 주제무관; 수치규칙의 과학근거로 미채택,search_return_screen_only,,search_records/ac-q06.json#turn21search21,
search_return,ac-q06,2026-09-14,web.search_query,"""whitewater"" ""flow"" ""Brown"" ""1991"" recreation",https://en.wikipedia.org/wiki/Truckee_River,Truckee River,24,excluded,비원자료/비공식 홍보·커뮤니티·백과 또는 주제무관; 수치규칙의 과학근거로 미채택,search_return_screen_only,,search_records/ac-q06.json#turn21search22,
search_return,ac-q06,2026-09-14,web.search_query,"""whitewater"" ""flow"" ""Brown"" ""1991"" recreation",https://en.wikipedia.org/wiki/Stanislaus_River,Stanislaus River,24,excluded,비원자료/비공식 홍보·커뮤니티·백과 또는 주제무관; 수치규칙의 과학근거로 미채택,search_return_screen_only,,search_records/ac-q06.json#turn21search23,
search_return,ac-q07,2026-09-14,web.search_query,"""rafting"" ""streamflow"" ""survey"" ""satisfaction"" study discharge",https://www.yumpu.com/en/document/view/42885704/introduction-grand-canyon-monitoring-and-research-center,Introduction - Grand Canyon Monitoring and Research Center,14,not_prioritized,관련성 있는 주변 후보도 포함될 수 있으나 이번 제한된 원문검토 우선순위에서 미선정; 원문 미열람,search_return_screen_only,,search_records/ac-q07.json#turn23search0,
search_return,ac-q07,2026-09-14,web.search_query,"""rafting"" ""streamflow"" ""survey"" ""satisfaction"" study discharge",https://www.researchgate.net/publication/227613660_ASSESSING_THE_DIRECT_EFFECTS_OF_STREAMFLOW_ON_RECREATION_A_LITERATURE_REVIEW,ASSESSING THE DIRECT EFFECTS OF STREAMFLOW ON RECREATION: A LITERATURE REVIEW | Request PDF,14,not_prioritized,관련성 있는 주변 후보도 포함될 수 있으나 이번 제한된 원문검토 우선순위에서 미선정; 원문 미열람,search_return_screen_only,,search_records/ac-q07.json#turn23search1,
search_return,ac-q07,2026-09-14,web.search_query,"""rafting"" ""streamflow"" ""survey"" ""satisfaction"" study discharge",https://doczz.net/doc/709502/west-fork-tuckasegee-river-hydroelectric-projects-ferc-%23-...,West Fork Tuckasegee River Hydroelectric Projects FERC # 2686 - forestry,14,not_prioritized,관련성 있는 주변 후보도 포함될 수 있으나 이번 제한된 원문검토 우선순위에서 미선정; 원문 미열람,search_return_screen_only,,search_records/ac-q07.json#turn23search2,
search_return,ac-q07,2026-09-14,web.search_query,"""rafting"" ""streamflow"" ""survey"" ""satisfaction"" study discharge",https://files.cfc.umt.edu/cesu/NPS/UMT/2005/Duffield_White%20Paper_CO%20river.pdf,White Paper,14,not_prioritized,관련성 있는 주변 후보도 포함될 수 있으나 이번 제한된 원문검토 우선순위에서 미선정; 원문 미열람,search_return_screen_only,,search_records/ac-q07.json#turn23search12,
search_return,ac-q07,2026-09-14,web.search_query,"""rafting"" ""streamflow"" ""survey"" ""satisfaction"" study discharge",https://www.lib.uidaho.edu/digital/rrrd/timeline.html,Timeline | River Recreation Research Database,14,not_prioritized,관련성 있는 주변 후보도 포함될 수 있으나 이번 제한된 원문검토 우선순위에서 미선정; 원문 미열람,search_return_screen_only,,search_records/ac-q07.json#turn23search3,
search_return,ac-q07,2026-09-14,web.search_query,"""rafting"" ""streamflow"" ""survey"" ""satisfaction"" study discharge",https://www.researchgate.net/publication/248982266_Evaluating_Instream_Flows_for_Recreation_Applying_the_Structural_Norm_Approach_to_Biophysical_Conditions,(PDF) Evaluating Instream Flows for Recreation: Applying the Structural Norm Approach to Biophysical Conditions,14,not_prioritized,주변 관련 후보; 직접 확인한 핵심 원연구·공식자료를 우선하며 전원문 검토는 수행하지 않음,search_return_screen_only,,search_records/ac-q07.json#turn23search4,
search_return,ac-q07,2026-09-14,web.search_query,"""rafting"" ""streamflow"" ""survey"" ""satisfaction"" study discharge",https://www.researchgate.net/publication/237419118_Assessing_and_Evaluating_Recreational_Uses_of_Water_Resources_Implications_for_an_Integrated_Management_Framework,(PDF) Assessing and Evaluating Recreational Uses of Water Resources: Implications for an Integrated Management Framework,14,not_prioritized,관련성 있는 주변 후보도 포함될 수 있으나 이번 제한된 원문검토 우선순위에서 미선정; 원문 미열람,search_return_screen_only,,search_records/ac-q07.json#turn23search5,
search_return,ac-q07,2026-09-14,web.search_query,"""rafting"" ""streamflow"" ""survey"" ""satisfaction"" study discharge",https://www.researchgate.net/publication/240489151_National_Estimates_of_the_Recreational_Value_of_Stream_Flows,(PDF) National Estimates of the Recreational Value of Stream Flows,14,not_prioritized,주변 관련 후보; 직접 확인한 핵심 원연구·공식자료를 우선하며 전원문 검토는 수행하지 않음,search_return_screen_only,,search_records/ac-q07.json#turn23search6,
search_return,ac-q07,2026-09-14,web.search_query,"""rafting"" ""streamflow"" ""survey"" ""satisfaction"" study discharge",https://www.researchgate.net/publication/344507184_Whose_river_is_it_An_assessment_of_livelihood_and_cultural_water_flow_requirements_for_the_Karnali_basin,(PDF) Whose river is it? An assessment of livelihood and cultural water flow requirements for the Karnali basin,14,not_prioritized,주변 관련 후보; 직접 확인한 핵심 원연구·공식자료를 우선하며 전원문 검토는 수행하지 않음,search_return_screen_only,,search_records/ac-q07.json#turn23search7,
search_return,ac-q07,2026-09-14,web.search_query,"""rafting"" ""streamflow"" ""survey"" ""satisfaction"" study discharge",https://www.scribd.com/document/628652350/Glen-Canyon-Dam-Smallmouth-Bass-Flow-Options-Draft-Environmental-Assessment,Glen Canyon Dam Flow Options Assessment | PDF | National Environmental Policy Act | Colorado River,14,not_prioritized,주변 관련 후보; 직접 확인한 핵심 원연구·공식자료를 우선하며 전원문 검토는 수행하지 않음,search_return_screen_only,,search_records/ac-q07.json#turn23search8,
search_return,ac-q07,2026-09-14,web.search_query,"""rafting"" ""streamflow"" ""survey"" ""satisfaction"" study discharge",https://www.scribd.com/document/680247716/10-1007-978-3-319-06635-6,Agricultural Cooperative Management and Policy | PDF,14,not_prioritized,관련성 있는 주변 후보도 포함될 수 있으나 이번 제한된 원문검토 우선순위에서 미선정; 원문 미열람,search_return_screen_only,,search_records/ac-q07.json#turn23search9,
search_return,ac-q07,2026-09-14,web.search_query,"""rafting"" ""streamflow"" ""survey"" ""satisfaction"" study discharge",https://paperzz.com/doc/8643050/ecosystem-service-valuation-of-the-colorado-river-basin--a,Ecosystem Service Valuation of the Colorado River Basin: A,14,not_prioritized,관련성 있는 주변 후보도 포함될 수 있으나 이번 제한된 원문검토 우선순위에서 미선정; 원문 미열람,search_return_screen_only,,search_records/ac-q07.json#turn23search10,
search_return,ac-q07,2026-09-14,web.search_query,"""rafting"" ""streamflow"" ""survey"" ""satisfaction"" study discharge",https://www.scribd.com/document/824725511/Estimating-the-non-market-benefits-of-climate-change-adaptation-of-river-ecosystem-services-A-choice-experiment-application-in-the-Aoos-basin-Greece,"Estimating The Non-Market Benefits of Climate Change Adaptation of River Ecosystem Services, A Choice Experiment Application in The Aoos Basin, Greece, D. Andreopoulos | PDF | Climate Change | Utility",14,not_prioritized,관련성 있는 주변 후보도 포함될 수 있으나 이번 제한된 원문검토 우선순위에서 미선정; 원문 미열람,search_return_screen_only,,search_records/ac-q07.json#turn23search11,
search_return,ac-q07,2026-09-14,web.search_query,"""rafting"" ""streamflow"" ""survey"" ""satisfaction"" study discharge",https://nwccog.org/wp-content/uploads/2015/03/QQStudy_Report_Jan-2012.pdf,WATER AND ITS RELATIONSHIP,14,not_prioritized,관련성 있는 주변 후보도 포함될 수 있으나 이번 제한된 원문검토 우선순위에서 미선정; 원문 미열람,search_return_screen_only,,search_records/ac-q07.json#turn23search13,
search_return,ac-q08,2026-09-14,web.search_query,"""래프팅"" ""유량"" 연구",https://nationalatlas.cafe24.com/pages/download.php?dir=%2Fnationalatlas%2Fkor_hi_2022%2Fpdf&file=2022_%EC%B2%AD%EC%86%8C%EB%85%84%ED%8C%90_4_%EC%9A%B0%EB%A6%AC%EA%B5%AD%ED%86%A0%EC%9D%98%EC%9E%90%EC%97%B0%ED%99%98%EA%B2%BD.pdf,우리 국토의 자연환경,17,not_prioritized,관련성 있는 주변 후보도 포함될 수 있으나 이번 제한된 원문검토 우선순위에서 미선정; 원문 미열람,search_return_screen_only,,search_records/ac-q08.json#turn24search12,
search_return,ac-q08,2026-09-14,web.search_query,"""래프팅"" ""유량"" 연구",https://www.dbpia.co.kr/journal/detail?nodeId=T16850648,"친수지구의 친수활동과 계절적, 수리적 인자를 고려한 수질특성 변화에 관한 연구 - 김택호 | 광운대학교 논문 | DBpia",17,not_prioritized,관련성 있는 주변 후보도 포함될 수 있으나 이번 제한된 원문검토 우선순위에서 미선정; 원문 미열람,search_return_screen_only,,search_records/ac-q08.json#turn24search0,
search_return,ac-q08,2026-09-14,web.search_query,"""래프팅"" ""유량"" 연구",https://eorayeonrafting.co.kr/program?type=rafting,동강 어라연 래프팅,17,not_prioritized,관련성 있는 주변 후보도 포함될 수 있으나 이번 제한된 원문검토 우선순위에서 미선정; 원문 미열람,search_return_screen_only,,search_records/ac-q08.json#turn24search1,
search_return,ac-q08,2026-09-14,web.search_query,"""래프팅"" ""유량"" 연구",https://www.yna.co.kr/view/AKR20190723136500052,"""무더위야 반갑다""…산청 경호강 래프팅족 '북적' | 연합뉴스",17,not_prioritized,관련성 있는 주변 후보도 포함될 수 있으나 이번 제한된 원문검토 우선순위에서 미선정; 원문 미열람,search_return_screen_only,,search_records/ac-q08.json#turn24search2,
search_return,ac-q08,2026-09-14,web.search_query,"""래프팅"" ""유량"" 연구",https://bonbonmath.com/wp-content/uploads/2023-%EA%B3%A02-9%EC%9B%94-%EB%AA%A8%EC%9D%98%EA%B3%A0%EC%82%AC-%EC%82%AC%ED%9A%8C%ED%83%90%EA%B5%AC-%EB%AC%B8%EC%A0%9C.pdf,bc0corgm.dgm,17,not_prioritized,관련성 있는 주변 후보도 포함될 수 있으나 이번 제한된 원문검토 우선순위에서 미선정; 원문 미열람,search_return_screen_only,,search_records/ac-q08.json#turn24search13,
search_return,ac-q08,2026-09-14,web.search_query,"""래프팅"" ""유량"" 연구",https://www.yna.co.kr/amp/view/AKR20190723136500052,"""무더위야 반갑다""…산청 경호강 래프팅족 '북적' | 연합뉴스",17,not_prioritized,관련성 있는 주변 후보도 포함될 수 있으나 이번 제한된 원문검토 우선순위에서 미선정; 원문 미열람,search_return_screen_only,,search_records/ac-q08.json#turn24search3,
search_return,ac-q08,2026-09-14,web.search_query,"""래프팅"" ""유량"" 연구",https://www.bidform.co.kr/updata/notifile/z8ugu2015SepWed.PDF,건설공사 사후평가 수행매뉴얼 및 활용가이드라인 본“건설공사 사후평가 수행매뉴얼 및 활용가이,17,not_prioritized,관련성 있는 주변 후보도 포함될 수 있으나 이번 제한된 원문검토 우선순위에서 미선정; 원문 미열람,search_return_screen_only,,search_records/ac-q08.json#turn24search14,
search_return,ac-q08,2026-09-14,web.search_query,"""래프팅"" ""유량"" 연구",https://quizlet.com/kr/1035996644/4-%ED%95%98%EC%B2%9C-%EC%A7%80%ED%98%95%EA%B3%BC-%ED%95%B4%EC%95%88-%EC%A7%80%ED%98%95-flash-cards/,4 하천 지형과 해안 지형 Flashcards | Quizlet,17,excluded,비원자료/비공식 홍보·커뮤니티·백과 또는 주제무관; 수치규칙의 과학근거로 미채택,search_return_screen_only,,search_records/ac-q08.json#turn24search4,
search_return,ac-q08,2026-09-14,web.search_query,"""래프팅"" ""유량"" 연구",https://www.g2b.go.kr/pn/pnp/pnpe/UntyAtchFile/downloadFile.do?bidPbancNo=R26BK01330839&bidPbancOrd=000&fileSeq=2&fileType=&prcmBsneSeCd=03,3. 과업범위 ※ 세부 내용 추후 변동 가능,17,not_prioritized,관련성 있는 주변 후보도 포함될 수 있으나 이번 제한된 원문검토 우선순위에서 미선정; 원문 미열람,search_return_screen_only,,search_records/ac-q08.json#turn24search15,
search_return,ac-q08,2026-09-14,web.search_query,"""래프팅"" ""유량"" 연구",https://www.klawdigest.kr/articles/13351?issueNumber=13&tab=all&view=practice,[민사] 래프팅 사고 피해자 유족의 국가배상청구 기각 | 격주간 최신 판례 대시보드,17,not_prioritized,관련성 있는 주변 후보도 포함될 수 있으나 이번 제한된 원문검토 우선순위에서 미선정; 원문 미열람,search_return_screen_only,,search_records/ac-q08.json#turn24search5,
search_return,ac-q08,2026-09-14,web.search_query,"""래프팅"" ""유량"" 연구",https://www.superage.app/ko/blog/raepeting-chobo-jangbi-myeongryeong-anjeon-gaideu/,"래프팅 초보 가이드: 장비, 명령, 안전 수칙, 첫 투어 준비",17,not_prioritized,관련성 있는 주변 후보도 포함될 수 있으나 이번 제한된 원문검토 우선순위에서 미선정; 원문 미열람,search_return_screen_only,,search_records/ac-q08.json#turn24search6,
search_return,ac-q08,2026-09-14,web.search_query,"""래프팅"" ""유량"" 연구",https://www.kookje.co.kr/news2011/asp/newsbody.asp?code=0700&key=20180716.22036002380,[바캉스 특집-경남 산청군] 짜릿한 래프팅·뜨끈한 약초목욕탕…어르신도 아이도 만족 : 국제신문,17,not_prioritized,관련성 있는 주변 후보도 포함될 수 있으나 이번 제한된 원문검토 우선순위에서 미선정; 원문 미열람,search_return_screen_only,,search_records/ac-q08.json#turn24search7,
search_return,ac-q08,2026-09-14,web.search_query,"""래프팅"" ""유량"" 연구",https://www.smud.org/ko/Corporate/About-us/News-and-Media/2020/2020/SMUDs-South-Fork-Powerhouse-hydroelectric-project-goes-operational,SMUDs 사우스 포크 파워하우스 수력 발전 프로젝트 가동 개시,17,not_prioritized,관련성 있는 주변 후보도 포함될 수 있으나 이번 제한된 원문검토 우선순위에서 미선정; 원문 미열람,search_return_screen_only,,search_records/ac-q08.json#turn24search8,
search_return,ac-q08,2026-09-14,web.search_query,"""래프팅"" ""유량"" 연구",https://kr.trip.com/moments/theme/poi-wuyi-mountain-nine-bend-stream-10558604-rafting-910214/,2026년 무이산 구곡계 래프팅 추천| Trip Moments,17,excluded,비원자료/비공식 홍보·커뮤니티·백과 또는 주제무관; 수치규칙의 과학근거로 미채택,search_return_screen_only,,search_records/ac-q08.json#turn24search9,
search_return,ac-q08,2026-09-14,web.search_query,"""래프팅"" ""유량"" 연구",https://okdy.nurii.kr/policies/terms,단양 래프팅 남한강레포츠 | 오케이단양 급류카약 더키 ATV 서바이벌 패러글라이딩 예약,17,not_prioritized,관련성 있는 주변 후보도 포함될 수 있으나 이번 제한된 원문검토 우선순위에서 미선정; 원문 미열람,search_return_screen_only,,search_records/ac-q08.json#turn24search10,
search_return,ac-q08,2026-09-14,web.search_query,"""래프팅"" ""유량"" 연구",https://kr.trip.com/moments/theme/poi-jiuquxi-bamboo-rafting-10670396-rafting-910214/,2026년 구곡계 대나무 래프팅 래프팅 추천| Trip Moments,17,excluded,비원자료/비공식 홍보·커뮤니티·백과 또는 주제무관; 수치규칙의 과학근거로 미채택,search_return_screen_only,,search_records/ac-q08.json#turn24search11,
search_return,ac-q08,2026-09-14,web.search_query,"""래프팅"" ""유량"" 연구",https://patentimages.storage.googleapis.com/dd/5f/b6/bd0c10a7ccf8cf/KR20210021367A.pdf,공개특허 10-2021-0021367,17,excluded,요구한 활동×환경×결과 관계와 무관하거나 연구 원문이 아님,search_return_screen_only,,search_records/ac-q08.json#turn24search16,
search_return,ac-q09,2026-09-14,web.search_query,"""온천"" ""수온"" ""쾌적"" 연구",https://kr.trip.com/moments/theme/destination-lianghe-1446289-attraction-993137/,2026년 량허 어트랙션 추천| Trip Moments,12,excluded,비원자료/비공식 홍보·커뮤니티·백과 또는 주제무관; 수치규칙의 과학근거로 미채택,search_return_screen_only,,search_records/ac-q09.json#turn22search0,
search_return,ac-q09,2026-09-14,web.search_query,"""온천"" ""수온"" ""쾌적"" 연구",https://www.yeogi.com/domestic-accommodations/69729,"체스터톤스 호텔, 속초·고성, 강원 - 여기어때 특가",12,excluded,비원자료/비공식 홍보·커뮤니티·백과 또는 주제무관; 수치규칙의 과학근거로 미채택,search_return_screen_only,,search_records/ac-q09.json#turn22search1,
search_return,ac-q09,2026-09-14,web.search_query,"""온천"" ""수온"" ""쾌적"" 연구",https://samurai-sauna-magazine.com/ko-KR/guides/outdoor-onsen-nature-experience,노천탕과 자연 속 온천 체험,12,excluded,비원자료/비공식 홍보·커뮤니티·백과 또는 주제무관; 수치규칙의 과학근거로 미채택,search_return_screen_only,,search_records/ac-q09.json#turn22search2,
search_return,ac-q09,2026-09-14,web.search_query,"""온천"" ""수온"" ""쾌적"" 연구",https://www.namu.moe/w/%EC%9C%A0%EC%84%B1%EC%98%A8%EC%B2%9C,유성온천,12,excluded,비원자료/비공식 홍보·커뮤니티·백과 또는 주제무관; 수치규칙의 과학근거로 미채택,search_return_screen_only,,search_records/ac-q09.json#turn22search3,
search_return,ac-q09,2026-09-14,web.search_query,"""온천"" ""수온"" ""쾌적"" 연구",https://luckydaddy86.tistory.com/155,겨울에 더 좋은 능암탄산온천｜아이와 가기 좋은 충북 가족 온천 당일치기,12,excluded,비원자료/비공식 홍보·커뮤니티·백과 또는 주제무관; 수치규칙의 과학근거로 미채택,search_return_screen_only,,search_records/ac-q09.json#turn22search4,
search_return,ac-q09,2026-09-14,web.search_query,"""온천"" ""수온"" ""쾌적"" 연구",https://kr.trip.com/moments/theme/destination-wuxuan-1446260-flower-viewing-990796/,2026년 우쉬안 꽃구경 추천| Trip Moments,12,excluded,비원자료/비공식 홍보·커뮤니티·백과 또는 주제무관; 수치규칙의 과학근거로 미채택,search_return_screen_only,,search_records/ac-q09.json#turn22search5,
search_return,ac-q09,2026-09-14,web.search_query,"""온천"" ""수온"" ""쾌적"" 연구",https://m.namu.moe/w/%EC%9C%A0%EC%84%B1%EC%98%A8%EC%B2%9C,유성온천,12,excluded,비원자료/비공식 홍보·커뮤니티·백과 또는 주제무관; 수치규칙의 과학근거로 미채택,search_return_screen_only,,search_records/ac-q09.json#turn22search6,
search_return,ac-q09,2026-09-14,web.search_query,"""온천"" ""수온"" ""쾌적"" 연구",https://sangseek.com/communities/233856,일본 온천에서 실내·야외 온천과 족욕의 차이점과 선택 기준은 무엇인가요? | 상식닷컴 - sangseek.com,12,excluded,비원자료/비공식 홍보·커뮤니티·백과 또는 주제무관; 수치규칙의 과학근거로 미채택,search_return_screen_only,,search_records/ac-q09.json#turn22search7,
search_return,ac-q09,2026-09-14,web.search_query,"""온천"" ""수온"" ""쾌적"" 연구",https://kr.trip.com/moments/theme/destination-zhenkang-1446295-attraction-993137/,2026년 전캉 어트랙션 추천| Trip Moments,12,excluded,비원자료/비공식 홍보·커뮤니티·백과 또는 주제무관; 수치규칙의 과학근거로 미채택,search_return_screen_only,,search_records/ac-q09.json#turn22search8,
search_return,ac-q09,2026-09-14,web.search_query,"""온천"" ""수온"" ""쾌적"" 연구",https://www.chinaholiday.com/ko/cheap-hotels-fuzhou-fujian/jinjishan-impression-fuzhou-shui-house-genuine-long-hotel-fuzhou-fujian.html,"Jinjishan impression, Fuzhou Shui House genuine Long Hotel: Booking Jinjishan impression, Fuzhou Shui House genuine Long Hotel, China, Fuzhou Hotels Reservation - China Holiday",12,excluded,비원자료/비공식 홍보·커뮤니티·백과 또는 주제무관; 수치규칙의 과학근거로 미채택,search_return_screen_only,,search_records/ac-q09.json#turn22search9,
search_return,ac-q09,2026-09-14,web.search_query,"""온천"" ""수온"" ""쾌적"" 연구",https://dark.namu.moe/w/%EC%9C%A0%EC%84%B1%EC%98%A8%EC%B2%9C,유성온천,12,excluded,비원자료/비공식 홍보·커뮤니티·백과 또는 주제무관; 수치규칙의 과학근거로 미채택,search_return_screen_only,,search_records/ac-q09.json#turn22search10,
search_return,ac-q09,2026-09-14,web.search_query,"""온천"" ""수온"" ""쾌적"" 연구",https://www.chinaholiday.com/ko/cheap-hotels-shanghai/shanghai-xuelang-lake-resort-shanghai.html,"Shanghai Xuelang Lake Resort: Booking Shanghai Xuelang Lake Resort, China, Shanghai Hotels Reservation - China Holiday",12,excluded,비원자료/비공식 홍보·커뮤니티·백과 또는 주제무관; 수치규칙의 과학근거로 미채택,search_return_screen_only,,search_records/ac-q09.json#turn22search11,
search_return,ac-q10,2026-09-14,web.search_query,"""tidal"" ""cut-off"" ""risk"" beach study modelling",https://www.cogitatiopress.com/oceanandsociety/article/view/9793,Cut Off by the Tide: How Ocean Literacy Can Help Save Lives | Article | Ocean and Society,18,selected_for_review,,search_return_screen_only,AC-S06,search_records/ac-q10.json#turn45search0,
search_return,ac-q10,2026-09-14,web.search_query,"""tidal"" ""cut-off"" ""risk"" beach study modelling",https://pure.plymouth.ac.uk/ws/portalfiles/portal/38883153/Stokes%20et%20al%202017%20Beach%20Risk_Complete%20Revised%20Manuscript.pdf,PEARL Application of multiple linear regression an,18,not_prioritized,관련성 있는 주변 후보도 포함될 수 있으나 이번 제한된 원문검토 우선순위에서 미선정; 원문 미열람,search_return_screen_only,,search_records/ac-q10.json#turn45search12,
search_return,ac-q10,2026-09-14,web.search_query,"""tidal"" ""cut-off"" ""risk"" beach study modelling",https://www.bangor.ac.uk/news/2025-04-09-research-reveals-major-gaps-in-tidal-knowledge-that-frequently-lead-to-a-risk-to,Research reveals major gaps in tidal knowledge that frequently lead to a risk to life for coastal visitors | Bangor University,18,not_prioritized,관련성 있는 주변 후보도 포함될 수 있으나 이번 제한된 원문검토 우선순위에서 미선정; 원문 미열람,search_return_screen_only,,search_records/ac-q10.json#turn45search1,
search_return,ac-q10,2026-09-14,web.search_query,"""tidal"" ""cut-off"" ""risk"" beach study modelling",https://research.bangor.ac.uk/en/clippings/extensive-media-coverage-of-finalised-study-results-on-tidal-cut-/,Extensive media coverage of finalised study results on tidal cut-off - Bangor University,18,not_prioritized,관련성 있는 주변 후보도 포함될 수 있으나 이번 제한된 원문검토 우선순위에서 미선정; 원문 미열람,search_return_screen_only,,search_records/ac-q10.json#turn45search2,
search_return,ac-q10,2026-09-14,web.search_query,"""tidal"" ""cut-off"" ""risk"" beach study modelling",https://www.sciencedirect.com/science/article/pii/S0964569114001501,Managing physical and anthropogenic hazards on macrotidal Amazon beaches - ScienceDirect,18,not_prioritized,주변 관련 후보; 직접 확인한 핵심 원연구·공식자료를 우선하며 전원문 검토는 수행하지 않음,search_return_screen_only,,search_records/ac-q10.json#turn45search3,
search_return,ac-q10,2026-09-14,web.search_query,"""tidal"" ""cut-off"" ""risk"" beach study modelling",https://www.bangor.ac.uk/news/2025-10-17-misunderstanding-the-tide-is-putting-millions-at-risk-on-uk-coasts-heres-what-you,Misunderstanding the tide is putting millions at risk on UK coasts – here’s what you need to know | Bangor University,18,not_prioritized,주변 관련 후보; 직접 확인한 핵심 원연구·공식자료를 우선하며 전원문 검토는 수행하지 않음,search_return_screen_only,,search_records/ac-q10.json#turn45search4,
search_return,ac-q10,2026-09-14,web.search_query,"""tidal"" ""cut-off"" ""risk"" beach study modelling",https://doi.org/10.1016%2Fj.ocecoaman.2023.106584,"Relationships between the tide and fatal drowning at surf beaches in New South Wales, Australia: Implications for coastal safety management and practice - ScienceDirect",18,not_prioritized,주변 관련 후보; 직접 확인한 핵심 원연구·공식자료를 우선하며 전원문 검토는 수행하지 않음,search_return_screen_only,,search_records/ac-q10.json#turn45search5,
search_return,ac-q10,2026-09-14,web.search_query,"""tidal"" ""cut-off"" ""risk"" beach study modelling",https://research.bangor.ac.uk/files/77702356/Morris-Webb_et_al_Accepted_Final_Manuscript.pdf,PRIFYSGOL BANGOR UNIVERSITYCut off by the tide: Ho,18,duplicate_or_alternative_access,같은 연구의 재반환 또는 다른 접근주소; 독립연구로 세지 않음,search_return_screen_only,AC-S06,search_records/ac-q10.json#turn45search13,
search_return,ac-q10,2026-09-14,web.search_query,"""tidal"" ""cut-off"" ""risk"" beach study modelling",https://www.bangor.ac.uk/plocc/why-do-people-frequently-get-cut-off-by-the-tide-a-collaborative-project-with-the-rnli,Why do people frequently get cut off by the tide? A collaborative project with the RNLI | Bangor University,18,not_prioritized,주변 관련 후보; 직접 확인한 핵심 원연구·공식자료를 우선하며 전원문 검토는 수행하지 않음,search_return_screen_only,,search_records/ac-q10.json#turn45search6,
search_return,ac-q10,2026-09-14,web.search_query,"""tidal"" ""cut-off"" ""risk"" beach study modelling",https://citeseerx.ist.psu.edu/document?doi=aa9066dab4e772233d46a59ca853e73a4d241ff1&repid=rep1&type=pdf,BEACH MORPHODYNAMICS,18,not_prioritized,관련성 있는 주변 후보도 포함될 수 있으나 이번 제한된 원문검토 우선순위에서 미선정; 원문 미열람,search_return_screen_only,,search_records/ac-q10.json#turn45search14,
search_return,ac-q10,2026-09-14,web.search_query,"""tidal"" ""cut-off"" ""risk"" beach study modelling",https://pure.bangor.ac.uk/ws/portalfiles/portal/77976966/OaS_2_-_Cut_Off_by_the_Tide_How_Ocean_Literacy_Can_Help_Save_Lives.pdf,Cut off by the tide: How Ocean Literacy can help save lives,18,duplicate_or_alternative_access,같은 연구의 재반환 또는 다른 접근주소; 독립연구로 세지 않음,search_return_screen_only,AC-S06,search_records/ac-q10.json#turn45search15,
search_return,ac-q10,2026-09-14,web.search_query,"""tidal"" ""cut-off"" ""risk"" beach study modelling",https://svn.oss.deltares.nl/repos/openearthtools/websites/cosmos/htdocs/zandmotor/ripcurrents/forecastsystems.html,,18,not_prioritized,관련성 있는 주변 후보도 포함될 수 있으나 이번 제한된 원문검토 우선순위에서 미선정; 원문 미열람,search_return_screen_only,,search_records/ac-q10.json#turn45search7,
search_return,ac-q10,2026-09-14,web.search_query,"""tidal"" ""cut-off"" ""risk"" beach study modelling",https://pure.bangor.ac.uk/ws/portalfiles/portal/77702356/Morris-Webb_et_al_Accepted_Final_Manuscript.pdf,Cut off by the tide: How Ocean Literacy can help save lives,18,duplicate_or_alternative_access,같은 연구의 재반환 또는 다른 접근주소; 독립연구로 세지 않음,search_return_screen_only,AC-S06,search_records/ac-q10.json#turn45search16,
search_return,ac-q10,2026-09-14,web.search_query,"""tidal"" ""cut-off"" ""risk"" beach study modelling",https://democracy.eastdevon.gov.uk/documents/g1545/Public%20reports%20pack%2006th-Jan-2021%2010.00%20Planning%20Committee.pdf?T=10,Public Document Pack,18,not_prioritized,관련성 있는 주변 후보도 포함될 수 있으나 이번 제한된 원문검토 우선순위에서 미선정; 원문 미열람,search_return_screen_only,,search_records/ac-q10.json#turn45search17,
search_return,ac-q10,2026-09-14,web.search_query,"""tidal"" ""cut-off"" ""risk"" beach study modelling",https://pmc.ncbi.nlm.nih.gov/articles/PMC7935371/,Evolving tides aggravate nuisance flooding along the U.S. coastline - PMC,18,not_prioritized,주변 관련 후보; 직접 확인한 핵심 원연구·공식자료를 우선하며 전원문 검토는 수행하지 않음,search_return_screen_only,,search_records/ac-q10.json#turn45search8,
search_return,ac-q10,2026-09-14,web.search_query,"""tidal"" ""cut-off"" ""risk"" beach study modelling",https://www.researchgate.net/publication/257496397_Rip_current_variability_and_hazard_along_a_macro-tidal_coast,(PDF) Rip current variability and hazard along a macro-tidal coast,18,not_prioritized,관련성 있는 주변 후보도 포함될 수 있으나 이번 제한된 원문검토 우선순위에서 미선정; 원문 미열람,search_return_screen_only,,search_records/ac-q10.json#turn45search9,
search_return,ac-q10,2026-09-14,web.search_query,"""tidal"" ""cut-off"" ""risk"" beach study modelling",https://www.sciencedirect.com/science/article/abs/pii/S0025322799001103,Tidal asymmetry in sediment resuspension on a macrotidal beach in northwestern Australia - ScienceDirect,18,not_prioritized,주변 관련 후보; 직접 확인한 핵심 원연구·공식자료를 우선하며 전원문 검토는 수행하지 않음,search_return_screen_only,,search_records/ac-q10.json#turn45search10,
search_return,ac-q10,2026-09-14,web.search_query,"""tidal"" ""cut-off"" ""risk"" beach study modelling",https://ideas.repec.org/a/cog/ocesoc/v2y2025a9793.html,Cut Off by the Tide: How Ocean Literacy Can Help Save Lives,18,not_prioritized,주변 관련 후보; 직접 확인한 핵심 원연구·공식자료를 우선하며 전원문 검토는 수행하지 않음,search_return_screen_only,,search_records/ac-q10.json#turn45search11,
search_return,ac-q11,2026-09-14,web.search_query,"""갯벌"" ""고립"" ""논문"" 조석",https://www.kci.go.kr/kciportal/ci/sereArticleSearch/ciSereArtiView.kci?sereArticleSearchBean.artiId=ART002180281,연안해역 사고방지를 위한 안전관리에 관한 연구,13,excluded,안전관리 제도 중심; 조석/환경 노출별 활동결과나 안전시간 경계 추정 연구가 아님,search_return_screen_only,,search_records/ac-q11.json#turn42search0,
search_return,ac-q11,2026-09-14,web.search_query,"""갯벌"" ""고립"" ""논문"" 조석",https://www.kci.go.kr/kciportal/ci/sereArticleSearch/ciSereArtiView.kci?sereArticleSearchBean.artiId=ART002593703,연안해역 안전관리 체계 발전방안 연구: 연안안전 담당자 설문조사 중심으로,13,excluded,안전관리 제도 중심; 조석/환경 노출별 활동결과나 안전시간 경계 추정 연구가 아님,search_return_screen_only,,search_records/ac-q11.json#turn42search1,
search_return,ac-q11,2026-09-14,web.search_query,"""갯벌"" ""고립"" ""논문"" 조석",https://www.kci.go.kr/kciportal/ci/sereArticleSearch/ciSereArtiView.kci?sereArticleSearchBean.artiId=ART002286905,「연안사고 예방에 관한 법률」상의 위험구역관리 개선방안,13,excluded,안전관리 제도 중심; 조석/환경 노출별 활동결과나 안전시간 경계 추정 연구가 아님,search_return_screen_only,,search_records/ac-q11.json#turn42search2,
search_return,ac-q11,2026-09-14,web.search_query,"""갯벌"" ""고립"" ""논문"" 조석",https://www.earticle.net/Article/A297628,연안해역 사고방지를 위한 안전관리에 관한 연구 - earticle,13,excluded,안전관리 제도 중심; 조석/환경 노출별 활동결과나 안전시간 경계 추정 연구가 아님,search_return_screen_only,,search_records/ac-q11.json#turn42search3,
search_return,ac-q11,2026-09-14,web.search_query,"""갯벌"" ""고립"" ""논문"" 조석",https://www.dbpia.co.kr/journal/articleDetail?nodeId=NODE10811010,연안해역 사고방지를 위한 안전관리에 관한 연구 - 논문 | DBpia,13,excluded,안전관리 제도 중심; 조석/환경 노출별 활동결과나 안전시간 경계 추정 연구가 아님,search_return_screen_only,,search_records/ac-q11.json#turn42search4,
search_return,ac-q11,2026-09-14,web.search_query,"""갯벌"" ""고립"" ""논문"" 조석",https://www.earticle.net/Article/A376598,연안해역 안전관리 체계 발전방안 연구 : 연안안전 담당자 설문조사 중심으로 - earticle,13,excluded,안전관리 제도 중심; 조석/환경 노출별 활동결과나 안전시간 경계 추정 연구가 아님,search_return_screen_only,,search_records/ac-q11.json#turn42search5,
search_return,ac-q11,2026-09-14,web.search_query,"""갯벌"" ""고립"" ""논문"" 조석",https://www.thesegye.com/news/pdf/20250909/news20250909_288.pdf,2025년 9월 9일 화요일,13,not_prioritized,관련성 있는 주변 후보도 포함될 수 있으나 이번 제한된 원문검토 우선순위에서 미선정; 원문 미열람,search_return_screen_only,,search_records/ac-q11.json#turn42search12,
search_return,ac-q11,2026-09-14,web.search_query,"""갯벌"" ""고립"" ""논문"" 조석",https://gist.github.com/JudsonHat/d9e7ca3d386e560f9c636ddecdaf749d,korean vocab json · GitHub,13,excluded,요구한 활동×환경×결과 관계와 무관하거나 연구 원문이 아님,search_return_screen_only,,search_records/ac-q11.json#turn42search6,
search_return,ac-q11,2026-09-14,web.search_query,"""갯벌"" ""고립"" ""논문"" 조석",https://education.mokpo.ac.kr/islands/5498/subview.do?enc=Zm5jdDF8QEB8JTJGYmJzJTJGaXNsYW5kcyUyRjM4MyUyRjI4NTcwMiUyRmFydGNsVmlldy5kbyUzRg%3D%3D,연구원 소식,13,not_prioritized,관련성 있는 주변 후보도 포함될 수 있으나 이번 제한된 원문검토 우선순위에서 미선정; 원문 미열람,search_return_screen_only,,search_records/ac-q11.json#turn42search7,
search_return,ac-q11,2026-09-14,web.search_query,"""갯벌"" ""고립"" ""논문"" 조석",https://fliphtml5.com/vdjow/kmto/2024-2_%25EC%2582%25AC%25ED%259A%258C%25EB%25AC%25B8%25EC%25A0%259C%25ED%2595%25B4%25EA%25B2%25B0%25EC%259D%2584_%25EC%259C%2584%25ED%2595%259C_%25EA%25B3%25B5%25EA%25B3%25B5%25EC%25A0%2595%25EC%25B1%2585/,2024-2 사회문제해결을 위한 공공정책 - 연세대학교행정학과PLAY | 플립 PDF 온라인 | FlipHTML5,13,not_prioritized,관련성 있는 주변 후보도 포함될 수 있으나 이번 제한된 원문검토 우선순위에서 미선정; 원문 미열람,search_return_screen_only,,search_records/ac-q11.json#turn42search8,
search_return,ac-q11,2026-09-14,web.search_query,"""갯벌"" ""고립"" ""논문"" 조석",https://www.metroseoul.co.kr/article/20240703500246,"해양경찰정비창, 구명조끼 착용률 높이기 캠페인 동참",13,not_prioritized,관련성 있는 주변 후보도 포함될 수 있으나 이번 제한된 원문검토 우선순위에서 미선정; 원문 미열람,search_return_screen_only,,search_records/ac-q11.json#turn42search9,
search_return,ac-q11,2026-09-14,web.search_query,"""갯벌"" ""고립"" ""논문"" 조석",https://www.thinkzon.com/share_list_report/A28B14_585.php?display_type=list&scale=40&sort=score,리포트 인문사회 공유자료 - 씽크존 문서공유,13,not_prioritized,관련성 있는 주변 후보도 포함될 수 있으나 이번 제한된 원문검토 우선순위에서 미선정; 원문 미열람,search_return_screen_only,,search_records/ac-q11.json#turn42search10,
search_return,ac-q11,2026-09-14,web.search_query,"""갯벌"" ""고립"" ""논문"" 조석",https://api-inference.huggingface.co/spaces/Qwen/Qwen3-ASR/blob/976bece4bc919768e5d96fe8ef1051b1d77d8d70/qwen_asr/inference/assets/korean_dict_jieba.dict,qwen_asr/inference/assets/korean_dict_jieba.dict · Qwen/Qwen3-ASR at 976bece4bc919768e5d96fe8ef1051b1d77d8d70,13,excluded,요구한 활동×환경×결과 관계와 무관하거나 연구 원문이 아님,search_return_screen_only,,search_records/ac-q11.json#turn42search11,
search_return,ac-q12,2026-09-14,web.search_query,"""Which Meteorological and Climatological Information Is Requested"" pdf",https://www.tesisenred.net/bitstream/handle/10803/687266/TESI%20Anna%20Boqu%C3%A9%20Ciurana.pdf?isAllowed=y&sequence=1,DEVELOPING CLIMATE SERVICES FOR SURFING ACTIVITY,17,not_prioritized,관련성 있는 주변 후보도 포함될 수 있으나 이번 제한된 원문검토 우선순위에서 미선정; 원문 미열람,search_return_screen_only,,search_records/ac-q12.json#turn43search12,
search_return,ac-q12,2026-09-14,web.search_query,"""Which Meteorological and Climatological Information Is Requested"" pdf",https://canviclimatic.gencat.cat/web/.content/03_AMBITS/Comite_Experts_CC/Publicacions/CECC_2025_Proposta-de-pressupostos-de-carboni-per-a-Catalunya.-Periode-2021-2035_informe.pdf,REFERÈNCIES,17,not_prioritized,관련성 있는 주변 후보도 포함될 수 있으나 이번 제한된 원문검토 우선순위에서 미선정; 원문 미열람,search_return_screen_only,,search_records/ac-q12.json#turn43search13,
search_return,ac-q12,2026-09-14,web.search_query,"""Which Meteorological and Climatological Information Is Requested"" pdf",https://accioclimatica.bibliotecadigital.gencat.cat/bitstream/handle/20.500.14343/1361/2025_Carbon_budget_proposal_Catalonia_%202021_2035_ENG.pdf?isAllowed=y&sequence=5,CARBON BUDGET,17,not_prioritized,관련성 있는 주변 후보도 포함될 수 있으나 이번 제한된 원문검토 우선순위에서 미선정; 원문 미열람,search_return_screen_only,,search_records/ac-q12.json#turn43search14,
search_return,ac-q12,2026-09-14,web.search_query,"""Which Meteorological and Climatological Information Is Requested"" pdf",https://accioclimatica.bibliotecadigital.gencat.cat/bitstream/handle/20.500.14343/1361/2025_Propuesta_Presupuestos_Carbono_Catalu%C3%B1a_2021_2035_SPA.pdf?isAllowed=y&sequence=4,PROPUESTA DE,17,not_prioritized,관련성 있는 주변 후보도 포함될 수 있으나 이번 제한된 원문검토 우선순위에서 미선정; 원문 미열람,search_return_screen_only,,search_records/ac-q12.json#turn43search15,
search_return,ac-q12,2026-09-14,web.search_query,"""Which Meteorological and Climatological Information Is Requested"" pdf",https://pric.unive.it/fileadmin/user_upload/WeCENT/documenti/LVelea-EMS2022.pdf,PowerPoint Presentation,17,excluded,요구한 활동×환경×결과 관계와 무관하거나 연구 원문이 아님,search_return_screen_only,,search_records/ac-q12.json#turn43search16,
search_return,ac-q12,2026-09-14,web.search_query,"""Which Meteorological and Climatological Information Is Requested"" pdf",https://researchid.co/annaboque,Anna Boqué Ciurana,17,not_prioritized,관련성 있는 주변 후보도 포함될 수 있으나 이번 제한된 원문검토 우선순위에서 미선정; 원문 미열람,search_return_screen_only,,search_records/ac-q12.json#turn43search0,
search_return,ac-q12,2026-09-14,web.search_query,"""Which Meteorological and Climatological Information Is Requested"" pdf",https://www.ncdc.noaa.gov/cdo-web/faq,Climate Data Online FAQ | Climate Data Online (CDO) | National Climatic Data Center (NCDC),17,not_prioritized,관련성 있는 주변 후보도 포함될 수 있으나 이번 제한된 원문검토 우선순위에서 미선정; 원문 미열람,search_return_screen_only,,search_records/ac-q12.json#turn43search1,
search_return,ac-q12,2026-09-14,web.search_query,"""Which Meteorological and Climatological Information Is Requested"" pdf",https://adscientificindex.com/scientist/anna-boque-ciurana/6169155/,Anna Boqué-Ciurana – Engineering & Technology /… | AD Scientific Index,17,not_prioritized,관련성 있는 주변 후보도 포함될 수 있으나 이번 제한된 원문검토 우선순위에서 미선정; 원문 미열람,search_return_screen_only,,search_records/ac-q12.json#turn43search2,
search_return,ac-q12,2026-09-14,web.search_query,"""Which Meteorological and Climatological Information Is Requested"" pdf",https://www.sciencedirect.com/science/article/abs/pii/S0964569125004983,Co-created climatologies for sea leisure activities and adaptation strategies in the central-western Mediterranean: Advancing sustainability and enhancing recreational experiences - ScienceDirect,17,not_prioritized,관련성 있는 주변 후보도 포함될 수 있으나 이번 제한된 원문검토 우선순위에서 미선정; 원문 미열람,search_return_screen_only,,search_records/ac-q12.json#turn43search3,
search_return,ac-q12,2026-09-14,web.search_query,"""Which Meteorological and Climatological Information Is Requested"" pdf",https://iris.urv.cat/en/ipublic/item/9187103,Which Meteorological and Climatological Information Is Requested for Better Surfing Experiences? A Survey-Based Analysis - Universitat Rovira i Virgili,17,duplicate_or_alternative_access,같은 연구의 재반환 또는 다른 접근주소; 독립연구로 세지 않음,search_return_screen_only,AC-S02,search_records/ac-q12.json#turn43search4,
search_return,ac-q12,2026-09-14,web.search_query,"""Which Meteorological and Climatological Information Is Requested"" pdf",https://iris.urv.cat/cat/ipublic/item/9187103,Which Meteorological and Climatological Information Is Requested for Better Surfing Experiences? A Survey-Based Analysis - Universitat Rovira i Virgili,17,duplicate_or_alternative_access,같은 연구의 재반환 또는 다른 접근주소; 독립연구로 세지 않음,search_return_screen_only,AC-S02,search_records/ac-q12.json#turn43search5,
search_return,ac-q12,2026-09-14,web.search_query,"""Which Meteorological and Climatological Information Is Requested"" pdf",https://www.applykite.com/professors/enric-aguilar-d16f73cd-112d-4bb4-b7ad-03c7ef6bc028,"Enric Aguilar at University Institute on Sustainability - Research Interests, Publications & Academic Profile | ApplyKite",17,not_prioritized,관련성 있는 주변 후보도 포함될 수 있으나 이번 제한된 원문검토 우선순위에서 미선정; 원문 미열람,search_return_screen_only,,search_records/ac-q12.json#turn43search6,
search_return,ac-q12,2026-09-14,web.search_query,"""Which Meteorological and Climatological Information Is Requested"" pdf",https://repositori.urv.cat/estatic/PC0011/ca_imarina9187103.html,Which Meteorological and Climatological Information Is Requested for Better Surfing Experiences? A Survey-Based Analysis,17,duplicate_or_alternative_access,같은 연구의 재반환 또는 다른 접근주소; 독립연구로 세지 않음,search_return_screen_only,AC-S02,search_records/ac-q12.json#turn43search7,
search_return,ac-q12,2026-09-14,web.search_query,"""Which Meteorological and Climatological Information Is Requested"" pdf",https://repositori.urv.cat/estatic/PC0011/en_imarina9187103.html,Which Meteorological and Climatological Information Is Requested for Better Surfing Experiences? A Survey-Based Analysis,17,duplicate_or_alternative_access,같은 연구의 재반환 또는 다른 접근주소; 독립연구로 세지 않음,search_return_screen_only,AC-S02,search_records/ac-q12.json#turn43search8,
search_return,ac-q12,2026-09-14,web.search_query,"""Which Meteorological and Climatological Information Is Requested"" pdf",https://agris.fao.org/search/en/providers/122436/records/690c7d4ce36ca62843600b06,Which Meteorological and Climatological Information Is Requested for Better Surfing Experiences? A Survey-Based Analysis,17,not_prioritized,주변 관련 후보; 직접 확인한 핵심 원연구·공식자료를 우선하며 전원문 검토는 수행하지 않음,search_return_screen_only,,search_records/ac-q12.json#turn43search9,
search_return,ac-q12,2026-09-14,web.search_query,"""Which Meteorological and Climatological Information Is Requested"" pdf",https://www.histsyn.com/2023/01/EYB1972.html,港史文本 - HK In Texts: Hong Kong Yearbook - Annual Report for the Year 1972,17,not_prioritized,관련성 있는 주변 후보도 포함될 수 있으나 이번 제한된 원문검토 우선순위에서 미선정; 원문 미열람,search_return_screen_only,,search_records/ac-q12.json#turn43search10,
search_return,ac-q12,2026-09-14,web.search_query,"""Which Meteorological and Climatological Information Is Requested"" pdf",https://ouci.dntb.gov.ua/works/732VxRQ9/,Climate and weather-related factors limiting outdoor activities and impacting tourism: Case studies in Slovenia,17,not_prioritized,관련성 있는 주변 후보도 포함될 수 있으나 이번 제한된 원문검토 우선순위에서 미선정; 원문 미열람,search_return_screen_only,,search_records/ac-q12.json#turn43search11,
search_return,ac-q13,2026-09-14,web.search_query,"""Thermal and cardiovascular responses"" ""Masuda"" pdf",https://www.sciencedirect.com/science/article/pii/S0306456519300750,Thermal and cardiovascular responses and thermal sensation during hot-water bathing and the influence of room temperature - ScienceDirect,17,selected_for_review,,search_return_screen_only,AC-S04,search_records/ac-q13.json#turn44search0,
search_return,ac-q13,2026-09-14,web.search_query,"""Thermal and cardiovascular responses"" ""Masuda"" pdf",https://pubmed.ncbi.nlm.nih.gov/31128663/,Thermal and cardiovascular responses and thermal sensation during hot-water bathing and the influence of room temperature - PubMed,17,duplicate_or_alternative_access,같은 연구의 재반환 또는 다른 접근주소; 독립연구로 세지 않음,search_return_screen_only,AC-S04,search_records/ac-q13.json#turn44search1,
search_return,ac-q13,2026-09-14,web.search_query,"""Thermal and cardiovascular responses"" ""Masuda"" pdf",https://www.sciencedirect.com/science/article/abs/pii/S0306456519300750,Thermal and cardiovascular responses and thermal sensation during hot-water bathing and the influence of room temperature - ScienceDirect,17,duplicate_or_alternative_access,같은 연구의 재반환 또는 다른 접근주소; 독립연구로 세지 않음,search_return_screen_only,AC-S04,search_records/ac-q13.json#turn44search2,
search_return,ac-q13,2026-09-14,web.search_query,"""Thermal and cardiovascular responses"" ""Masuda"" pdf",https://www.researchgate.net/publication/332004859_Thermal_and_cardiovascular_responses_and_thermal_sensation_during_hot-water_bathing_and_the_influence_of_room_temperature,Thermal and cardiovascular responses and thermal sensation during hot-water bathing and the influence of room temperature | Request PDF,17,not_prioritized,주변 관련 후보; 직접 확인한 핵심 원연구·공식자료를 우선하며 전원문 검토는 수행하지 않음,search_return_screen_only,,search_records/ac-q13.json#turn44search3,
search_return,ac-q13,2026-09-14,web.search_query,"""Thermal and cardiovascular responses"" ""Masuda"" pdf",https://mol.medicalonline.jp/archive/search?issue=1&jo=ck1onsen&vo=84&ye=2021,日本温泉気候物理医学会雑誌 84巻1号（日本温泉気候物理医学会） | 医学文献検索サービス メディカルオンライン,17,not_prioritized,관련성 있는 주변 후보도 포함될 수 있으나 이번 제한된 원문검토 우선순위에서 미선정; 원문 미열람,search_return_screen_only,,search_records/ac-q13.json#turn44search4,
search_return,ac-q13,2026-09-14,web.search_query,"""Thermal and cardiovascular responses"" ""Masuda"" pdf",https://waseda.elsevierpure.com/en/publications/thermal-and-cardiovascular-responses-and-thermal-sensation-during/,Thermal and cardiovascular responses and thermal sensation during hot-water bathing and the influence of room temperature - Waseda University,17,duplicate_or_alternative_access,같은 연구의 재반환 또는 다른 접근주소; 독립연구로 세지 않음,search_return_screen_only,AC-S04,search_records/ac-q13.json#turn44search5,
search_return,ac-q13,2026-09-14,web.search_query,"""Thermal and cardiovascular responses"" ""Masuda"" pdf",https://kaken.nii.ac.jp/file/KAKENHI-PROJECT-19H01128/19H01128seika.pdf,１版 様　式　Ｃ－１９、Ｆ－１９－１、Ｚ－１９ （共通） 科学研究費助成事業　　研究成果報告書 令和,17,not_prioritized,관련성 있는 주변 후보도 포함될 수 있으나 이번 제한된 원문검토 우선순위에서 미선정; 원문 미열람,search_return_screen_only,,search_records/ac-q13.json#turn44search12,
search_return,ac-q13,2026-09-14,web.search_query,"""Thermal and cardiovascular responses"" ""Masuda"" pdf",https://www.researchgate.net/profile/Yuta-Masuda,"Yuta MASUDA | Professor (Assistant) | Ph.D. | Kyoto Prefectural University, Kyoto | Research profile",17,not_prioritized,관련성 있는 주변 후보도 포함될 수 있으나 이번 제한된 원문검토 우선순위에서 미선정; 원문 미열람,search_return_screen_only,,search_records/ac-q13.json#turn44search6,
search_return,ac-q13,2026-09-14,web.search_query,"""Thermal and cardiovascular responses"" ""Masuda"" pdf",https://openalex.org/W2923635708,Thermal and cardiovascular responses and thermal sensation during hot-water bathing and the influence of room temperature,17,not_prioritized,주변 관련 후보; 직접 확인한 핵심 원연구·공식자료를 우선하며 전원문 검토는 수행하지 않음,search_return_screen_only,,search_records/ac-q13.json#turn44search7,
search_return,ac-q13,2026-09-14,web.search_query,"""Thermal and cardiovascular responses"" ""Masuda"" pdf",https://waseda.elsevierpure.com/ja/publications/thermal-and-cardiovascular-responses-and-thermal-sensation-during/,Thermal and cardiovascular responses and thermal sensation during hot-water bathing and the influence of room temperature - 早稲田大学,17,duplicate_or_alternative_access,같은 연구의 재반환 또는 다른 접근주소; 독립연구로 세지 않음,search_return_screen_only,AC-S04,search_records/ac-q13.json#turn44search8,
search_return,ac-q13,2026-09-14,web.search_query,"""Thermal and cardiovascular responses"" ""Masuda"" pdf",https://orcid.org/0000-0001-9643-5807,ORCID,17,excluded,요구한 활동×환경×결과 관계와 무관하거나 연구 원문이 아님,search_return_screen_only,,search_records/ac-q13.json#turn44search9,
search_return,ac-q13,2026-09-14,web.search_query,"""Thermal and cardiovascular responses"" ""Masuda"" pdf",https://waseda.repo.nii.ac.jp/record/2006676/files/NingenKagakuKenkyu_38_1_1.pdf,"人間科学研究　Vol.38, Supplement (2025)",17,not_prioritized,관련성 있는 주변 후보도 포함될 수 있으나 이번 제한된 원문검토 우선순위에서 미선정; 원문 미열람,search_return_screen_only,,search_records/ac-q13.json#turn44search13,
search_return,ac-q13,2026-09-14,web.search_query,"""Thermal and cardiovascular responses"" ""Masuda"" pdf",https://hpsc-network.jpnsport.go.jp/plugin/repositories/search/4/15?page=28&sort=title%7Casc,研究情報－JISSリポジトリ | High Performance Sport Center Network,17,not_prioritized,관련성 있는 주변 후보도 포함될 수 있으나 이번 제한된 원문검토 우선순위에서 미선정; 원문 미열람,search_return_screen_only,,search_records/ac-q13.json#turn44search10,
search_return,ac-q13,2026-09-14,web.search_query,"""Thermal and cardiovascular responses"" ""Masuda"" pdf",https://ymasu08.github.io/y-masu.github.io/works,,17,not_prioritized,관련성 있는 주변 후보도 포함될 수 있으나 이번 제한된 원문검토 우선순위에서 미선정; 원문 미열람,search_return_screen_only,,search_records/ac-q13.json#turn44search11,
search_return,ac-q13,2026-09-14,web.search_query,"""Thermal and cardiovascular responses"" ""Masuda"" pdf",https://www.nature.com/articles/s41467-025-57868-6.pdf,Meta-analysis of heat-induced changes in cardiac function from over 400 laboratory-based heat exposure studies,17,not_prioritized,관련성 있는 주변 후보도 포함될 수 있으나 이번 제한된 원문검토 우선순위에서 미선정; 원문 미열람,search_return_screen_only,,search_records/ac-q13.json#turn44search14,
search_return,ac-q13,2026-09-14,web.search_query,"""Thermal and cardiovascular responses"" ""Masuda"" pdf",https://waseda.repo.nii.ac.jp/record/73012/files/Shinsa-8923.pdf,２００６年６月１４日,17,not_prioritized,관련성 있는 주변 후보도 포함될 수 있으나 이번 제한된 원문검토 우선순위에서 미선정; 원문 미열람,search_return_screen_only,,search_records/ac-q13.json#turn44search15,
search_return,ac-q13,2026-09-14,web.search_query,"""Thermal and cardiovascular responses"" ""Masuda"" pdf",https://journals.rcsi.science/1997-0935/article/download/266702/245647,Подготовка горячей воды в автономных системах теплоснабжения,17,not_prioritized,관련성 있는 주변 후보도 포함될 수 있으나 이번 제한된 원문검토 우선순위에서 미선정; 원문 미열람,search_return_screen_only,,search_records/ac-q13.json#turn44search16,
search_return,ac-q14,2026-09-14,web.search_query,"""10.12652/Ksce.2026.46.1.0061""",https://kscejournal.or.kr/jksce/XmlViewer/f450647,JKSCE - KSCE JOURNAL OF CIVIL AND ENVIRONMENTAL ENGINEERING RESEARCH,3,handoff,해변/입수 안전 담당 총괄로 전달; AC 범위 중복추출하지 않음,search_return_screen_only,,search_records/ac-q14.json#turn70search0,
search_return,ac-q14,2026-09-14,web.search_query,"""10.12652/Ksce.2026.46.1.0061""",https://www.kci.go.kr/kciportal/ci/sereArticleSearch/ciSereArtiView.kci?sereArticleSearchBean.artiId=ART003301317,국립해양조사원 이안류 위험지수의 통계적 평가 연구,3,handoff,해변/입수 안전 담당 총괄로 전달; AC 범위 중복추출하지 않음,search_return_screen_only,,search_records/ac-q14.json#turn70search1,
search_return,ac-q14,2026-09-14,web.search_query,"""10.12652/Ksce.2026.46.1.0061""",https://auric.or.kr/User/Rdoc/DocRdoc.aspx?dn=450647&returnVal=RD_R,국립해양조사원 이안류 위험지수의 통계적 평가 연구 - AURIC,3,handoff,해변/입수 안전 담당 총괄로 전달; AC 범위 중복추출하지 않음,search_return_screen_only,,search_records/ac-q14.json#turn70search2,
search_return,ac-q15,2026-09-14,web.search_query,"""10.3390/su14148496""",https://www.mdpi.com/2071-1050/14/14/8496,Exploring the Climatic Potential of Somo’s Surf Spot for Tourist Destination Management,17,selected_for_review,,search_return_screen_only,AC-S09,search_records/ac-q15.json#turn71search0,
search_return,ac-q15,2026-09-14,web.search_query,"""10.3390/su14148496""",https://www.researchgate.net/publication/372606311_Sustainability_and_Climate_Services_Critique_Integration_and_Reimagination,"(PDF) Sustainability and Climate Services: Critique, Integration, and Reimagination",17,not_prioritized,관련성 있는 주변 후보도 포함될 수 있으나 이번 제한된 원문검토 우선순위에서 미선정; 원문 미열람,search_return_screen_only,,search_records/ac-q15.json#turn71search1,
search_return,ac-q15,2026-09-14,web.search_query,"""10.3390/su14148496""",https://iris.urv.cat/es/ipublic/item/9280430,Exploring the Climatic Potential of Somo's Surf Spot for Tourist Destination Management - Universitat Rovira i Virgili,17,duplicate_or_alternative_access,같은 연구의 재반환 또는 다른 접근주소; 독립연구로 세지 않음,search_return_screen_only,AC-S09,search_records/ac-q15.json#turn71search2,
search_return,ac-q15,2026-09-14,web.search_query,"""10.3390/su14148496""",https://mdpi-res.com/bookfiles/book/7510/Sustainability_and_Climate_Services_Critique_Integration_and_Reimagination.pdf?v=1780189673,"[Sustainability] Sustainability and Climate Services Critique, Integration, and Reimagination.-reprint2.pdf",17,not_prioritized,관련성 있는 주변 후보도 포함될 수 있으나 이번 제한된 원문검토 우선순위에서 미선정; 원문 미열람,search_return_screen_only,,search_records/ac-q15.json#turn71search12,
search_return,ac-q15,2026-09-14,web.search_query,"""10.3390/su14148496""",https://www.mdpi.com/journal/sustainability/special_issues/climate_service,"Sustainability | Special Issue : Sustainability and Climate Services: Critique, Integration, and Reimagination",17,not_prioritized,관련성 있는 주변 후보도 포함될 수 있으나 이번 제한된 원문검토 우선순위에서 미선정; 원문 미열람,search_return_screen_only,,search_records/ac-q15.json#turn71search3,
search_return,ac-q15,2026-09-14,web.search_query,"""10.3390/su14148496""",https://www.tandfonline.com/doi/abs/10.1080/23311886.2024.2407024,Full article: Climate change perceptions and experiences from tourists visiting popular destinations in South Africa,17,not_prioritized,관련성 있는 주변 후보도 포함될 수 있으나 이번 제한된 원문검토 우선순위에서 미선정; 원문 미열람,search_return_screen_only,,search_records/ac-q15.json#turn71search4,
search_return,ac-q15,2026-09-14,web.search_query,"""10.3390/su14148496""",https://repositori.urv.cat/estatic/PC0011/ca_imarina9280430.html,Exploring the Climatic Potential of Somo's Surf Spot for Tourist Destination Management,17,duplicate_or_alternative_access,같은 연구의 재반환 또는 다른 접근주소; 독립연구로 세지 않음,search_return_screen_only,AC-S09,search_records/ac-q15.json#turn71search5,
search_return,ac-q15,2026-09-14,web.search_query,"""10.3390/su14148496""",https://www.mendeley.com/catalogue/f10643b0-9ef2-3e41-976f-d9d8cd009ca4/,Exploring the Climatic Potential ... preview & related info | Mendeley,17,not_prioritized,관련성 있는 주변 후보도 포함될 수 있으나 이번 제한된 원문검토 우선순위에서 미선정; 원문 미열람,search_return_screen_only,,search_records/ac-q15.json#turn71search6,
search_return,ac-q15,2026-09-14,web.search_query,"""10.3390/su14148496""",https://repositori.urv.cat/repositori/getDocument/TDX%3A4207?ds=Memoria&mime=application%2Fpdf,UNIVERSITAT ROVIRA I VIRGILI,17,not_prioritized,관련성 있는 주변 후보도 포함될 수 있으나 이번 제한된 원문검토 우선순위에서 미선정; 원문 미열람,search_return_screen_only,,search_records/ac-q15.json#turn71search13,
search_return,ac-q15,2026-09-14,web.search_query,"""10.3390/su14148496""",https://mdpi-res.com/bookfiles/book/7510/Sustainability_and_Climate_Services_Critique_Integration_and_Reimagination.pdf?v=1708985117,"[Sustainability] Sustainability and Climate Services Critique, Integration, and Reimagination.-reprint2.pdf",17,not_prioritized,관련성 있는 주변 후보도 포함될 수 있으나 이번 제한된 원문검토 우선순위에서 미선정; 원문 미열람,search_return_screen_only,,search_records/ac-q15.json#turn71search14,
search_return,ac-q15,2026-09-14,web.search_query,"""10.3390/su14148496""",https://web.unican.es/portal-investigador/en/publications/publication-detail?pi=ART16971,Información de la publicación,17,not_prioritized,관련성 있는 주변 후보도 포함될 수 있으나 이번 제한된 원문검토 우선순위에서 미선정; 원문 미열람,search_return_screen_only,,search_records/ac-q15.json#turn71search7,
search_return,ac-q15,2026-09-14,web.search_query,"""10.3390/su14148496""",https://encyclopedia.pub/entry/25479,Climate and Surfing | Encyclopedia MDPI,17,not_prioritized,주변 관련 후보; 직접 확인한 핵심 원연구·공식자료를 우선하며 전원문 검토는 수행하지 않음,search_return_screen_only,,search_records/ac-q15.json#turn71search8,
search_return,ac-q15,2026-09-14,web.search_query,"""10.3390/su14148496""",https://www.grafiati.com/en/literature-selections/spa-climatic-resort/journal/,Journal articles: 'Spa climatic resort' – Grafiati,17,not_prioritized,관련성 있는 주변 후보도 포함될 수 있으나 이번 제한된 원문검토 우선순위에서 미선정; 원문 미열람,search_return_screen_only,,search_records/ac-q15.json#turn71search9,
search_return,ac-q15,2026-09-14,web.search_query,"""10.3390/su14148496""",https://mdpi-res.com/bookfiles/book/7510/Sustainability_and_Climate_Services_Critique_Integration_and_Reimagination.pdf?v=1748912770,Special Issue Reprint,17,not_prioritized,관련성 있는 주변 후보도 포함될 수 있으나 이번 제한된 원문검토 우선순위에서 미선정; 원문 미열람,search_return_screen_only,,search_records/ac-q15.json#turn71search15,
search_return,ac-q15,2026-09-14,web.search_query,"""10.3390/su14148496""",https://accioclimatica.bibliotecadigital.gencat.cat/bitstream/handle/20.500.14343/1361/2025_Propuesta_Presupuestos_Carbono_Catalu%C3%B1a_2021_2035_SPA.pdf?isAllowed=y&sequence=4,PROPUESTA DE,17,not_prioritized,관련성 있는 주변 후보도 포함될 수 있으나 이번 제한된 원문검토 우선순위에서 미선정; 원문 미열람,search_return_screen_only,,search_records/ac-q15.json#turn71search16,
search_return,ac-q15,2026-09-14,web.search_query,"""10.3390/su14148496""",https://encyclopedia.pub/entry/history/show/61525,Climate and Surfing | Encyclopedia MDPI,17,not_prioritized,주변 관련 후보; 직접 확인한 핵심 원연구·공식자료를 우선하며 전원문 검토는 수행하지 않음,search_return_screen_only,,search_records/ac-q15.json#turn71search10,
search_return,ac-q15,2026-09-14,web.search_query,"""10.3390/su14148496""",https://ouci.dntb.gov.ua/en/works/4YmrWNEq/,Indicators for Assessing Sustainability in Mediterranean Tourism Destinations: A Systematic Review,17,not_prioritized,관련성 있는 주변 후보도 포함될 수 있으나 이번 제한된 원문검토 우선순위에서 미선정; 원문 미열람,search_return_screen_only,,search_records/ac-q15.json#turn71search11,
search_return,ac-q16,2026-09-14,web.search_query,"""10.1016/j.scitotenv.2016.11.049""",https://pubmed.ncbi.nlm.nih.gov/27887836/,Modelling white-water rafting suitability in a hydropower regulated Alpine River - PubMed,18,selected_for_review,,search_return_screen_only,AC-S08,search_records/ac-q16.json#turn72search0,
search_return,ac-q16,2026-09-14,web.search_query,"""10.1016/j.scitotenv.2016.11.049""",https://www.sciencedirect.com/science/article/abs/pii/S0048969716324895,Modelling white-water rafting suitability in a hydropower regulated Alpine River - ScienceDirect,18,duplicate_or_alternative_access,같은 연구의 재반환 또는 다른 접근주소; 독립연구로 세지 않음,search_return_screen_only,AC-S08,search_records/ac-q16.json#turn72search1,
search_return,ac-q16,2026-09-14,web.search_query,"""10.1016/j.scitotenv.2016.11.049""",https://openalex.org/W2551758401,Modelling white-water rafting suitability in a hydropower regulated Alpine River,18,not_prioritized,주변 관련 후보; 직접 확인한 핵심 원연구·공식자료를 우선하며 전원문 검토는 수행하지 않음,search_return_screen_only,,search_records/ac-q16.json#turn72search2,
search_return,ac-q16,2026-09-14,web.search_query,"""10.1016/j.scitotenv.2016.11.049""",https://www.researchgate.net/publication/310772978_Modelling_white-water_rafting_suitability_in_a_hydropower_regulated_Alpine_River,Modelling white-water rafting suitability in a hydropower regulated Alpine River | Request PDF,18,not_prioritized,주변 관련 후보; 직접 확인한 핵심 원연구·공식자료를 우선하며 전원문 검토는 수행하지 않음,search_return_screen_only,,search_records/ac-q16.json#turn72search3,
search_return,ac-q16,2026-09-14,web.search_query,"""10.1016/j.scitotenv.2016.11.049""",https://hero.epa.gov/reference/8032671/,Modelling white-water rafting suitability in a hydropower regulated Alpine River,18,not_prioritized,주변 관련 후보; 직접 확인한 핵심 원연구·공식자료를 우선하며 전원문 검토는 수행하지 않음,search_return_screen_only,,search_records/ac-q16.json#turn72search4,
search_return,ac-q16,2026-09-14,web.search_query,"""10.1016/j.scitotenv.2016.11.049""",https://iris.unitn.it/handle/11572/177725,Modelling white-water rafting suitability in a hydropower regulated Alpine River,18,duplicate_or_alternative_access,같은 연구의 재반환 또는 다른 접근주소; 독립연구로 세지 않음,search_return_screen_only,AC-S08,search_records/ac-q16.json#turn72search5,
search_return,ac-q16,2026-09-14,web.search_query,"""10.1016/j.scitotenv.2016.11.049""",https://scispace.com/papers/modelling-white-water-rafting-suitability-in-a-hydropower-4p3p5x29h0,Modelling white-water rafting suitability in a hydropower regulated Alpine River. (2017) | Mauro Carolli | 24 Citations,18,not_prioritized,주변 관련 후보; 직접 확인한 핵심 원연구·공식자료를 우선하며 전원문 검토는 수행하지 않음,search_return_screen_only,,search_records/ac-q16.json#turn72search6,
search_return,ac-q16,2026-09-14,web.search_query,"""10.1016/j.scitotenv.2016.11.049""",https://planes.dicam.unitn.it/papers/,Journal Articles – PLANES,18,not_prioritized,관련성 있는 주변 후보도 포함될 수 있으나 이번 제한된 원문검토 우선순위에서 미선정; 원문 미열람,search_return_screen_only,,search_records/ac-q16.json#turn72search7,
search_return,ac-q16,2026-09-14,web.search_query,"""10.1016/j.scitotenv.2016.11.049""",https://www.research-collection.ethz.ch/handle/20.500.11850/125471,Modelling white-water rafting suitability in a hydropower regulated Alpine River,18,duplicate_or_alternative_access,같은 연구의 재반환 또는 다른 접근주소; 독립연구로 세지 않음,search_return_screen_only,AC-S08,search_records/ac-q16.json#turn72search8,
search_return,ac-q16,2026-09-14,web.search_query,"""10.1016/j.scitotenv.2016.11.049""",https://ethz.ch/content/dam/ethz/special-interest/baug/vaw/vaw-dam/documents/das-institut/jahresberichte/2010-2019/jahresbericht-2016.pdf,Jahresbericht 2016,18,not_prioritized,관련성 있는 주변 후보도 포함될 수 있으나 이번 제한된 원문검토 우선순위에서 미선정; 원문 미열람,search_return_screen_only,,search_records/ac-q16.json#turn72search12,
search_return,ac-q16,2026-09-14,web.search_query,"""10.1016/j.scitotenv.2016.11.049""",https://orcid.org/0000-0003-2807-7387,ORCID,18,excluded,요구한 활동×환경×결과 관계와 무관하거나 연구 원문이 아님,search_return_screen_only,,search_records/ac-q16.json#turn72search9,
search_return,ac-q16,2026-09-14,web.search_query,"""10.1016/j.scitotenv.2016.11.049""",https://orcid.org/0000-0001-9625-8441,ORCID,18,excluded,요구한 활동×환경×결과 관계와 무관하거나 연구 원문이 아님,search_return_screen_only,,search_records/ac-q16.json#turn72search10,
search_return,ac-q16,2026-09-14,web.search_query,"""10.1016/j.scitotenv.2016.11.049""",https://www.igb-berlin.de/sites/default/files/media-files/CVEng.pdf,Curriculum vitae,18,excluded,요구한 활동×환경×결과 관계와 무관하거나 연구 원문이 아님,search_return_screen_only,,search_records/ac-q16.json#turn72search13,
search_return,ac-q16,2026-09-14,web.search_query,"""10.1016/j.scitotenv.2016.11.049""",https://scispace.com/authors/guido-zolezzi-3sfdam0nm3?papers_page=16,Guido Zolezzi | University of Trento | 106 Publications | 378 Citations | Related Authors,18,not_prioritized,관련성 있는 주변 후보도 포함될 수 있으나 이번 제한된 원문검토 우선순위에서 미선정; 원문 미열람,search_return_screen_only,,search_records/ac-q16.json#turn72search11,
search_return,ac-q16,2026-09-14,web.search_query,"""10.1016/j.scitotenv.2016.11.049""",https://digitalcollection.zhaw.ch/bitstream/11475/26619/3/2023_Alp-etal_An-international-network-on-hydropeaking-research-practice-policy_RRA_AAM.pdf,This is the peer reviewed version of the following article:,18,not_prioritized,관련성 있는 주변 후보도 포함될 수 있으나 이번 제한된 원문검토 우선순위에서 미선정; 원문 미열람,search_return_screen_only,,search_records/ac-q16.json#turn72search14,
search_return,ac-q16,2026-09-14,web.search_query,"""10.1016/j.scitotenv.2016.11.049""",https://oulurepo.oulu.fi/bitstream/handle/10024/47614/nbnfioulu-202402021560.pdf?isAllowed=y&sequence=1,Science of the Total Environment 912 (2024) 169385,18,not_prioritized,관련성 있는 주변 후보도 포함될 수 있으나 이번 제한된 원문검토 우선순위에서 미선정; 원문 미열람,search_return_screen_only,,search_records/ac-q16.json#turn72search15,
search_return,ac-q16,2026-09-14,web.search_query,"""10.1016/j.scitotenv.2016.11.049""",https://www.danielhayes.at/_files/ugd/c09f97_f3fab6172f264102a1d43c8005285532.pdf?index=true,Received: 7 February 2022,18,not_prioritized,관련성 있는 주변 후보도 포함될 수 있으나 이번 제한된 원문검토 우선순위에서 미선정; 원문 미열람,search_return_screen_only,,search_records/ac-q16.json#turn72search16,
search_return,ac-q16,2026-09-14,web.search_query,"""10.1016/j.scitotenv.2016.11.049""",https://www.rehydro.eu/wp-content/uploads/2024/12/D10.1-Project-Management-Plan-1.pdf,Demonstration of Sustainable,18,not_prioritized,관련성 있는 주변 후보도 포함될 수 있으나 이번 제한된 원문검토 우선순위에서 미선정; 원문 미열람,search_return_screen_only,,search_records/ac-q16.json#turn72search17,
search_return,ac-q17,2026-09-14,web.search_query,"""Classification of surf breaks in relation to surfing skill"" Hutt 2001",https://ref.coastalrestorationtrust.org.nz/documents/classification-of-surf-breaks-in-relation-to-surfing-skill/,Classification of surf breaks in relation to surfing skill • Coastal Dune Ecosystem Reference Database,18,bibliographic_trace,"원조 임계값 추적; 공개 원문 미확보, 효과 근거 미추출",search_return_screen_only,,search_records/ac-q17.json#turn79search0,
search_return,ac-q17,2026-09-14,web.search_query,"""Classification of surf breaks in relation to surfing skill"" Hutt 2001",https://www.researchgate.net/publication/277019083_Classification_of_Surf_Breaks_in_Relation_to_Surfing_Skill_In_K_Black_ed_Natural_and_Artificial_Reefs_for_Surfing_and_Coastal_Protection,Classification of Surf Breaks in Relation to Surfing Skill. In: K. Black (ed) Natural and Artificial Reefs for Surfing and Coastal Protection. | Request PDF,18,bibliographic_trace,"원조 임계값 추적; 공개 원문 미확보, 효과 근거 미추출",search_return_screen_only,,search_records/ac-q17.json#turn79search1,
search_return,ac-q17,2026-09-14,web.search_query,"""Classification of surf breaks in relation to surfing skill"" Hutt 2001",https://www.waikatoregion.govt.nz/assets/WRC/WRC-2019/TR201719.pdf,Waikato Region Surf Breaks,18,not_prioritized,주변 관련 후보; 직접 확인한 핵심 원연구·공식자료를 우선하며 전원문 검토는 수행하지 않음,search_return_screen_only,,search_records/ac-q17.json#turn79search12,
search_return,ac-q17,2026-09-14,web.search_query,"""Classification of surf breaks in relation to surfing skill"" Hutt 2001",https://www.trc.govt.nz/assets/Documents/Plans-policies/CoastalPlan/Proposed2018/Background/SignificanceCriteria-w.pdf,Regional significance criteria for the assessment of surf breaks,18,not_prioritized,주변 관련 후보; 직접 확인한 핵심 원연구·공식자료를 우선하며 전원문 검토는 수행하지 않음,search_return_screen_only,,search_records/ac-q17.json#turn79search13,
search_return,ac-q17,2026-09-14,web.search_query,"""Classification of surf breaks in relation to surfing skill"" Hutt 2001",https://www.surfbreak.org.nz/wp-content/uploads/2014/01/Planning-approaches-for-the-management-of-Surf-Breaks-in-New-Zealand_Skellern-et-al-2013.pdf,Planning approaches for the  management of surf breaks in New Zealand,18,not_prioritized,주변 관련 후보; 직접 확인한 핵심 원연구·공식자료를 우선하며 전원문 검토는 수행하지 않음,search_return_screen_only,,search_records/ac-q17.json#turn79search14,
search_return,ac-q17,2026-09-14,web.search_query,"""Classification of surf breaks in relation to surfing skill"" Hutt 2001",https://scispace.com/papers/the-science-of-surfing-waves-and-surfing-breaks-a-review-2k2kyup5pn,(Open Access) The Science of Surfing Waves and Surfing Breaks - A Review (2003) | B. E. Scarfe | 48 Citations,18,not_prioritized,주변 관련 후보; 직접 확인한 핵심 원연구·공식자료를 우선하며 전원문 검토는 수행하지 않음,search_return_screen_only,,search_records/ac-q17.json#turn79search2,
search_return,ac-q17,2026-09-14,web.search_query,"""Classification of surf breaks in relation to surfing skill"" Hutt 2001",https://www.scribd.com/document/269801/Isbn-0-473-09801-6-Scarfe-Surfscience,Science of Surfing Waves and Breaks | PDF | Physical Oceanography | Earth Sciences,18,not_prioritized,주변 관련 후보; 직접 확인한 핵심 원연구·공식자료를 우선하며 전원문 검토는 수행하지 않음,search_return_screen_only,,search_records/ac-q17.json#turn79search3,
search_return,ac-q17,2026-09-14,web.search_query,"""Classification of surf breaks in relation to surfing skill"" Hutt 2001",https://www.mdpi.com/2077-1312/8/8/599,Expected Distribution of Surfing Days in the Iberian Peninsula | MDPI,18,not_prioritized,주변 관련 후보; 직접 확인한 핵심 원연구·공식자료를 우선하며 전원문 검토는 수행하지 않음,search_return_screen_only,,search_records/ac-q17.json#turn79search4,
search_return,ac-q17,2026-09-14,web.search_query,"""Classification of surf breaks in relation to surfing skill"" Hutt 2001",https://escholarship.org/content/qt6h72j1fz/qt6h72j1fz_noSplash_e9acf23aaf1f89711020355d7c3f66eb.pdf?t=lnpkzx,The Science of Surfing Waves and Surfing Breaks - A Review,18,not_prioritized,주변 관련 후보; 직접 확인한 핵심 원연구·공식자료를 우선하며 전원문 검토는 수행하지 않음,search_return_screen_only,,search_records/ac-q17.json#turn79search15,
search_return,ac-q17,2026-09-14,web.search_query,"""Classification of surf breaks in relation to surfing skill"" Hutt 2001",https://bioone.org/journals/journal-of-coastal-research/volume-24/issue-9/08-0999.1/Sustainable-Management-of-Surfing-Breaks-Case-Studies-and-Recommendations/10.2112/08-0999.1.full,Sustainable Management of Surfing Breaks: Case Studies and Recommendations,18,not_prioritized,주변 관련 후보; 직접 확인한 핵심 원연구·공식자료를 우선하며 전원문 검토는 수행하지 않음,search_return_screen_only,,search_records/ac-q17.json#turn79search5,
search_return,ac-q17,2026-09-14,web.search_query,"""Classification of surf breaks in relation to surfing skill"" Hutt 2001",https://ndltd.ncl.edu.tw/cgi-bin/gs32/gsweb.cgi/login?o=dnclcdr&s=id%3D%22109NKUS0571004%22.&searchmode=basic,衝浪活動整體條件評估與分級研究__臺灣博碩士論文知識加值系統,18,not_prioritized,관련성 있는 주변 후보도 포함될 수 있으나 이번 제한된 원문검토 우선순위에서 미선정; 원문 미열람,search_return_screen_only,,search_records/ac-q17.json#turn79search6,
search_return,ac-q17,2026-09-14,web.search_query,"""Classification of surf breaks in relation to surfing skill"" Hutt 2001",https://ref.coastalrestorationtrust.org.nz/site/assets/files/7962/scarfe_etal_transtasmansurveyorpaper2002.pdf,Surfing breaks are made up of a complex array of interlinked reef components,18,not_prioritized,주변 관련 후보; 직접 확인한 핵심 원연구·공식자료를 우선하며 전원문 검토는 수행하지 않음,search_return_screen_only,,search_records/ac-q17.json#turn79search16,
search_return,ac-q17,2026-09-14,web.search_query,"""Classification of surf breaks in relation to surfing skill"" Hutt 2001",https://researchcommons.waikato.ac.nz/server/api/core/bitstreams/76fd797b-da04-4da8-918b-a70bfbd1b193/content,The Development of Tools and Guidelines for Surfing Resource Management,18,not_prioritized,주변 관련 후보; 직접 확인한 핵심 원연구·공식자료를 우선하며 전원문 검토는 수행하지 않음,search_return_screen_only,,search_records/ac-q17.json#turn79search17,
search_return,ac-q17,2026-09-14,web.search_query,"""Classification of surf breaks in relation to surfing skill"" Hutt 2001",https://patents.google.com/patent/US20190329115A1/en,US20190329115A1 - Wave Energy and Rip Current Control System for Surf Pools - Google Patents,18,not_prioritized,주변 관련 후보; 직접 확인한 핵심 원연구·공식자료를 우선하며 전원문 검토는 수행하지 않음,search_return_screen_only,,search_records/ac-q17.json#turn79search7,
search_return,ac-q17,2026-09-14,web.search_query,"""Classification of surf breaks in relation to surfing skill"" Hutt 2001",https://connectsci.au/hc/article/11/1/47/34930/Lifetime-prevalence-of-exostoses-in-New-Zealand,Lifetime prevalence of exostoses in New Zealand surfers | Journal of Primary Health Care | ConnectSci,18,not_prioritized,주변 관련 후보; 직접 확인한 핵심 원연구·공식자료를 우선하며 전원문 검토는 수행하지 않음,search_return_screen_only,,search_records/ac-q17.json#turn79search8,
search_return,ac-q17,2026-09-14,web.search_query,"""Classification of surf breaks in relation to surfing skill"" Hutt 2001",https://www.jstor.org/stable/26851745,Investigations of Offshore Wave Preconditioning | JSTOR,18,not_prioritized,관련성 있는 주변 후보도 포함될 수 있으나 이번 제한된 원문검토 우선순위에서 미선정; 원문 미열람,search_return_screen_only,,search_records/ac-q17.json#turn79search9,
search_return,ac-q17,2026-09-14,web.search_query,"""Classification of surf breaks in relation to surfing skill"" Hutt 2001",https://www.frontiersin.org/journals/sports-and-active-living/articles/10.3389/fspor.2024.1458268/full,"Frontiers | The effects of a land-based warm-up and accompanying passive heat retention on core body temperature, hormones, and subsequent performance in elite surfers",18,not_prioritized,주변 관련 후보; 직접 확인한 핵심 원연구·공식자료를 우선하며 전원문 검토는 수행하지 않음,search_return_screen_only,,search_records/ac-q17.json#turn79search10,
search_return,ac-q17,2026-09-14,web.search_query,"""Classification of surf breaks in relation to surfing skill"" Hutt 2001",https://ascelibrary.org/doi/10.1061/%28ASCE%29HY.1943-7900.0000177,"Wave and Flow Response to an Artificial Surf Reef: Laboratory Measurements | Journal of Hydraulic Engineering | Vol 136, No 5",18,not_prioritized,주변 관련 후보; 직접 확인한 핵심 원연구·공식자료를 우선하며 전원문 검토는 수행하지 않음,search_return_screen_only,,search_records/ac-q17.json#turn79search11,
search_return,ac-search1,2026-09-14,web.search_query,"[{""q"": ""surfers wave height period wind preference skill discrete choice study""}, {""q"": ""whitewater rafting flow discharge preference satisfaction Shelby Whittaker study""}, {""q"": ""hot spring bathing water ambient temperature thermal comfort experiment""}, {""q"": ""tidal flat recreation visitor tidal stranding safety study""}]",https://www.lib.uidaho.edu/digital/rrrd/items/rrrd160.html,Using surveys to document effects of streamflows on whitewater rafting | River Recreation Research Database,28,not_prioritized,주변 관련 후보; 직접 확인한 핵심 원연구·공식자료를 우선하며 전원문 검토는 수행하지 않음,search_return_screen_only,,search_records/ac-search1.json#turn4search0,
search_return,ac-search1,2026-09-14,web.search_query,"[{""q"": ""surfers wave height period wind preference skill discrete choice study""}, {""q"": ""whitewater rafting flow discharge preference satisfaction Shelby Whittaker study""}, {""q"": ""hot spring bathing water ambient temperature thermal comfort experiment""}, {""q"": ""tidal flat recreation visitor tidal stranding safety study""}]",https://www.sciencedirect.com/science/article/pii/S0306456519300750,Thermal and cardiovascular responses and thermal sensation during hot-water bathing and the influence of room temperature - ScienceDirect,28,duplicate_or_alternative_access,같은 연구의 재반환 또는 다른 접근주소; 독립연구로 세지 않음,search_return_screen_only,AC-S04,search_records/ac-search1.json#turn4search1,
search_return,ac-search1,2026-09-14,web.search_query,"[{""q"": ""surfers wave height period wind preference skill discrete choice study""}, {""q"": ""whitewater rafting flow discharge preference satisfaction Shelby Whittaker study""}, {""q"": ""hot spring bathing water ambient temperature thermal comfort experiment""}, {""q"": ""tidal flat recreation visitor tidal stranding safety study""}]",https://link.springer.com/article/10.1007/s00267-016-0754-7,Setting Preferences of High and Low Use River Recreationists: How Different are They? | Environmental Management | Springer Nature Link,28,not_prioritized,관련성 있는 주변 후보도 포함될 수 있으나 이번 제한된 원문검토 우선순위에서 미선정; 원문 미열람,search_return_screen_only,,search_records/ac-search1.json#turn4search2,
search_return,ac-search1,2026-09-14,web.search_query,"[{""q"": ""surfers wave height period wind preference skill discrete choice study""}, {""q"": ""whitewater rafting flow discharge preference satisfaction Shelby Whittaker study""}, {""q"": ""hot spring bathing water ambient temperature thermal comfort experiment""}, {""q"": ""tidal flat recreation visitor tidal stranding safety study""}]",https://www.sciencedirect.com/science/article/pii/S0261517710000488,The relationship between white-water rafting experience formation and customer reaction: a flow theory perspective - ScienceDirect,28,not_prioritized,주변 관련 후보; 직접 확인한 핵심 원연구·공식자료를 우선하며 전원문 검토는 수행하지 않음,search_return_screen_only,,search_records/ac-search1.json#turn4search3,
search_return,ac-search1,2026-09-14,web.search_query,"[{""q"": ""surfers wave height period wind preference skill discrete choice study""}, {""q"": ""whitewater rafting flow discharge preference satisfaction Shelby Whittaker study""}, {""q"": ""hot spring bathing water ambient temperature thermal comfort experiment""}, {""q"": ""tidal flat recreation visitor tidal stranding safety study""}]",https://www.sciencedirect.com/science/article/pii/S1572347X05800291/pdf?md5=abb3208b82a136f937003273a909118a&pid=1-s2.0-S1572347X05800291-main.pdf,Effects of bath water and bathroom temperatures on human thermoregulatory function and thermal perception during half-body bathing in winter - ScienceDirect,28,not_prioritized,주변 관련 후보; 직접 확인한 핵심 원연구·공식자료를 우선하며 전원문 검토는 수행하지 않음,search_return_screen_only,,search_records/ac-search1.json#turn4search4,
search_return,ac-search1,2026-09-14,web.search_query,"[{""q"": ""surfers wave height period wind preference skill discrete choice study""}, {""q"": ""whitewater rafting flow discharge preference satisfaction Shelby Whittaker study""}, {""q"": ""hot spring bathing water ambient temperature thermal comfort experiment""}, {""q"": ""tidal flat recreation visitor tidal stranding safety study""}]",https://www.smud.org/vi/-/media/Documents/Corporate/Environmental-Leadership/Hydro/hydro-rel-rpt-IHWWBoatFlow.ashx,"Ice House Reach Whitewater Boating Flow Study Technical Report, September 2004",28,not_prioritized,주변 관련 후보; 직접 확인한 핵심 원연구·공식자료를 우선하며 전원문 검토는 수행하지 않음,search_return_screen_only,,search_records/ac-search1.json#turn4search12,
search_return,ac-search1,2026-09-14,web.search_query,"[{""q"": ""surfers wave height period wind preference skill discrete choice study""}, {""q"": ""whitewater rafting flow discharge preference satisfaction Shelby Whittaker study""}, {""q"": ""hot spring bathing water ambient temperature thermal comfort experiment""}, {""q"": ""tidal flat recreation visitor tidal stranding safety study""}]",https://www.researchgate.net/publication/248982266_Evaluating_Instream_Flows_for_Recreation_Applying_the_Structural_Norm_Approach_to_Biophysical_Conditions,(PDF) Evaluating Instream Flows for Recreation: Applying the Structural Norm Approach to Biophysical Conditions,28,not_prioritized,주변 관련 후보; 직접 확인한 핵심 원연구·공식자료를 우선하며 전원문 검토는 수행하지 않음,search_return_screen_only,,search_records/ac-search1.json#turn4search5,
search_return,ac-search1,2026-09-14,web.search_query,"[{""q"": ""surfers wave height period wind preference skill discrete choice study""}, {""q"": ""whitewater rafting flow discharge preference satisfaction Shelby Whittaker study""}, {""q"": ""hot spring bathing water ambient temperature thermal comfort experiment""}, {""q"": ""tidal flat recreation visitor tidal stranding safety study""}]",https://pmc.ncbi.nlm.nih.gov/articles/PMC8600816/,Comparison of low-concentration carbon dioxide-enriched and tap water immersion on body temperature after passive heating - PMC,28,not_prioritized,관련성 있는 주변 후보도 포함될 수 있으나 이번 제한된 원문검토 우선순위에서 미선정; 원문 미열람,search_return_screen_only,,search_records/ac-search1.json#turn4search6,
search_return,ac-search1,2026-09-14,web.search_query,"[{""q"": ""surfers wave height period wind preference skill discrete choice study""}, {""q"": ""whitewater rafting flow discharge preference satisfaction Shelby Whittaker study""}, {""q"": ""hot spring bathing water ambient temperature thermal comfort experiment""}, {""q"": ""tidal flat recreation visitor tidal stranding safety study""}]",https://www.researchgate.net/publication/237419118_Assessing_and_Evaluating_Recreational_Uses_of_Water_Resources_Implications_for_an_Integrated_Management_Framework,(PDF) Assessing and Evaluating Recreational Uses of Water Resources: Implications for an Integrated Management Framework,28,not_prioritized,관련성 있는 주변 후보도 포함될 수 있으나 이번 제한된 원문검토 우선순위에서 미선정; 원문 미열람,search_return_screen_only,,search_records/ac-search1.json#turn4search7,
search_return,ac-search1,2026-09-14,web.search_query,"[{""q"": ""surfers wave height period wind preference skill discrete choice study""}, {""q"": ""whitewater rafting flow discharge preference satisfaction Shelby Whittaker study""}, {""q"": ""hot spring bathing water ambient temperature thermal comfort experiment""}, {""q"": ""tidal flat recreation visitor tidal stranding safety study""}]",https://www.sciencedirect.com/org/science/article/abs/pii/S2042678X16000226,The tragedy of the waves - ScienceDirect,28,not_prioritized,관련성 있는 주변 후보도 포함될 수 있으나 이번 제한된 원문검토 우선순위에서 미선정; 원문 미열람,search_return_screen_only,,search_records/ac-search1.json#turn4search8,
search_return,ac-search1,2026-09-14,web.search_query,"[{""q"": ""surfers wave height period wind preference skill discrete choice study""}, {""q"": ""whitewater rafting flow discharge preference satisfaction Shelby Whittaker study""}, {""q"": ""hot spring bathing water ambient temperature thermal comfort experiment""}, {""q"": ""tidal flat recreation visitor tidal stranding safety study""}]",https://www.researchgate.net/publication/350133691_Quantifying_the_impacts_of_water_abstraction_on_kayaking_and_rafting_values_in_the_Rangitata_River_Canterbury_New_Zealand,"(PDF) Quantifying the impacts of water abstraction on kayaking and rafting values in the Rangitata River, Canterbury, New Zealand",28,not_prioritized,주변 관련 후보; 직접 확인한 핵심 원연구·공식자료를 우선하며 전원문 검토는 수행하지 않음,search_return_screen_only,,search_records/ac-search1.json#turn4search9,
search_return,ac-search1,2026-09-14,web.search_query,"[{""q"": ""surfers wave height period wind preference skill discrete choice study""}, {""q"": ""whitewater rafting flow discharge preference satisfaction Shelby Whittaker study""}, {""q"": ""hot spring bathing water ambient temperature thermal comfort experiment""}, {""q"": ""tidal flat recreation visitor tidal stranding safety study""}]",https://pubmed.ncbi.nlm.nih.gov/9737754/,Comparison of responses of men to immersion in circulating water at 40.0 and 41.5 degrees C.,28,selected_for_review,,search_return_screen_only,AC-S05,search_records/ac-search1.json#turn4search10,
search_return,ac-search1,2026-09-14,web.search_query,"[{""q"": ""surfers wave height period wind preference skill discrete choice study""}, {""q"": ""whitewater rafting flow discharge preference satisfaction Shelby Whittaker study""}, {""q"": ""hot spring bathing water ambient temperature thermal comfort experiment""}, {""q"": ""tidal flat recreation visitor tidal stranding safety study""}]",https://pmc.ncbi.nlm.nih.gov/articles/PMC8208095/,Heat Reacclimation Using Exercise or Hot Water Immersion - PMC,28,not_prioritized,관련성 있는 주변 후보도 포함될 수 있으나 이번 제한된 원문검토 우선순위에서 미선정; 원문 미열람,search_return_screen_only,,search_records/ac-search1.json#turn4search11,
search_return,ac-search1,2026-09-14,web.search_query,"[{""q"": ""surfers wave height period wind preference skill discrete choice study""}, {""q"": ""whitewater rafting flow discharge preference satisfaction Shelby Whittaker study""}, {""q"": ""hot spring bathing water ambient temperature thermal comfort experiment""}, {""q"": ""tidal flat recreation visitor tidal stranding safety study""}]",https://site-media.americanwhitewater.org/Document_521.pdf,Flow-Recreation Study,28,not_prioritized,주변 관련 후보; 직접 확인한 핵심 원연구·공식자료를 우선하며 전원문 검토는 수행하지 않음,search_return_screen_only,,search_records/ac-search1.json#turn4search13,
search_return,ac-search1,2026-09-14,web.search_query,"[{""q"": ""surfers wave height period wind preference skill discrete choice study""}, {""q"": ""whitewater rafting flow discharge preference satisfaction Shelby Whittaker study""}, {""q"": ""hot spring bathing water ambient temperature thermal comfort experiment""}, {""q"": ""tidal flat recreation visitor tidal stranding safety study""}]",https://site-media.americanwhitewater.org/Document_1265.pdf,"Defining	  Recreational	  Flow	  Needs	  on	  the	  North	  Fork	  of	  the	  Virgin	  River,	  Utah",28,not_prioritized,주변 관련 후보; 직접 확인한 핵심 원연구·공식자료를 우선하며 전원문 검토는 수행하지 않음,search_return_screen_only,,search_records/ac-search1.json#turn4search14,
search_return,ac-search1,2026-09-14,web.search_query,"[{""q"": ""surfers wave height period wind preference skill discrete choice study""}, {""q"": ""whitewater rafting flow discharge preference satisfaction Shelby Whittaker study""}, {""q"": ""hot spring bathing water ambient temperature thermal comfort experiment""}, {""q"": ""tidal flat recreation visitor tidal stranding safety study""}]",https://ira.lib.polyu.edu.hk/bitstream/10397/116558/1/Wong_Experimental_Study_Human.pdf,This is the Pre-Published Version.,28,not_prioritized,관련성 있는 주변 후보도 포함될 수 있으나 이번 제한된 원문검토 우선순위에서 미선정; 원문 미열람,search_return_screen_only,,search_records/ac-search1.json#turn4search15,
search_return,ac-search1,2026-09-14,web.search_query,"[{""q"": ""surfers wave height period wind preference skill discrete choice study""}, {""q"": ""whitewater rafting flow discharge preference satisfaction Shelby Whittaker study""}, {""q"": ""hot spring bathing water ambient temperature thermal comfort experiment""}, {""q"": ""tidal flat recreation visitor tidal stranding safety study""}]",https://www.jstage.jst.go.jp/article/jhes/3/1/3_3_1_027/_pdf,Journal of the Human-Environment System,28,not_prioritized,관련성 있는 주변 후보도 포함될 수 있으나 이번 제한된 원문검토 우선순위에서 미선정; 원문 미열람,search_return_screen_only,,search_records/ac-search1.json#turn4search16,
search_return,ac-search1,2026-09-14,web.search_query,"[{""q"": ""surfers wave height period wind preference skill discrete choice study""}, {""q"": ""whitewater rafting flow discharge preference satisfaction Shelby Whittaker study""}, {""q"": ""hot spring bathing water ambient temperature thermal comfort experiment""}, {""q"": ""tidal flat recreation visitor tidal stranding safety study""}]",https://npshistory.com/publications/rtca/nri/flows-recreation.pdf,"Doug Whittaker, Bo Shelby, & John Gangemi",28,not_prioritized,관련성 있는 주변 후보도 포함될 수 있으나 이번 제한된 원문검토 우선순위에서 미선정; 원문 미열람,search_return_screen_only,,search_records/ac-search1.json#turn4search17,
search_return,ac-search1,2026-09-14,web.search_query,"[{""q"": ""surfers wave height period wind preference skill discrete choice study""}, {""q"": ""whitewater rafting flow discharge preference satisfaction Shelby Whittaker study""}, {""q"": ""hot spring bathing water ambient temperature thermal comfort experiment""}, {""q"": ""tidal flat recreation visitor tidal stranding safety study""}]",https://www.reddit.com/r/theydidthemath/comments/17ju9v4,[request] I am pouring 150 l of water at flow rate 12 l/minute into a bathtub. The water has 65C. What is the final temperature once the bath is full?,28,excluded,비원자료/비공식 홍보·커뮤니티·백과 또는 주제무관; 수치규칙의 과학근거로 미채택,search_return_screen_only,,search_records/ac-search1.json#turn4reddit18,
search_return,ac-search1,2026-09-14,web.search_query,"[{""q"": ""surfers wave height period wind preference skill discrete choice study""}, {""q"": ""whitewater rafting flow discharge preference satisfaction Shelby Whittaker study""}, {""q"": ""hot spring bathing water ambient temperature thermal comfort experiment""}, {""q"": ""tidal flat recreation visitor tidal stranding safety study""}]",https://arxiv.org/abs/2309.15878,Mapping tidal flat topography using time-series Sentinel-2 images and ICESat-2 data: A case study in Cixi City,28,not_prioritized,관련성 있는 주변 후보도 포함될 수 있으나 이번 제한된 원문검토 우선순위에서 미선정; 원문 미열람,search_return_screen_only,,search_records/ac-search1.json#turn4academia19,
search_return,ac-search1,2026-09-14,web.search_query,"[{""q"": ""surfers wave height period wind preference skill discrete choice study""}, {""q"": ""whitewater rafting flow discharge preference satisfaction Shelby Whittaker study""}, {""q"": ""hot spring bathing water ambient temperature thermal comfort experiment""}, {""q"": ""tidal flat recreation visitor tidal stranding safety study""}]",https://en.wikipedia.org/wiki/Surfing,Surfing,28,excluded,비원자료/비공식 홍보·커뮤니티·백과 또는 주제무관; 수치규칙의 과학근거로 미채택,search_return_screen_only,,search_records/ac-search1.json#turn4search20,
search_return,ac-search1,2026-09-14,web.search_query,"[{""q"": ""surfers wave height period wind preference skill discrete choice study""}, {""q"": ""whitewater rafting flow discharge preference satisfaction Shelby Whittaker study""}, {""q"": ""hot spring bathing water ambient temperature thermal comfort experiment""}, {""q"": ""tidal flat recreation visitor tidal stranding safety study""}]",https://en.wikipedia.org/wiki/Chena_Hot_Springs_%28thermal_mineral_springs%29,Chena Hot Springs (thermal mineral springs),28,excluded,비원자료/비공식 홍보·커뮤니티·백과 또는 주제무관; 수치규칙의 과학근거로 미채택,search_return_screen_only,,search_records/ac-search1.json#turn4search21,
search_return,ac-search1,2026-09-14,web.search_query,"[{""q"": ""surfers wave height period wind preference skill discrete choice study""}, {""q"": ""whitewater rafting flow discharge preference satisfaction Shelby Whittaker study""}, {""q"": ""hot spring bathing water ambient temperature thermal comfort experiment""}, {""q"": ""tidal flat recreation visitor tidal stranding safety study""}]",https://www.reddit.com/r/explainlikeimfive/comments/1hmo7wn,ELI5: Why is 38° perfect for bathing but too hot for air temperature?,28,excluded,비원자료/비공식 홍보·커뮤니티·백과 또는 주제무관; 수치규칙의 과학근거로 미채택,search_return_screen_only,,search_records/ac-search1.json#turn4reddit22,
search_return,ac-search1,2026-09-14,web.search_query,"[{""q"": ""surfers wave height period wind preference skill discrete choice study""}, {""q"": ""whitewater rafting flow discharge preference satisfaction Shelby Whittaker study""}, {""q"": ""hot spring bathing water ambient temperature thermal comfort experiment""}, {""q"": ""tidal flat recreation visitor tidal stranding safety study""}]",https://en.wikipedia.org/wiki/Summer_Lake_Hot_Springs,Summer Lake Hot Springs,28,excluded,비원자료/비공식 홍보·커뮤니티·백과 또는 주제무관; 수치규칙의 과학근거로 미채택,search_return_screen_only,,search_records/ac-search1.json#turn4search23,
search_return,ac-search1,2026-09-14,web.search_query,"[{""q"": ""surfers wave height period wind preference skill discrete choice study""}, {""q"": ""whitewater rafting flow discharge preference satisfaction Shelby Whittaker study""}, {""q"": ""hot spring bathing water ambient temperature thermal comfort experiment""}, {""q"": ""tidal flat recreation visitor tidal stranding safety study""}]",https://en.wikipedia.org/wiki/List_of_hot_springs,List of hot springs,28,excluded,비원자료/비공식 홍보·커뮤니티·백과 또는 주제무관; 수치규칙의 과학근거로 미채택,search_return_screen_only,,search_records/ac-search1.json#turn4search24,
search_return,ac-search1,2026-09-14,web.search_query,"[{""q"": ""surfers wave height period wind preference skill discrete choice study""}, {""q"": ""whitewater rafting flow discharge preference satisfaction Shelby Whittaker study""}, {""q"": ""hot spring bathing water ambient temperature thermal comfort experiment""}, {""q"": ""tidal flat recreation visitor tidal stranding safety study""}]",https://en.wikipedia.org/wiki/Hot_spring,Hot spring,28,excluded,비원자료/비공식 홍보·커뮤니티·백과 또는 주제무관; 수치규칙의 과학근거로 미채택,search_return_screen_only,,search_records/ac-search1.json#turn4search25,
search_return,ac-search1,2026-09-14,web.search_query,"[{""q"": ""surfers wave height period wind preference skill discrete choice study""}, {""q"": ""whitewater rafting flow discharge preference satisfaction Shelby Whittaker study""}, {""q"": ""hot spring bathing water ambient temperature thermal comfort experiment""}, {""q"": ""tidal flat recreation visitor tidal stranding safety study""}]",https://www.reddit.com/r/thermodynamics/comments/1kmvffn,Why can I stay in a sauna longer than a hot spring?,28,excluded,비원자료/비공식 홍보·커뮤니티·백과 또는 주제무관; 수치규칙의 과학근거로 미채택,search_return_screen_only,,search_records/ac-search1.json#turn4reddit26,
search_return,ac-search1,2026-09-14,web.search_query,"[{""q"": ""surfers wave height period wind preference skill discrete choice study""}, {""q"": ""whitewater rafting flow discharge preference satisfaction Shelby Whittaker study""}, {""q"": ""hot spring bathing water ambient temperature thermal comfort experiment""}, {""q"": ""tidal flat recreation visitor tidal stranding safety study""}]",https://en.wikipedia.org/wiki/Lussier_Hot_Springs,Lussier Hot Springs,28,excluded,비원자료/비공식 홍보·커뮤니티·백과 또는 주제무관; 수치규칙의 과학근거로 미채택,search_return_screen_only,,search_records/ac-search1.json#turn4search27,
retrieval_attempt,ac-o01,2026-09-14,web.open/click,직접열람: 429; 후속 Exa로 복구,https://www.mdpi.com/2073-4433/12/3/293,AC-S02,1,access_attempt,429; 후속 Exa로 복구,fetch_failed,AC-S02,search_records/ac-open-log.json#ac-o01,
retrieval_attempt,ac-o02,2026-09-14,web.open/click,직접열람: PDF pp121–127; 방법·평가결과,https://site-media.americanwhitewater.org/Document_516.pdf,AC-S03,1,access_attempt,,full_text_checked,AC-S03,search_records/ac-open-log.json#ac-o02,
retrieval_attempt,ac-o03,2026-09-14,web.open/click,직접열람: Internal Error,https://www.sciencedirect.com/science/article/pii/S0306456519300750,AC-S04,1,access_attempt,Internal Error,fetch_failed,AC-S04,search_records/ac-open-log.json#ac-o03,
retrieval_attempt,ac-o04,2026-09-14,web.open/click,직접열람: 0 lines; Plymouth 초록으로 보완,https://pubmed.ncbi.nlm.nih.gov/24736778/,AC-S01,1,access_attempt,0 lines; Plymouth 초록으로 보완,empty_response,AC-S01,search_records/ac-open-log.json#ac-o04,
retrieval_attempt,ac-o05,2026-09-14,web.open/click,직접열람: Internal Error; 다른 발령문 조회,https://www.kcg.go.kr/inchoncgs/na/ntt/selectNttInfo.do?nttSn=69789,접근시도/서지추적,1,access_attempt,Internal Error; 다른 발령문 조회,fetch_failed,,search_records/ac-open-log.json#ac-o05,
retrieval_attempt,ac-o06,2026-09-14,web.open/click,직접열람: tool non-retryable URL error,https://www.mdpi.com/2073-4433/12/3/293/htm,AC-S02,1,access_attempt,tool non-retryable URL error,fetch_failed,AC-S02,search_records/ac-open-log.json#ac-o06,
retrieval_attempt,ac-o07,2026-09-14,web.open/click,직접열람: 공식 연구기관 초록·서지 확인; 본문 링크 없음,https://researchportal.plymouth.ac.uk/en/publications/the-effect-of-wave-conditions-and-surfer-ability-on-performance-a/,AC-S01,1,access_attempt,,abstract_only,AC-S01,search_records/ac-open-log.json#ac-o07,
retrieval_attempt,ac-o08,2026-09-14,web.open/click,직접열람: 403 Forbidden,https://www.sciencedirect.com/science/article/abs/pii/S0306456519300750,AC-S04,1,access_attempt,403 Forbidden,fetch_failed,AC-S04,search_records/ac-open-log.json#ac-o08,
retrieval_attempt,ac-o09,2026-09-14,web.open/click,직접열람: 2026.03.27 발령문 본문; 적용기간·안전수칙,https://kcg.go.kr/inchoncgs/na/ntt/selectNttInfo.do?nttSn=68060,AC-S07,1,access_attempt,,full_text_checked,AC-S07,search_records/ac-open-log.json#ac-o09,
retrieval_attempt,ac-o10,2026-09-14,web.open/click,직접열람: open lineno500; pp125–131 평가·토의; n128 본문을 채택,https://site-media.americanwhitewater.org/Document_516.pdf,AC-S03,1,access_attempt,,full_text_checked,AC-S03,search_records/ac-open-log.json#ac-o10,
retrieval_attempt,ac-o11,2026-09-14,web.screenshot,직접열람: screenshot pageno4 Internal Error,https://site-media.americanwhitewater.org/Document_516.pdf,AC-S03,1,access_attempt,screenshot pageno4 Internal Error,fetch_failed,AC-S03,search_records/ac-open-log.json#ac-o11,
retrieval_attempt,ac-o12,2026-09-14,web.screenshot,직접열람: screenshot pageno6 Internal Error,https://site-media.americanwhitewater.org/Document_516.pdf,AC-S03,1,access_attempt,screenshot pageno6 Internal Error,fetch_failed,AC-S03,search_records/ac-open-log.json#ac-o12,
retrieval_attempt,ac-o13,2026-09-14,web.open/click,직접열람: 원문대신 image1줄; 동일논문 재수록 후보,https://www.tesisenred.net/bitstream/handle/10803/687266/TESI%20Anna%20Boqu%C3%A9%20Ciurana.pdf?isAllowed=y&sequence=1,AC-S02,1,access_attempt,원문대신 image1줄; 동일논문 재수록 후보,empty_response,AC-S02,search_records/ac-open-log.json#ac-o13,
retrieval_attempt,ac-o14,2026-09-14,web.open/click,직접열람: 출판사 초록과 원문링크 확인,https://www.cogitatiopress.com/oceanandsociety/article/view/9793,AC-S06,1,access_attempt,,abstract_only,AC-S06,search_records/ac-open-log.json#ac-o14,
retrieval_attempt,ac-o15,2026-09-14,web.open/click,직접열람: 0 lines; Waseda 초록으로 보완,https://pubmed.ncbi.nlm.nih.gov/31128663/,AC-S04,1,access_attempt,0 lines; Waseda 초록으로 보완,empty_response,AC-S04,search_records/ac-open-log.json#ac-o15,
retrieval_attempt,ac-o16,2026-09-14,web.open/click,직접열람: Methods/Results/Conclusions 및 서지; 전문미확보,https://pubmed.ncbi.nlm.nih.gov/9737754/,AC-S05,1,access_attempt,,abstract_only,AC-S05,search_records/ac-open-log.json#ac-o16,
retrieval_attempt,ac-o17,2026-09-14,Exa.web_fetch (root assistance),직접열람: 부모가 Exa fetch(maxCharacters75000) 실행; 본 에이전트가 캐시 §2–3.3 실제열람,https://www.mdpi.com/2073-4433/12/3/293,AC-S02,1,access_attempt,,full_text_checked,AC-S02,search_records/ac-open-log.json#ac-o17,
retrieval_attempt,ac-o18,2026-09-14,web.open/click,직접열람: PDF다운로드 링크 확인,https://www.cogitatiopress.com/oceanandsociety/article/view/9793/4313,AC-S06,1,access_attempt,PDF다운로드 링크 확인,pdf_wrapper_only,AC-S06,search_records/ac-open-log.json#ac-o18,
retrieval_attempt,ac-o19,2026-09-14,web.open/click,직접열람: §2방법·§3결과; 총응답/유효응답 구분,https://www.cogitatiopress.com/oceanandsociety/article/download/9793/4313,AC-S06,1,access_attempt,,full_text_checked,AC-S06,search_records/ac-open-log.json#ac-o19,
retrieval_attempt,ac-o20,2026-09-14,web.find,직접열람: find 4.1.; Table3후반 결과,https://www.cogitatiopress.com/oceanandsociety/article/download/9793/4313,AC-S06,1,access_attempt,,full_text_checked,AC-S06,search_records/ac-open-log.json#ac-o20,
retrieval_attempt,ac-o20b,2026-09-14,web.find,직접열람: find 24%; Table1 고난도 귀환문항,https://www.cogitatiopress.com/oceanandsociety/article/download/9793/4313,AC-S06,1,access_attempt,,full_text_checked,AC-S06,search_records/ac-open-log.json#ac-o20b,
retrieval_attempt,ac-o20c,2026-09-14,web.find,직접열람: find experienced tidal cut off; §3.3 자기보고사건,https://www.cogitatiopress.com/oceanandsociety/article/download/9793/4313,AC-S06,1,access_attempt,,full_text_checked,AC-S06,search_records/ac-open-log.json#ac-o20c,
retrieval_attempt,ac-o21,2026-09-14,web.open/click,직접열람: open lineno600; Table3 및 §4; 2022각주/2023윤리승인 불일치 발견,https://www.cogitatiopress.com/oceanandsociety/article/download/9793/4313,AC-S06,1,access_attempt,,full_text_checked,AC-S06,search_records/ac-open-log.json#ac-o21,
retrieval_attempt,ac-o22,2026-09-14,web.open/click,직접열람: 수심·현지가이드곡선·일내변동 재구성,https://pubmed.ncbi.nlm.nih.gov/27887836/,AC-S08,1,access_attempt,,abstract_only,AC-S08,search_records/ac-open-log.json#ac-o22,
retrieval_attempt,ac-o23,2026-09-14,web.open/click,직접열람: 403 Forbidden,https://www.sciencedirect.com/science/article/abs/pii/S0048969716324895,AC-S08,1,access_attempt,403 Forbidden,fetch_failed,AC-S08,search_records/ac-open-log.json#ac-o23,
retrieval_attempt,ac-o24,2026-09-14,web.open/click,직접열람: 두 방온도×동일물온도 실험 초록 및 서지,https://waseda.elsevierpure.com/en/publications/thermal-and-cardiovascular-responses-and-thermal-sensation-during/,AC-S04,1,access_attempt,,abstract_only,AC-S04,search_records/ac-open-log.json#ac-o24,
retrieval_attempt,ac-o25,2026-09-14,web.open/click,직접열람: 파일은 Solo gestori archivio/All rights reserved; 전문 미열람,https://iris.unitn.it/handle/11572/177725,AC-S08,1,access_attempt,파일은 Solo gestori archivio/All rights reserved; 전문 미열람,metadata_only,AC-S08,search_records/ac-open-log.json#ac-o25,
retrieval_attempt,ac-o26,2026-09-14,web.open/click,직접열람: 400 Timeout fetching,https://www.research-collection.ethz.ch/handle/20.500.11850/125471,AC-S08,1,access_attempt,400 Timeout fetching,fetch_failed,AC-S08,search_records/ac-open-log.json#ac-o26,
retrieval_attempt,ac-o27,2026-09-14,web.open/click,직접열람: 429 Too Many Requests,https://www.mdpi.com/2071-1050/14/14/8496,AC-S09,1,access_attempt,429 Too Many Requests,fetch_failed,AC-S09,search_records/ac-open-log.json#ac-o27,
retrieval_attempt,ac-o28,2026-09-14,Exa.web_fetch (root assistance),직접열람: 부모 Exa fetch(maxCharacters75000); 본 에이전트 §3–6/식1–2/Table2–3 실제열람; units용어검색,https://www.mdpi.com/2071-1050/14/14/8496,AC-S09,1,access_attempt,,full_text_checked,AC-S09,search_records/ac-open-log.json#ac-o28,
retrieval_attempt,ac-o29,2026-09-14,web.open/click,직접열람: Hutt2001 원문추적; Google Tag Manager1줄; 효과미추출,https://www.jstor.org/stable/25736206,접근시도/서지추적,1,access_attempt,Hutt2001 원문추적; Google Tag Manager1줄; 효과미추출,empty_response,,search_records/ac-open-log.json#ac-o29,
retrieval_attempt,ac-o30,2026-09-14,web.open/click,직접열람: Hutt 저자/제목/연도/쪽수 확인; not available electronically,https://ref.coastalrestorationtrust.org.nz/documents/classification-of-surf-breaks-in-relation-to-surfing-skill/,접근시도/서지추적,1,access_attempt,Hutt 저자/제목/연도/쪽수 확인; not available electronically,metadata_only,,search_records/ac-open-log.json#ac-o30,
search_return,ac-q18,2026-09-14,web.search_query,"""Assessing preferences of beach users for certain aspects of weather and ocean conditions""",https://pubmed.ncbi.nlm.nih.gov/22661009/,Assessing preferences of beach users for certain aspects of weather and ocean conditions: case studies from Australia - PubMed,18,selected_for_review,,search_return_screen_only,AC-S10,search_records/ac-q18.json#turn89search0,
search_return,ac-q18,2026-09-14,web.search_query,"""Assessing preferences of beach users for certain aspects of weather and ocean conditions""",https://www.researchgate.net/publication/225097957_Assessing_preferences_of_beach_users_for_certain_aspects_of_weather_and_ocean_conditions_case_studies_from_Australia,Assessing preferences of beach users for certain aspects of weather and ocean conditions: case studies from Australia,18,duplicate_or_alternative_access,같은논문 서지·재게시; 독립표본 아님,search_return_screen_only,AC-S10,search_records/ac-q18.json#turn89search1,
search_return,ac-q18,2026-09-14,web.search_query,"""Assessing preferences of beach users for certain aspects of weather and ocean conditions""",https://agris.fao.org/search/en/records/65e009620f3e94b9e5deb595,Assessing preferences of beach users for certain aspects of weather and ocean conditions: case studies from Australia,18,duplicate_or_alternative_access,같은논문 서지·재게시; 독립표본 아님,search_return_screen_only,AC-S10,search_records/ac-q18.json#turn89search2,
search_return,ac-q18,2026-09-14,web.search_query,"""Assessing preferences of beach users for certain aspects of weather and ocean conditions""",https://agris.fao.org/search/ar/records/65e009620f3e94b9e5deb595,Assessing preferences of beach users for certain aspects of weather and ocean conditions: case studies from Australia,18,duplicate_or_alternative_access,같은논문 서지·재게시; 독립표본 아님,search_return_screen_only,AC-S10,search_records/ac-q18.json#turn89search3,
search_return,ac-q18,2026-09-14,web.search_query,"""Assessing preferences of beach users for certain aspects of weather and ocean conditions""",https://agris.fao.org/search/es/records/65e009620f3e94b9e5deb595,Assessing preferences of beach users for certain aspects of weather and ocean conditions: case studies from Australia,18,duplicate_or_alternative_access,같은논문 서지·재게시; 독립표본 아님,search_return_screen_only,AC-S10,search_records/ac-q18.json#turn89search4,
search_return,ac-q18,2026-09-14,web.search_query,"""Assessing preferences of beach users for certain aspects of weather and ocean conditions""",https://research.unsw.edu.au/projects/sarccm-publications-year,SARCCM publications by year | UNSW Research,18,duplicate_or_alternative_access,같은논문 서지·재게시; 독립표본 아님,search_return_screen_only,AC-S10,search_records/ac-q18.json#turn89search5,
search_return,ac-q18,2026-09-14,web.search_query,"""Assessing preferences of beach users for certain aspects of weather and ocean conditions""",https://openalex.org/W1982132370,Assessing preferences of beach users for certain aspects of weather and ocean conditions: case studies from Australia,18,duplicate_or_alternative_access,같은논문 서지·재게시; 독립표본 아님,search_return_screen_only,AC-S10,search_records/ac-q18.json#turn89search6,
search_return,ac-q18,2026-09-14,web.search_query,"""Assessing preferences of beach users for certain aspects of weather and ocean conditions""",https://academic.oup.com/ooih/article/doi/10.1093/ooih/ouae003/7755366,Therapeutic and restorative landscapes: including preferences for bluespaces in planning urban infrastructure | Oxford Open Infrastructure and Health | Oxford Academic,18,not_prioritized,한정 보완검색의 다른 주변연구·뉴스; 원문미열람,search_return_screen_only,,search_records/ac-q18.json#turn89search7,
search_return,ac-q18,2026-09-14,web.search_query,"""Assessing preferences of beach users for certain aspects of weather and ocean conditions""",https://research.unsw.edu.au/people/professor-xiao-hua-wang/publications?page=3,Select Publications by Professor Xiao Hua Wang | UNSW Research,18,duplicate_or_alternative_access,같은논문 서지·재게시; 독립표본 아님,search_return_screen_only,AC-S10,search_records/ac-q18.json#turn89search8,
search_return,ac-q18,2026-09-14,web.search_query,"""Assessing preferences of beach users for certain aspects of weather and ocean conditions""",https://www.researchgate.net/publication/397149593_Artificial_intelligence-based_monitoring_of_occupancy_and_stay_duration_on_urban_beaches_Analyzing_climate_influence_in_Benidorm_Spain,Artificial intelligence-based monitoring of occupancy and stay duration on urban beaches: Analyzing climate influence in Benidorm (Spain) | Request PDF,18,not_prioritized,한정 보완검색의 다른 주변연구·뉴스; 원문미열람,search_return_screen_only,,search_records/ac-q18.json#turn89search9,
search_return,ac-q18,2026-09-14,web.search_query,"""Assessing preferences of beach users for certain aspects of weather and ocean conditions""",https://www.researchgate.net/publication/276961440_Monitoring_beach_usage_with_a_coastal_video_imaging_system_an_application_at_Paralia_Katerinis_Greece,"(PDF) Monitoring beach usage with a coastal video imaging system: an application at Paralia Katerinis, Greece",18,not_prioritized,한정 보완검색의 다른 주변연구·뉴스; 원문미열람,search_return_screen_only,,search_records/ac-q18.json#turn89search10,
search_return,ac-q18,2026-09-14,web.search_query,"""Assessing preferences of beach users for certain aspects of weather and ocean conditions""",https://www.theguardian.com/education/2015/mar/09/beach-study-tourists-like-good-weather,Beach study shows tourists like good weather | Research | The Guardian,18,not_prioritized,한정 보완검색의 다른 주변연구·뉴스; 원문미열람,search_return_screen_only,,search_records/ac-q18.json#turn89search11,
search_return,ac-q18,2026-09-14,web.search_query,"""Assessing preferences of beach users for certain aspects of weather and ocean conditions""",https://fiocom.fio.org.cn/pdf/Prof.Xiao%20Hua%20Wang.pdf,Professor Xiao Hua Wang,18,duplicate_or_alternative_access,같은논문 서지·재게시; 독립표본 아님,search_return_screen_only,AC-S10,search_records/ac-q18.json#turn89search12,
search_return,ac-q18,2026-09-14,web.search_query,"""Assessing preferences of beach users for certain aspects of weather and ocean conditions""",https://pure.plymouth.ac.uk/ws/portalfiles/portal/38883153/Stokes%20et%20al%202017%20Beach%20Risk_Complete%20Revised%20Manuscript.pdf,PEARL Application of multiple linear regression an,18,not_prioritized,한정 보완검색의 다른 주변연구·뉴스; 원문미열람,search_return_screen_only,,search_records/ac-q18.json#turn89search13,
search_return,ac-q18,2026-09-14,web.search_query,"""Assessing preferences of beach users for certain aspects of weather and ocean conditions""",https://researchcommons.waikato.ac.nz/server/api/core/bitstreams/af17baac-ab66-416d-93f2-b91d5cb39366/content,http://researchcommons.waikato.ac.nz/,18,not_prioritized,한정 보완검색의 다른 주변연구·뉴스; 원문미열람,search_return_screen_only,,search_records/ac-q18.json#turn89search14,
search_return,ac-q18,2026-09-14,web.search_query,"""Assessing preferences of beach users for certain aspects of weather and ocean conditions""",https://s3.ap-southeast-1.amazonaws.com/ap-st01.ext.exlibrisgroup.com/61SCU_INST/upload/1767403563843/Provost_EJ_2021_PhD_Redacted.pdf,Please do not remove this page,18,not_prioritized,한정 보완검색의 다른 주변연구·뉴스; 원문미열람 서명형 URL의 인증·만료 쿼리 제거; 자료 미열람,search_return_screen_only,,search_records/ac-q18.json#turn89search15,
search_return,ac-q18,2026-09-14,web.search_query,"""Assessing preferences of beach users for certain aspects of weather and ocean conditions""",https://pure.strath.ac.uk/ws/portalfiles/portal/63673267/Stokes_etal_OCM2017_Application_of_multiple_linear_regression_and_Bayesian_belief.pdf,"International Conference on Environmental Interactions of Marine Renewable Energy Technologies. Stornoway, Isle of Lewis, Outer Hebrides, Scotland.",18,not_prioritized,한정 보완검색의 다른 주변연구·뉴스; 원문미열람,search_return_screen_only,,search_records/ac-q18.json#turn89search16,
search_return,ac-q18,2026-09-14,web.search_query,"""Assessing preferences of beach users for certain aspects of weather and ocean conditions""",https://dergipark.org.tr/en/download/article-file/5065035,"Journal of Architectural Sciences and Applications, 2025, 10 (2), 949-970.",18,not_prioritized,한정 보완검색의 다른 주변연구·뉴스; 원문미열람,search_return_screen_only,,search_records/ac-q18.json#turn89search17,
retrieval_attempt,ac-o31,2026-09-14,web.open,직접열람: PubMed 초록/서지; 3해변 하루3회·수개월 관측,https://pubmed.ncbi.nlm.nih.gov/22661009/,AC-S10,1,access_attempt,전문 구독접근 불가; 초록 범위만 추출,abstract_only,AC-S10,search_records/ac-open-log.json#ac-o31,
retrieval_attempt,ac-o32,2026-09-14,web.open,직접열람: 출판사 구독콘텐츠 미리보기; 원문방법/결과 접근불가,https://link.springer.com/article/10.1007/s00484-012-0556-4,AC-S10,1,access_attempt,전문 구독접근 불가; 초록 범위만 추출,abstract_only,AC-S10,search_records/ac-open-log.json#ac-o32,
retrieval_attempt,ac-o33,2026-09-14,web.find,직접열람: find Access this article; 구독벽 확인,https://link.springer.com/article/10.1007/s00484-012-0556-4,AC-S10,1,access_attempt,전문 구독접근 불가; 초록 범위만 추출,abstract_only,AC-S10,search_records/ac-open-log.json#ac-o33,
retrieval_attempt,ac-o34,2026-09-14,web.find,직접열람: find Abstract; 노출변수·방문객관측 결과 확인,https://link.springer.com/article/10.1007/s00484-012-0556-4,AC-S10,1,access_attempt,전문 구독접근 불가; 초록 범위만 추출,abstract_only,AC-S10,search_records/ac-open-log.json#ac-o34,
retrieval_attempt,ac-o35,2026-09-14,web.find,직접열람: find Methods; 방법본문 없이 초록·서지·Notes만 반환,https://link.springer.com/article/10.1007/s00484-012-0556-4,AC-S10,1,access_attempt,전문 구독접근 불가; 초록 범위만 추출,abstract_only,AC-S10,search_records/ac-open-log.json#ac-o35,
search_return,KR-Q01,2026-09-14,web.run search (웹 검색; DB 직접검색 아님),"""기상요소변화와 해변 관광객 유입간의 관계 분석""",https://www.kci.go.kr/kciportal/ci/sereArticleSearch/ciSereArtiView.kci?sereArticleSearchBean.artiId=ART002472420,기상요소변화와 해변 관광객 유입간의 관계 분석 : 강릉지역을 중심으로,8,include,한국 직접 장소의 해변방문 맥락; 초록 한정,returned_record,KR-S01,working/kr_search_records.json,
search_return,KR-Q01,2026-09-14,web.run search (웹 검색; DB 직접검색 아님),"""기상요소변화와 해변 관광객 유입간의 관계 분석""",https://www.riss.or.kr/search/detail/DetailView.do?control_no=024aad6b731cf4a0e9810257f7042666&p_mat_type=1a0202e37d52c72d,기상요소변화와 해변 관광객 유입간의 관계 분석 : 강릉지역을 중심으로 | RISS,8,duplicate,동일 DOI·동일 연구; 별도 표본 아님,returned_record,KR-S01,working/kr_search_records.json,
search_return,KR-Q01,2026-09-14,web.run search (웹 검색; DB 직접검색 아님),"""기상요소변화와 해변 관광객 유입간의 관계 분석""",https://www.dbpia.co.kr/journal/articleDetail?nodeId=NODE08743987,기상요소변화와 해변 관광객 유입간의 관계 분석 : 강릉지역을 중심으로 | DBpia,8,duplicate,동일 DOI·동일 연구; 원제공 초록 열람용,returned_record,KR-S01,working/kr_search_records.json,
search_return,KR-Q01,2026-09-14,web.run search (웹 검색; DB 직접검색 아님),"""기상요소변화와 해변 관광객 유입간의 관계 분석""",https://www.kci.go.kr/kciportal/po/search/poSereArtiList.kci?sereId=001491&volIsseId=VOL000110737,KCI 관광연구저널 33(5) 목차,8,exclude,논문 본문이 아닌 호목차,returned_record,,working/kr_search_records.json,
search_return,KR-Q01,2026-09-14,web.run search (웹 검색; DB 직접검색 아님),"""기상요소변화와 해변 관광객 유입간의 관계 분석""",https://www.kci.go.kr/kciportal/landing/article.kci?arti_id=ART002509541,강릉의 시공간 관광객 방문지 분석과 관광 서비스 고도화 정책방향 제안,8,exclude,이번 보완질문 해당 논문 아님; 인용문헌 반환,returned_record,,working/kr_search_records.json,
search_return,KR-Q01,2026-09-14,web.run search (웹 검색; DB 직접검색 아님),"""기상요소변화와 해변 관광객 유입간의 관계 분석""",https://www.earticle.net/Search/Result?djl=&page=5&ps=1D20&q=%EA%B9%80%EC%A7%84%EB%8F%99&sf=3,검색결과 - earticle,8,exclude,논문 본문이 아닌 저자 검색목록,returned_record,,working/kr_search_records.json,
search_return,KR-Q01,2026-09-14,web.run search (웹 검색; DB 직접검색 아님),"""기상요소변화와 해변 관광객 유입간의 관계 분석""",https://tour.kangwon.ac.kr/tour/prof/professor.do?key=%24cms%24IwBgTAnAbEA&mode=report&pager.offset=10&reportType=thesis&siteId=,강원대학교 교수 논문목록 (반환 제목 공백),8,exclude,논문 본문이 아닌 실적목록,returned_record,,working/kr_search_records.json,
search_return,KR-Q01,2026-09-14,web.run search (웹 검색; DB 직접검색 아님),"""기상요소변화와 해변 관광객 유입간의 관계 분석""",https://www.dbpia.co.kr/Journal/articleDetail?nodeId=NODE10560978,미세먼지·초미세먼지가 국내 관광수요에 미치는 영향분석 : 국민여행조사자료를 중심으로,8,exclude,이번 보완질문 해당 논문 아님; 인용문헌 반환,returned_record,,working/kr_search_records.json,
search_return,KR-Q02,2026-09-14,web.run search (웹 검색; DB 직접검색 아님),"""10.21298/IJTHR.2019.5.33.5.165"" pdf",https://www.researchgate.net/publication/334202415_Analysis_of_the_relationship_between_changes_in_meteorological_elements_and_beach_visitor_influx_The_case_of_Gangneung_city,Analysis of the relationship between changes in meteorological elements and beach visitor influx : The case of Gangneung city | Request PDF,8,duplicate,동일 연구; 반환 페이지는 No full-text available 명시,returned_record_no_fulltext,KR-S01,working/kr_search_records.json,
search_return,KR-Q02,2026-09-14,web.run search (웹 검색; DB 직접검색 아님),"""10.21298/IJTHR.2019.5.33.5.165"" pdf",https://www.riss.or.kr/search/detail/DetailView.do?control_no=024aad6b731cf4a0e9810257f7042666&p_mat_type=1a0202e37d52c72d,기상요소변화와 해변 관광객 유입간의 관계 분석 : 강릉지역을 중심으로 | RISS,8,duplicate,동일 연구; 유료 원문 제공처 DBpia 표시,returned_record,KR-S01,working/kr_search_records.json,
search_return,KR-Q02,2026-09-14,web.run search (웹 검색; DB 직접검색 아님),"""10.21298/IJTHR.2019.5.33.5.165"" pdf",https://www.kci.go.kr/kciportal/ci/sereArticleSearch/ciSereArtiView.kci?sereArticleSearchBean.artiId=ART002472420,기상요소변화와 해변 관광객 유입간의 관계 분석 : 강릉지역을 중심으로 | KCI,8,duplicate,동일 연구,returned_record,KR-S01,working/kr_search_records.json,
search_return,KR-Q02,2026-09-14,web.run search (웹 검색; DB 직접검색 아님),"""10.21298/IJTHR.2019.5.33.5.165"" pdf",https://www.dbpia.co.kr/journal/articleDetail?nodeId=NODE08743987,기상요소변화와 해변 관광객 유입간의 관계 분석 : 강릉지역을 중심으로 | DBpia,8,duplicate,동일 연구,returned_record,KR-S01,working/kr_search_records.json,
search_return,KR-Q02,2026-09-14,web.run search (웹 검색; DB 직접검색 아님),"""10.21298/IJTHR.2019.5.33.5.165"" pdf",https://www.jccr.re.kr/xml/42629/42629.pdf,"Journal of Climate Change Research 2024, Vol.15 No.5-1 pp.635–652",8,exclude,스키관광 연구의 참고문헌에 DOI; 물활동 결과 아님,returned_record,,working/kr_search_records.json,
search_return,KR-Q02,2026-09-14,web.run search (웹 검색; DB 직접검색 아님),"""10.21298/IJTHR.2019.5.33.5.165"" pdf",https://jccr.re.kr/_PR/view/?aidx=42629&bidx=3865,기후변화가 스키 관광 수요에 미치는 영향: 기상요소의 비선형 효과를 중심으로,8,exclude,스키관광 연구의 참고문헌에 DOI; 물활동 결과 아님,returned_record,,working/kr_search_records.json,
search_return,KR-Q02,2026-09-14,web.run search (웹 검색; DB 직접검색 아님),"""10.21298/IJTHR.2019.5.33.5.165"" pdf",https://jccr.re.kr/xml/42629/42629.pdf,DBPIA-NURIMEDIA (스키관광 PDF),8,exclude,스키관광 연구 중복 URL; 물활동 결과 아님,returned_record,,working/kr_search_records.json,
search_return,KR-Q02,2026-09-14,web.run search (웹 검색; DB 직접검색 아님),"""10.21298/IJTHR.2019.5.33.5.165"" pdf",https://www.jccr.re.kr/_PR/view/?aidx=42629&bidx=3865,기후변화가 스키 관광 수요에 미치는 영향: 기상요소의 비선형 효과를 중심으로,8,exclude,스키관광 연구 중복 URL; 물활동 결과 아님,returned_record,,working/kr_search_records.json,
retrieval_attempt,KR-R01,2026-09-14,web.run open,직접 원출처 상세페이지 열람,https://www.kci.go.kr/kciportal/ci/sereArticleSearch/ciSereArtiView.kci?sereArticleSearchBean.artiId=ART002472420,기상요소변화와 해변 관광객 유입간의 관계 분석 : 강릉지역을 중심으로,1,include_abstract_only,KCI 서지·국영문 초록 확인; 전문 미확인,abstract_checked,KR-S01,working/kr_search_records.json,
retrieval_attempt,KR-R02,2026-09-14,web.run open,DOI resolver 열람,https://doi.org/10.21298/IJTHR.2019.5.33.5.165,기상요소변화와 해변 관광객 유입간의 관계 분석 : 강릉지역을 중심으로,1,access_failed,web 도구 Internal Error; 후속 public HTTP에서 resolver 성공,access_failed,KR-S01,working/kr_search_records.json,
retrieval_attempt,KR-R03,2026-09-14,urllib.request public HTTP,DOI resolver 1회 대체 접근,https://doi.org/10.21298/IJTHR.2019.5.33.5.165,기상요소변화와 해변 관광객 유입간의 관계 분석 : 강릉지역을 중심으로,1,include_abstract_only,HTTP200 DBpia NODE08743987로 redirect. 전체 논문 아님; 계정·유료 접근 없음,landing_metadata_only,KR-S01,working/kr_search_records.json,
retrieval_attempt,KR-R04,2026-09-14,web.run open,DOI가 연결한 저널 원제공 상세페이지 초록 열람,https://www.dbpia.co.kr/journal/articleDetail?nodeId=NODE08743987,기상요소변화와 해변 관광객 유입간의 관계 분석 : 강릉지역을 중심으로,1,include_abstract_only,2019.5/33(5)/165–181/저자/DOI/초록 확인. 전문은 구독확인 필요 표기; PDF 열람 못함,abstract_checked_fulltext_unavailable,KR-S01,working/kr_search_records.json,
retrieval_attempt,KR-R05,2026-09-14,urllib.request public HTTP,KCI 공개 HTML 원문 링크 확인,https://www.kci.go.kr/kciportal/ci/sereArticleSearch/ciSereArtiView.kci?sereArticleSearchBean.artiId=ART002472420,기상요소변화와 해변 관광객 유입간의 관계 분석 : 강릉지역을 중심으로,1,include_abstract_only,"HTTP200; KCI 미리보기/원문찾기 표시, 공개 전문 URL 확보 못함",landing_metadata_only,KR-S01,working/kr_search_records.json,
retrieval_attempt,KR-R06,2026-09-14,web.run open,HC18 원문 PDF 직접 열람,https://www.int-res.com/articles/cr2009/38/c038p061.pdf,"Preferred climates for tourism: case studies from Canada, New Zealand and Sweden",1,access_failed,HTTP401 Unauthorized; PDF 원문 미열람,access_failed,HC-S14,working/hc18_review.json,
retrieval_attempt,KR-R07,2026-09-14,urllib.request public HTTP,같은 공개 PDF URL 일반 HTTP 1회 재시도,https://www.int-res.com/articles/cr2009/38/c038p061.pdf,"Preferred climates for tourism: case studies from Canada, New Zealand and Sweden",1,access_failed,HTTP401 Unauthorized; PDF bytes 미확보; 우회/인증 시도 없음,access_failed,HC-S14,working/hc18_review.json,
retrieval_attempt,KR-R08,2026-09-14,web.run open,HC18 DOI 연결 서지 확인 시도,https://doi.org/10.3354/cr00774,"Preferred climates for tourism: case studies from Canada, New Zealand and Sweden",1,access_failed,non-retryable URL safety error; 서지충돌 해소 못함,access_failed,HC-S14,working/hc18_review.json,
